70.54879667,-149.2139617,7,21,2008,18,58,34,-2.746704,1.00E+25,1.00E+25,SM,0,0,0,INF,-
70.54897833,-149.2152367,7,21,2008,18,58,47,-1.304688,1.00E+25,1.00E+25,SM,0.0319,0.0319,0.0319,8.83608,13
70.54908167,-149.215955,7,21,2008,18,58,57,-2.265991,1.00E+25,1.00E+25,SM,0.018,0.0499,0.0499,6.481322,10
70.54915333,-149.2166883,7,21,2008,18,59,7,-1.785278,1.00E+25,1.00E+25,SM,0.0176,0.0675,0.0675,6.330285,10
70.549015,-149.2171367,7,21,2008,18,59,17,-0.824097,1.00E+25,1.00E+25,SM,0.0141,0.0816,0.0816,5.062559,10
70.54885333,-149.2169267,7,21,2008,18,59,27,1.579346,1.00E+25,1.00E+25,SM,0.0122,0.0937,0.0937,4.381313,10
70.54878833,-149.2164683,7,21,2008,18,59,37,1.579346,1.00E+25,1.00E+25,SM,0.0115,0.1052,0.1052,4.126312,10
70.54879,-149.2157733,7,21,2008,18,59,47,1.098633,1.00E+25,1.00E+25,SM,0.016,0.1212,0.1212,5.756843,10
70.54870667,-149.2150833,7,21,2008,18,59,57,0.618042,1.00E+25,1.00E+25,SM,0.0169,0.1381,0.1381,6.079559,10
70.548545,-149.2146067,7,21,2008,19,0,7,1.098633,1.00E+25,1.00E+25,SM,0.0157,0.1537,0.1537,5.635525,10
70.548295,-149.2144367,7,21,2008,19,0,17,1.098633,1.00E+25,1.00E+25,SM,0.0177,0.1714,0.1714,6.375843,10
70.54810333,-149.2140033,7,21,2008,19,0,27,1.098633,1.00E+25,1.00E+25,SM,0.0166,0.188,0.188,5.96761,10
70.54801833,-149.2132717,7,21,2008,19,0,37,0.618042,1.00E+25,1.00E+25,SM,0.0178,0.2058,0.2058,6.418818,10
70.547945,-149.212495,7,21,2008,19,0,47,1.098633,1.00E+25,1.00E+25,SM,0.0186,0.2244,0.2244,6.686987,10
70.547835,-149.2117883,7,21,2008,19,0,57,2.060059,1.00E+25,1.00E+25,SM,0.0179,0.2424,0.2424,6.46148,10
70.547655,-149.21115,7,21,2008,19,1,8,1.098633,1.00E+25,1.00E+25,SM,0.0192,0.2616,0.2616,6.298657,11
70.54755167,-149.2105983,7,21,2008,19,1,18,0.618042,1.00E+25,1.00E+25,SM,0.0146,0.2762,0.2762,5.24297,10
70.54752833,-149.210035,7,21,2008,19,1,28,0.618042,1.00E+25,1.00E+25,SM,0.0131,0.2892,0.2892,4.702339,10
70.54749,-149.20933,7,21,2008,19,1,38,-0.824097,1.00E+25,1.00E+25,SM,0.0164,0.3057,0.3057,5.91722,10
70.54739167,-149.2084667,7,21,2008,19,1,48,0.618042,1.00E+25,1.00E+25,SM,0.021,0.3267,0.3267,7.558179,10
70.54731333,-149.2077583,7,21,2008,19,1,58,-0.824097,1.00E+25,1.00E+25,SM,0.0172,0.3438,0.3438,6.1826,10
70.54686667,-149.2075267,7,21,2008,19,2,8,-2.265991,1.00E+25,1.00E+25,SM,0.0313,0.3752,0.3752,11.274733,10
70.54684,-149.2067467,7,21,2008,19,2,18,-3.227295,1.00E+25,1.00E+25,SM,0.018,0.3932,0.3932,6.495324,10
70.54678333,-149.2060017,7,21,2008,19,2,28,-3.227295,1.00E+25,1.00E+25,SM,0.0176,0.4108,0.4108,6.330361,10
70.54673667,-149.2052517,7,21,2008,19,2,38,-4.188599,1.00E+25,1.00E+25,SM,0.0176,0.4283,0.4283,6.320387,10
70.54667167,-149.2045233,7,21,2008,19,2,48,-3.707886,1.00E+25,1.00E+25,SM,0.0174,0.4457,0.4457,6.246287,10
70.54659333,-149.2038267,7,21,2008,19,2,58,-3.227295,1.00E+25,1.00E+25,SM,0.0169,0.4626,0.4626,6.091153,10
70.54656167,-149.2031183,7,21,2008,19,3,8,-0.824097,1.00E+25,1.00E+25,SM,0.0164,0.4791,0.4791,5.920405,10
70.546545,-149.2023717,7,21,2008,19,3,18,2.060059,1.00E+25,1.00E+25,SM,0.0172,0.4963,0.4963,6.19921,10
70.546505,-149.20159,7,21,2008,19,3,28,0.618042,1.00E+25,1.00E+25,SM,0.0182,0.5145,0.5145,6.551271,10
70.54642333,-149.200835,7,21,2008,19,3,38,1.579346,1.00E+25,1.00E+25,SM,0.0183,0.5327,0.5327,6.576001,10
70.54634833,-149.2000583,7,21,2008,19,3,48,1.098633,1.00E+25,1.00E+25,SM,0.0186,0.5514,0.5514,6.698902,10
70.54625,-149.1993567,7,21,2008,19,3,58,2.540649,1.00E+25,1.00E+25,SM,0.0175,0.5689,0.5689,6.306275,10
70.54615167,-149.1986233,7,21,2008,19,4,8,3.501953,1.00E+25,1.00E+25,SM,0.0182,0.5871,0.5871,6.548886,10
70.54607333,-149.1978717,7,21,2008,19,4,18,0.618042,1.00E+25,1.00E+25,SM,0.0181,0.6052,0.6052,6.524609,10
70.546,-149.197125,7,21,2008,19,4,28,-0.343384,1.00E+25,1.00E+25,SM,0.0179,0.6231,0.6231,6.448837,10
70.54590167,-149.1964017,7,21,2008,19,4,38,-2.746704,1.00E+25,1.00E+25,SM,0.018,0.6411,0.6411,6.472182,10
70.54578667,-149.1957183,7,21,2008,19,4,48,-2.265991,1.00E+25,1.00E+25,SM,0.0176,0.6587,0.6587,6.342543,10
70.54570667,-149.19502,7,21,2008,19,4,58,-2.746704,1.00E+25,1.00E+25,SM,0.017,0.6757,0.6757,6.117834,10
70.54562833,-149.19432,7,21,2008,19,5,8,-3.707886,1.00E+25,1.00E+25,SM,0.017,0.6927,0.6927,6.117583,10
70.54556167,-149.1935983,7,21,2008,19,5,18,-4.669312,1.00E+25,1.00E+25,SM,0.0172,0.7099,0.7099,6.204227,10
70.54546667,-149.1928917,7,21,2008,19,5,28,-5.149902,1.00E+25,1.00E+25,SM,0.0175,0.7275,0.7275,6.313183,10
70.54551167,-149.191825,7,21,2008,19,5,38,-0.824097,1.00E+25,1.00E+25,SM,0.0247,0.7522,0.7522,8.907262,10
70.545415,-149.1911733,7,21,2008,19,5,48,-0.343384,1.00E+25,1.00E+25,SM,0.0164,0.7686,0.7686,5.90989,10
70.54531667,-149.1904883,7,21,2008,19,5,58,0.137451,1.00E+25,1.00E+25,SM,0.0172,0.7858,0.7858,6.179488,10
70.54522,-149.189795,7,21,2008,19,6,8,-0.343384,1.00E+25,1.00E+25,SM,0.0173,0.8031,0.8031,6.226847,10
70.54512,-149.1891417,7,21,2008,19,6,18,-1.785278,1.00E+25,1.00E+25,SM,0.0165,0.8196,0.8196,5.95672,10
70.54504167,-149.1885033,7,21,2008,19,6,28,0.618042,1.00E+25,1.00E+25,SM,0.0157,0.8353,0.8353,5.635816,10
70.544965,-149.1878083,7,21,2008,19,6,38,0.618042,1.00E+25,1.00E+25,SM,0.0168,0.8521,0.8521,6.065351,10
70.544895,-149.1871217,7,21,2008,19,6,48,-0.343384,1.00E+25,1.00E+25,SM,0.0165,0.8687,0.8687,5.949246,10
70.54484833,-149.186395,7,21,2008,19,6,58,0.137451,1.00E+25,1.00E+25,SM,0.017,0.8857,0.8857,6.131039,10
70.54967333,-149.1691033,7,21,2008,19,7,8,53.490479,1.00E+25,1.00E+25,SM,0.5191,1.4048,1.4048,186.870909,10
70.54954833,-149.16844,7,21,2008,19,7,18,53.971191,1.00E+25,1.00E+25,SM,0.0175,1.4223,1.4223,6.31293,10
70.54942333,-149.167775,7,21,2008,19,7,28,54.451782,1.00E+25,1.00E+25,SM,0.0176,1.4399,1.4399,6.324978,10
70.544435,-149.1834883,7,21,2008,19,7,38,-0.824097,1.00E+25,1.00E+25,SM,0.4995,1.9394,1.9394,179.828868,10
70.54428333,-149.1831,7,21,2008,19,7,48,2.540649,1.00E+25,1.00E+25,SM,0.0138,1.9532,1.9532,4.958083,10
70.54417833,-149.1824517,7,21,2008,19,7,58,1.579346,1.00E+25,1.00E+25,SM,0.0166,1.9698,1.9698,5.97266,10
70.54408,-149.1817583,7,21,2008,19,8,8,1.579346,1.00E+25,1.00E+25,SM,0.0173,1.9871,1.9871,6.243269,10
70.543965,-149.18099,7,21,2008,19,8,18,1.098633,1.00E+25,1.00E+25,SM,0.0194,2.0065,2.0065,6.978775,10
70.54385333,-149.1802417,7,21,2008,19,8,28,0.618042,1.00E+25,1.00E+25,SM,0.0189,2.0254,2.0254,6.793686,10
70.54375167,-149.1796033,7,21,2008,19,8,38,1.098633,1.00E+25,1.00E+25,SM,0.0163,2.0416,2.0416,5.862122,10
70.54364667,-149.1788483,7,21,2008,19,8,48,2.060059,1.00E+25,1.00E+25,SM,0.0188,2.0605,2.0605,6.778587,10
70.54357667,-149.178105,7,21,2008,19,8,58,2.060059,1.00E+25,1.00E+25,SM,0.0178,2.0782,2.0782,6.400011,10
70.54351167,-149.1777033,7,21,2008,19,9,8,1.579346,1.00E+25,1.00E+25,SM,0.0103,2.0885,2.0885,3.699828,10
70.54344,-149.1772317,7,21,2008,19,9,18,1.098633,1.00E+25,1.00E+25,SM,0.0119,2.1005,2.1005,4.295225,10
70.54335,-149.1763717,7,21,2008,19,9,28,0.618042,1.00E+25,1.00E+25,SM,0.0207,2.1212,2.1212,7.468681,10
70.54325167,-149.1756033,7,21,2008,19,9,38,-0.343384,1.00E+25,1.00E+25,SM,0.0189,2.1401,2.1401,6.819558,10
70.54315167,-149.1748483,7,21,2008,19,9,48,-0.343384,1.00E+25,1.00E+25,SM,0.0187,2.1588,2.1588,6.731791,10
70.54304167,-149.1741017,7,21,2008,19,9,58,-0.824097,1.00E+25,1.00E+25,SM,0.0188,2.1776,2.1776,6.764439,10
70.54291,-149.173405,7,21,2008,19,10,8,-0.824097,1.00E+25,1.00E+25,SM,0.0184,2.1961,2.1961,6.636534,10
70.54277667,-149.172615,7,21,2008,19,10,18,-0.343384,1.00E+25,1.00E+25,SM,0.0204,2.2165,2.2165,7.337755,10
70.54266333,-149.1719517,7,21,2008,19,10,28,-0.343384,1.00E+25,1.00E+25,SM,0.0172,2.2336,2.2336,6.176839,10
70.542565,-149.171305,7,21,2008,19,10,38,-1.304688,1.00E+25,1.00E+25,SM,0.0164,2.25,2.25,5.889858,10
70.54247833,-149.1705983,7,21,2008,19,10,48,-1.304688,1.00E+25,1.00E+25,SM,0.0173,2.2673,2.2673,6.239374,10
70.54241667,-149.17002,7,21,2008,19,10,58,-3.227295,1.00E+25,1.00E+25,SM,0.014,2.2813,2.2813,5.031355,10
70.54234167,-149.1692667,7,21,2008,19,11,8,-1.785278,1.00E+25,1.00E+25,SM,0.0181,2.2994,2.2994,6.514661,10
70.54228167,-149.16849,7,21,2008,19,11,18,-2.746704,1.00E+25,1.00E+25,SM,0.0183,2.3177,2.3177,6.605989,10
70.54222333,-149.1679,7,21,2008,19,11,28,-3.227295,1.00E+25,1.00E+25,SM,0.0142,2.3319,2.3319,5.09934,10
70.542155,-149.1671383,7,21,2008,19,11,38,-3.227295,1.00E+25,1.00E+25,SM,0.0182,2.35,2.35,6.535831,10
70.54206167,-149.166405,7,21,2008,19,11,48,-2.746704,1.00E+25,1.00E+25,SM,0.0181,2.3681,2.3681,6.504607,10
70.54195667,-149.16568,7,21,2008,19,11,58,-2.746704,1.00E+25,1.00E+25,SM,0.0182,2.3863,2.3863,6.550384,10
70.54185167,-149.164965,7,21,2008,19,12,8,-1.304688,1.00E+25,1.00E+25,SM,0.018,2.4043,2.4043,6.47451,10
70.54175667,-149.164395,7,21,2008,19,12,18,-2.265991,1.00E+25,1.00E+25,SM,0.0147,2.419,2.419,5.281095,10
70.541645,-149.163705,7,21,2008,19,12,28,-3.227295,1.00E+25,1.00E+25,SM,0.0177,2.4366,2.4366,6.356264,10
70.54150833,-149.16297,7,21,2008,19,12,38,-2.746704,1.00E+25,1.00E+25,SM,0.0194,2.456,2.456,6.974684,10
70.541375,-149.16236,7,21,2008,19,12,48,-1.785278,1.00E+25,1.00E+25,SM,0.0168,2.4728,2.4728,6.04539,10
70.54128,-149.1616733,7,21,2008,19,12,58,-1.785278,1.00E+25,1.00E+25,SM,0.0171,2.4899,2.4899,6.160939,10
70.54120333,-149.1609767,7,21,2008,19,13,8,-0.824097,1.00E+25,1.00E+25,SM,0.0169,2.5068,2.5068,6.079479,10
70.54112833,-149.1602667,7,21,2008,19,13,18,-0.824097,1.00E+25,1.00E+25,SM,0.0171,2.5239,2.5239,6.171845,10
70.54104667,-149.1595667,7,21,2008,19,13,28,-1.785278,1.00E+25,1.00E+25,SM,0.0171,2.541,2.541,6.145732,10
70.54095667,-149.1588633,7,21,2008,19,13,38,-1.785278,1.00E+25,1.00E+25,SM,0.0173,2.5583,2.5583,6.243122,10
70.54087333,-149.158155,7,21,2008,19,13,48,-1.785278,1.00E+25,1.00E+25,SM,0.0173,2.5756,2.5756,6.224673,10
70.5408,-149.1573533,7,21,2008,19,13,58,-2.265991,1.00E+25,1.00E+25,SM,0.0191,2.5948,2.5948,6.88871,10
70.54074,-149.1566283,7,21,2008,19,14,8,-3.227295,1.00E+25,1.00E+25,SM,0.0172,2.612,2.612,6.190164,10
70.54068,-149.1559667,7,21,2008,19,14,18,-3.227295,1.00E+25,1.00E+25,SM,0.0158,2.6278,2.6278,5.682271,10
70.540615,-149.155265,7,21,2008,19,14,28,-2.746704,1.00E+25,1.00E+25,SM,0.0168,2.6445,2.6445,6.034859,10
70.54054333,-149.1545217,7,21,2008,19,14,38,-2.265991,1.00E+25,1.00E+25,SM,0.0178,2.6623,2.6623,6.4123,10
70.54045333,-149.1538083,7,21,2008,19,14,48,-3.227295,1.00E+25,1.00E+25,SM,0.0176,2.6799,2.6799,6.320681,10
70.54036167,-149.15311,7,21,2008,19,14,58,-3.227295,1.00E+25,1.00E+25,SM,0.0173,2.6972,2.6972,6.219699,10
70.540275,-149.152425,7,21,2008,19,15,8,-3.707886,1.00E+25,1.00E+25,SM,0.0169,2.714,2.714,6.071802,10
70.540205,-149.151705,7,21,2008,19,15,18,-3.227295,1.00E+25,1.00E+25,SM,0.0173,2.7313,2.7313,6.21516,10
70.54015667,-149.150995,7,21,2008,19,15,28,-3.227295,1.00E+25,1.00E+25,SM,0.0167,2.748,2.748,6.005016,10
70.54014,-149.150265,7,21,2008,19,15,38,-2.265991,1.00E+25,1.00E+25,SM,0.0168,2.7648,2.7648,6.06337,10
70.54014333,-149.1495033,7,21,2008,19,15,48,-1.785278,1.00E+25,1.00E+25,SM,0.0175,2.7823,2.7823,6.312135,10
70.54014167,-149.14879,7,21,2008,19,15,58,-1.304688,1.00E+25,1.00E+25,SM,0.0164,2.7988,2.7988,5.911219,10
70.54013833,-149.1481233,7,21,2008,19,16,8,-1.304688,1.00E+25,1.00E+25,SM,0.0153,2.8141,2.8141,5.524991,10
70.54008667,-149.1474617,7,21,2008,19,16,18,-4.188599,1.00E+25,1.00E+25,SM,0.0156,2.8298,2.8298,5.63154,10
70.54005667,-149.1467683,7,21,2008,19,16,28,-4.669312,1.00E+25,1.00E+25,SM,0.0161,2.8459,2.8459,5.793619,10
70.54004333,-149.14584,7,21,2008,19,16,38,-3.227295,1.00E+25,1.00E+25,SM,0.0214,2.8672,2.8672,7.699863,10
70.54002167,-149.1451267,7,21,2008,19,16,48,-1.785278,1.00E+25,1.00E+25,SM,0.0165,2.8837,2.8837,5.935623,10
70.53997667,-149.144355,7,21,2008,19,16,58,-2.265991,1.00E+25,1.00E+25,SM,0.018,2.9018,2.9018,6.491726,10
70.53993167,-149.1436783,7,21,2008,19,17,8,-5.149902,1.00E+25,1.00E+25,SM,0.0159,2.9176,2.9176,5.717911,10
70.53985333,-149.1430267,7,21,2008,19,17,18,-6.111206,1.00E+25,1.00E+25,SM,0.0159,2.9336,2.9336,5.740894,10
70.53975667,-149.1423367,7,21,2008,19,17,28,-6.111206,1.00E+25,1.00E+25,SM,0.0172,2.9508,2.9508,6.202805,10
70.53967167,-149.1416983,7,21,2008,19,17,38,-6.111206,1.00E+25,1.00E+25,SM,0.0158,2.9666,2.9666,5.696573,10
70.53960667,-149.1409767,7,21,2008,19,17,48,-6.111206,1.00E+25,1.00E+25,SM,0.0172,2.9839,2.9839,6.194974,10
70.53953167,-149.1402383,7,21,2008,19,17,58,-5.630493,1.00E+25,1.00E+25,SM,0.0178,3.0016,3.0016,6.396493,10
70.53944,-149.1395483,7,21,2008,19,18,8,-3.707886,1.00E+25,1.00E+25,SM,0.0171,3.0187,3.0187,6.155747,10
70.53934333,-149.1388867,7,21,2008,19,18,18,-3.707886,1.00E+25,1.00E+25,SM,0.0166,3.0354,3.0354,5.987168,10
70.53925167,-149.1381867,7,21,2008,19,18,28,-2.746704,1.00E+25,1.00E+25,SM,0.0173,3.0527,3.0527,6.232847,10
70.5392,-149.1374867,7,21,2008,19,18,38,-2.265991,1.00E+25,1.00E+25,SM,0.0165,3.0692,3.0692,5.9415,10
70.539145,-149.1367683,7,21,2008,19,18,48,-2.265991,1.00E+25,1.00E+25,SM,0.017,3.0861,3.0861,6.107969,10
70.539075,-149.1360667,7,21,2008,19,18,58,-1.785278,1.00E+25,1.00E+25,SM,0.0169,3.103,3.103,6.069784,10
70.53901,-149.1353817,7,21,2008,19,19,8,-1.304688,1.00E+25,1.00E+25,SM,0.0164,3.1194,3.1194,5.90235,10
70.53894333,-149.1347533,7,21,2008,19,19,18,-1.304688,1.00E+25,1.00E+25,SM,0.0152,3.1346,3.1346,5.464685,10
70.53886167,-149.13402,7,21,2008,19,19,28,-0.824097,1.00E+25,1.00E+25,SM,0.0178,3.1524,3.1524,6.407686,10
70.53882,-149.1332667,7,21,2008,19,19,38,0.137451,1.00E+25,1.00E+25,SM,0.0176,3.17,3.17,6.32838,10
70.53878667,-149.13255,7,21,2008,19,19,48,0.618042,1.00E+25,1.00E+25,SM,0.0167,3.1866,3.1866,5.996683,10
70.538745,-149.1318267,7,21,2008,19,19,58,0.618042,1.00E+25,1.00E+25,SM,0.0169,3.2035,3.2035,6.083282,10
70.53873333,-149.1310633,7,21,2008,19,20,8,1.579346,1.00E+25,1.00E+25,SM,0.0176,3.2211,3.2211,6.332492,10
70.53870667,-149.1303433,7,21,2008,19,20,18,1.579346,1.00E+25,1.00E+25,SM,0.0167,3.2378,3.2378,6.003491,10
70.538655,-149.129655,7,21,2008,19,20,28,1.579346,1.00E+25,1.00E+25,SM,0.0162,3.254,3.254,5.847295,10
70.538595,-149.1288733,7,21,2008,19,20,38,2.540649,1.00E+25,1.00E+25,SM,0.0185,3.2725,3.2725,6.647502,10
70.53853833,-149.1282167,7,21,2008,19,20,48,3.02124,1.00E+25,1.00E+25,SM,0.0156,3.2881,3.2881,5.6215,10
70.53847,-149.12751,7,21,2008,19,20,58,2.060059,1.00E+25,1.00E+25,SM,0.0169,3.305,3.305,6.097972,10
70.53841833,-149.126825,7,21,2008,19,21,8,2.540649,1.00E+25,1.00E+25,SM,0.0162,3.3212,3.3212,5.820415,10
70.53835167,-149.1261417,7,21,2008,19,21,18,2.060059,1.00E+25,1.00E+25,SM,0.0164,3.3376,3.3376,5.900761,10
70.53826,-149.1254883,7,21,2008,19,21,28,1.579346,1.00E+25,1.00E+25,SM,0.0163,3.3539,3.3539,5.874878,10
70.53818167,-149.1247467,7,21,2008,19,21,38,2.540649,1.00E+25,1.00E+25,SM,0.0179,3.3718,3.3718,6.447879,10
70.53812333,-149.12402,7,21,2008,19,21,48,2.060059,1.00E+25,1.00E+25,SM,0.0172,3.389,3.389,6.194482,10
70.53804667,-149.1234,7,21,2008,19,21,58,0.137451,1.00E+25,1.00E+25,SM,0.0152,3.4043,3.4043,5.480648,10
70.53795,-149.1228017,7,21,2008,19,22,8,-1.304688,1.00E+25,1.00E+25,SM,0.0153,3.4196,3.4196,5.510856,10
70.53784833,-149.1221233,7,21,2008,19,22,18,-0.824097,1.00E+25,1.00E+25,SM,0.0171,3.4367,3.4367,6.164256,10
70.53775,-149.1215067,7,21,2008,19,22,28,-1.785278,1.00E+25,1.00E+25,SM,0.0157,3.4524,3.4524,5.665775,10
70.53763167,-149.12094,7,21,2008,19,22,38,-2.265991,1.00E+25,1.00E+25,SM,0.0154,3.4678,3.4678,5.54243,10
70.5375,-149.1204217,7,21,2008,19,22,48,-2.265991,1.00E+25,1.00E+25,SM,0.015,3.4828,3.4828,5.401777,10
70.53737333,-149.1198283,7,21,2008,19,22,58,-1.785278,1.00E+25,1.00E+25,SM,0.0162,3.499,3.499,5.840113,10
70.53724833,-149.1192083,7,21,2008,19,23,8,-3.227295,1.00E+25,1.00E+25,SM,0.0167,3.5157,3.5157,6.005838,10
70.53715167,-149.1185483,7,21,2008,19,23,18,-3.227295,1.00E+25,1.00E+25,SM,0.0166,3.5323,3.5323,5.975064,10
70.53704667,-149.117915,7,21,2008,19,23,28,-4.188599,1.00E+25,1.00E+25,SM,0.0163,3.5486,3.5486,5.862805,10
70.53693,-149.1172983,7,21,2008,19,23,38,-4.188599,1.00E+25,1.00E+25,SM,0.0163,3.5649,3.5649,5.877227,10
70.53679333,-149.1166867,7,21,2008,19,23,48,-4.669312,1.00E+25,1.00E+25,SM,0.017,3.5819,3.5819,6.103686,10
70.53667333,-149.1160817,7,21,2008,19,23,58,-4.188599,1.00E+25,1.00E+25,SM,0.0162,3.5981,3.5981,5.835367,10
70.53656833,-149.1154933,7,21,2008,19,24,8,-4.188599,1.00E+25,1.00E+25,SM,0.0154,3.6135,3.6135,5.531501,10
70.53642167,-149.1149367,7,21,2008,19,24,18,-4.188599,1.00E+25,1.00E+25,SM,0.0163,3.6298,3.6298,5.881741,10
70.536285,-149.1144383,7,21,2008,19,24,28,-6.591919,1.00E+25,1.00E+25,SM,0.0149,3.6447,3.6447,5.349275,10
70.536125,-149.1138867,7,21,2008,19,24,38,-6.111206,1.00E+25,1.00E+25,SM,0.0168,3.6615,3.6615,6.061731,10
70.53598333,-149.1133033,7,21,2008,19,24,48,-4.669312,1.00E+25,1.00E+25,SM,0.0166,3.6781,3.6781,5.982655,10
70.53587,-149.11269,7,21,2008,19,24,58,-4.669312,1.00E+25,1.00E+25,SM,0.0161,3.6943,3.6943,5.812792,10
70.53578667,-149.1120883,7,21,2008,19,25,8,-6.591919,1.00E+25,1.00E+25,SM,0.015,3.7093,3.7093,5.400437,10
70.53568167,-149.1114483,7,21,2008,19,25,18,-5.630493,1.00E+25,1.00E+25,SM,0.0164,3.7257,3.7257,5.912644,10
70.53558,-149.11082,7,21,2008,19,25,28,-4.669312,1.00E+25,1.00E+25,SM,0.0161,3.7418,3.7418,5.789378,10
70.53548333,-149.110165,7,21,2008,19,25,38,-5.630493,1.00E+25,1.00E+25,SM,0.0165,3.7583,3.7583,5.937561,10
70.53539167,-149.10949,7,21,2008,19,25,48,-5.630493,1.00E+25,1.00E+25,SM,0.0168,3.775,3.775,6.041497,10
70.53532833,-149.1087583,7,21,2008,19,25,58,-6.111206,1.00E+25,1.00E+25,SM,0.0174,3.7925,3.7925,6.265694,10
70.53525833,-149.108085,7,21,2008,19,26,8,-8.514648,1.00E+25,1.00E+25,SM,0.0162,3.8087,3.8087,5.846246,10
70.535185,-149.107445,7,21,2008,19,26,18,-5.630493,1.00E+25,1.00E+25,SM,0.0156,3.8243,3.8243,5.609533,10
70.53510333,-149.106805,7,21,2008,19,26,28,-5.630493,1.00E+25,1.00E+25,SM,0.0158,3.8401,3.8401,5.680337,10
70.53505167,-149.1060717,7,21,2008,19,26,38,-4.669312,1.00E+25,1.00E+25,SM,0.0173,3.8573,3.8573,6.212698,10
70.53499167,-149.105355,7,21,2008,19,26,48,-5.149902,1.00E+25,1.00E+25,SM,0.017,3.8743,3.8743,6.124807,10
70.53492167,-149.1046967,7,21,2008,19,26,58,-7.553101,1.00E+25,1.00E+25,SM,0.0159,3.8902,3.8902,5.727766,10
70.53485833,-149.1040367,7,21,2008,19,27,8,-7.553101,1.00E+25,1.00E+25,SM,0.0158,3.906,3.906,5.692847,10
70.53480667,-149.10337,7,21,2008,19,27,18,-6.111206,1.00E+25,1.00E+25,SM,0.0158,3.9218,3.9218,5.673291,10
70.53477333,-149.1026833,7,21,2008,19,27,28,-5.149902,1.00E+25,1.00E+25,SM,0.016,3.9378,3.9378,5.751677,10
70.53476167,-149.1019833,7,21,2008,19,27,38,-5.149902,1.00E+25,1.00E+25,SM,0.0161,3.9539,3.9539,5.809379,10
70.53472,-149.1012833,7,21,2008,19,27,48,-3.227295,1.00E+25,1.00E+25,SM,0.0164,3.9703,3.9703,5.89397,10
70.53467167,-149.10062,7,21,2008,19,27,58,-3.227295,1.00E+25,1.00E+25,SM,0.0156,3.9859,3.9859,5.628128,10
70.53464333,-149.09994,7,21,2008,19,28,8,-2.746704,1.00E+25,1.00E+25,SM,0.0158,4.0017,4.0017,5.680271,10
70.53463833,-149.09923,7,21,2008,19,28,18,-2.746704,1.00E+25,1.00E+25,SM,0.0164,4.0181,4.0181,5.886365,10
70.53461,-149.0985483,7,21,2008,19,28,28,-4.669312,1.00E+25,1.00E+25,SM,0.0158,4.0339,4.0339,5.693988,10
70.53454833,-149.0978917,7,21,2008,19,28,38,-3.707886,1.00E+25,1.00E+25,SM,0.0157,4.0496,4.0496,5.654997,10
70.53448333,-149.0972817,7,21,2008,19,28,48,-4.188599,1.00E+25,1.00E+25,SM,0.0147,4.0643,4.0643,5.308405,10
70.53447667,-149.0966067,7,21,2008,19,28,58,-3.227295,1.00E+25,1.00E+25,SM,0.0155,4.0799,4.0799,5.597444,10
70.53447833,-149.0959017,7,21,2008,19,29,8,-5.630493,1.00E+25,1.00E+25,SM,0.0162,4.0961,4.0961,5.843801,10
70.53443,-149.0952517,7,21,2008,19,29,18,-5.630493,1.00E+25,1.00E+25,SM,0.0153,4.1114,4.1114,5.520275,10
70.53436833,-149.0945883,7,21,2008,19,29,28,-4.669312,1.00E+25,1.00E+25,SM,0.0159,4.1273,4.1273,5.708251,10
70.53429,-149.0939817,7,21,2008,19,29,38,-4.669312,1.00E+25,1.00E+25,SM,0.015,4.1423,4.1423,5.392902,10
70.53419,-149.0933817,7,21,2008,19,29,48,-4.669312,1.00E+25,1.00E+25,SM,0.0154,4.1577,4.1577,5.560709,10
70.53407667,-149.0927633,7,21,2008,19,29,58,-2.746704,1.00E+25,1.00E+25,SM,0.0162,4.174,4.174,5.849466,10
70.53397167,-149.0921817,7,21,2008,19,30,8,-2.746704,1.00E+25,1.00E+25,SM,0.0152,4.1892,4.1892,5.4834,10
70.53385667,-149.0916017,7,21,2008,19,30,18,-2.265991,1.00E+25,1.00E+25,SM,0.0155,4.2047,4.2047,5.594286,10
70.53372667,-149.0910183,7,21,2008,19,30,28,-2.265991,1.00E+25,1.00E+25,SM,0.0162,4.2209,4.2209,5.816912,10
70.53357833,-149.0904867,7,21,2008,19,30,38,-2.265991,1.00E+25,1.00E+25,SM,0.016,4.2369,4.2369,5.747655,10
70.53343333,-149.0900033,7,21,2008,19,30,48,-2.265991,1.00E+25,1.00E+25,SM,0.015,4.2518,4.2518,5.39073,10
70.53329,-149.08944,7,21,2008,19,30,58,-0.343384,1.00E+25,1.00E+25,SM,0.0163,4.2682,4.2682,5.87507,10
70.53316333,-149.08889,7,21,2008,19,31,8,-0.824097,1.00E+25,1.00E+25,SM,0.0154,4.2836,4.2836,5.541894,10
70.53310333,-149.0882583,7,21,2008,19,31,18,1.098633,1.00E+25,1.00E+25,SM,0.0151,4.2987,4.2987,5.444684,10
70.533035,-149.0876267,7,21,2008,19,31,28,1.579346,1.00E+25,1.00E+25,SM,0.0153,4.314,4.314,5.505126,10
70.53295667,-149.0870333,7,21,2008,19,31,38,-0.343384,1.00E+25,1.00E+25,SM,0.0147,4.3287,4.3287,5.2903,10
70.532875,-149.0863683,7,21,2008,19,31,48,1.098633,1.00E+25,1.00E+25,SM,0.0163,4.345,4.345,5.874886,10
70.532835,-149.0856883,7,21,2008,19,31,58,1.098633,1.00E+25,1.00E+25,SM,0.0159,4.3609,4.3609,5.724017,10
70.53274667,-149.0851183,7,21,2008,19,32,8,0.618042,1.00E+25,1.00E+25,SM,0.0145,4.3754,4.3754,5.210916,10
70.53267333,-149.0844667,7,21,2008,19,32,18,0.137451,1.00E+25,1.00E+25,SM,0.0158,4.3912,4.3912,5.7017,10
70.53263167,-149.0838467,7,21,2008,19,32,28,-2.746704,1.00E+25,1.00E+25,SM,0.0146,4.4058,4.4058,5.243018,10
70.53261,-149.0831017,7,21,2008,19,32,38,-3.707886,1.00E+25,1.00E+25,SM,0.0172,4.423,4.423,6.199245,10
70.53257833,-149.0824033,7,21,2008,19,32,48,-1.785278,1.00E+25,1.00E+25,SM,0.0162,4.4392,4.4392,5.842274,10
70.53251,-149.08178,7,21,2008,19,32,58,-1.304688,1.00E+25,1.00E+25,SM,0.0151,4.4543,4.4543,5.439592,10
70.53248833,-149.080965,7,21,2008,19,33,8,-1.304688,1.00E+25,1.00E+25,SM,0.0188,4.4732,4.4732,6.77755,10
70.532425,-149.0803083,7,21,2008,19,33,18,-1.304688,1.00E+25,1.00E+25,SM,0.0157,4.4889,4.4889,5.66693,10
70.53236833,-149.0796933,7,21,2008,19,33,28,-1.304688,1.00E+25,1.00E+25,SM,0.0147,4.5036,4.5036,5.289436,10
70.532395,-149.0787767,7,21,2008,19,33,38,-3.227295,1.00E+25,1.00E+25,SM,0.0212,4.5248,4.5248,7.627812,10
70.53238333,-149.0781667,7,21,2008,19,33,48,-2.265991,1.00E+25,1.00E+25,SM,0.0141,4.5388,4.5388,5.065052,10
70.53235833,-149.07755,7,21,2008,19,33,58,-1.304688,1.00E+25,1.00E+25,SM,0.0143,4.5531,4.5531,5.149684,10
70.53233667,-149.0767517,7,21,2008,19,34,8,-2.265991,1.00E+25,1.00E+25,SM,0.0184,4.5716,4.5716,6.639885,10
70.53226167,-149.0762217,7,21,2008,19,34,18,-0.824097,1.00E+25,1.00E+25,SM,0.0133,4.5849,4.5849,4.773223,10
70.53218333,-149.0756133,7,21,2008,19,34,28,1.098633,1.00E+25,1.00E+25,SM,0.015,4.5999,4.5999,5.406275,10
70.53209,-149.075045,7,21,2008,19,34,38,0.137451,1.00E+25,1.00E+25,SM,0.0146,4.6145,4.6145,5.252303,10
70.53200167,-149.07443,7,21,2008,19,34,48,-1.785278,1.00E+25,1.00E+25,SM,0.0154,4.6299,4.6299,5.551566,10
70.53193,-149.0737867,7,21,2008,19,34,58,-1.785278,1.00E+25,1.00E+25,SM,0.0156,4.6455,4.6455,5.6232,10
70.531865,-149.0731583,7,21,2008,19,35,8,-3.707886,1.00E+25,1.00E+25,SM,0.0151,4.6606,4.6606,5.453987,10
70.53182167,-149.07249,7,21,2008,19,35,18,-3.707886,1.00E+25,1.00E+25,SM,0.0157,4.6763,4.6763,5.64432,10
70.53177,-149.0718567,7,21,2008,19,35,28,-1.785278,1.00E+25,1.00E+25,SM,0.015,4.6913,4.6913,5.405309,10
70.53169167,-149.0713033,7,21,2008,19,35,38,-1.304688,1.00E+25,1.00E+25,SM,0.0138,4.7052,4.7052,4.983789,10
70.53167667,-149.07059,7,21,2008,19,35,48,-1.785278,1.00E+25,1.00E+25,SM,0.0165,4.7216,4.7216,5.925302,10
70.53161667,-149.0699467,7,21,2008,19,35,58,-1.785278,1.00E+25,1.00E+25,SM,0.0154,4.737,4.737,5.53813,10
70.53158667,-149.0692667,7,21,2008,19,36,8,-0.343384,1.00E+25,1.00E+25,SM,0.0158,4.7528,4.7528,5.686406,10
70.53154167,-149.0686333,7,21,2008,19,36,18,0.618042,1.00E+25,1.00E+25,SM,0.0149,4.7677,4.7677,5.368359,10
70.53147,-149.0680433,7,21,2008,19,36,28,1.098633,1.00E+25,1.00E+25,SM,0.0145,4.7822,4.7822,5.205867,10
70.53143833,-149.0673683,7,21,2008,19,36,38,0.618042,1.00E+25,1.00E+25,SM,0.0157,4.7979,4.7979,5.650987,10
70.531375,-149.06673,7,21,2008,19,36,48,1.098633,1.00E+25,1.00E+25,SM,0.0153,4.8132,4.8132,5.521367,10
70.531295,-149.0660817,7,21,2008,19,36,58,0.137451,1.00E+25,1.00E+25,SM,0.0159,4.8292,4.8292,5.731315,10
70.53119,-149.0653033,7,21,2008,19,37,8,-8.514648,1.00E+25,1.00E+25,SM,0.0193,4.8485,4.8485,6.961058,10
70.53107333,-149.064795,7,21,2008,19,37,18,-6.591919,1.00E+25,1.00E+25,SM,0.0142,4.8627,4.8627,5.116705,10
70.53097833,-149.0642683,7,21,2008,19,37,28,-7.07251,1.00E+25,1.00E+25,SM,0.0138,4.8765,4.8765,4.964633,10
70.53089167,-149.063735,7,21,2008,19,37,38,-4.669312,1.00E+25,1.00E+25,SM,0.0137,4.8902,4.8902,4.919024,10
70.53079,-149.063175,7,21,2008,19,37,48,-4.188599,1.00E+25,1.00E+25,SM,0.0147,4.9048,4.9048,5.286649,10
70.53067167,-149.0625933,7,21,2008,19,37,58,-3.707886,1.00E+25,1.00E+25,SM,0.0157,4.9205,4.9205,5.649565,10
70.53054333,-149.0620117,7,21,2008,19,38,8,-1.304688,1.00E+25,1.00E+25,SM,0.0161,4.9366,4.9366,5.783077,10
70.53044667,-149.0614483,7,21,2008,19,38,18,-0.824097,1.00E+25,1.00E+25,SM,0.0146,4.9512,4.9512,5.252925,10
70.53036,-149.0608167,7,21,2008,19,38,28,0.137451,1.00E+25,1.00E+25,SM,0.0157,4.9669,4.9669,5.663194,10
70.53026333,-149.0601983,7,21,2008,19,38,38,0.618042,1.00E+25,1.00E+25,SM,0.0157,4.9826,4.9826,5.662219,10
70.53019,-149.05957,7,21,2008,19,38,48,-0.343384,1.00E+25,1.00E+25,SM,0.0153,4.998,4.998,5.519391,10
70.53011667,-149.0589283,7,21,2008,19,38,58,-1.304688,1.00E+25,1.00E+25,SM,0.0156,5.0136,5.0136,5.623858,10
70.53002333,-149.05831,7,21,2008,19,39,8,-0.343384,1.00E+25,1.00E+25,SM,0.0156,5.0292,5.0292,5.627567,10
70.52993167,-149.057675,7,21,2008,19,39,18,1.098633,1.00E+25,1.00E+25,SM,0.0159,5.0452,5.0452,5.737143,10
70.52985167,-149.057035,7,21,2008,19,39,28,-0.343384,1.00E+25,1.00E+25,SM,0.0157,5.0609,5.0609,5.666933,10
70.52977333,-149.0564033,7,21,2008,19,39,38,2.060059,1.00E+25,1.00E+25,SM,0.0155,5.0764,5.0764,5.587724,10
70.52967833,-149.0558167,7,21,2008,19,39,48,1.579346,1.00E+25,1.00E+25,SM,0.015,5.0915,5.0915,5.407559,10
70.52959833,-149.0551883,7,21,2008,19,39,58,0.618042,1.00E+25,1.00E+25,SM,0.0155,5.1069,5.1069,5.576531,10
70.529525,-149.0545483,7,21,2008,19,40,8,1.098633,1.00E+25,1.00E+25,SM,0.0156,5.1225,5.1225,5.610936,10
70.52945167,-149.0539117,7,21,2008,19,40,18,2.060059,1.00E+25,1.00E+25,SM,0.0155,5.138,5.138,5.584826,10
70.52939,-149.05328,7,21,2008,19,40,28,2.540649,1.00E+25,1.00E+25,SM,0.0152,5.1532,5.1532,5.457114,10
70.52933167,-149.0526333,7,21,2008,19,40,38,3.501953,1.00E+25,1.00E+25,SM,0.0154,5.1686,5.1686,5.554356,10
70.529255,-149.0520233,7,21,2008,19,40,48,5.905273,1.00E+25,1.00E+25,SM,0.015,5.1836,5.1836,5.405083,10
70.52916833,-149.0513867,7,21,2008,19,40,58,3.982666,1.00E+25,1.00E+25,SM,0.0158,5.1995,5.1995,5.701835,10
70.529085,-149.0507383,7,21,2008,19,41,8,3.982666,1.00E+25,1.00E+25,SM,0.016,5.2155,5.2155,5.761173,10
70.52899333,-149.0501133,7,21,2008,19,41,18,4.463257,1.00E+25,1.00E+25,SM,0.0157,5.2312,5.2312,5.66138,10
70.52888667,-149.0495033,7,21,2008,19,41,28,3.02124,1.00E+25,1.00E+25,SM,0.0159,5.2471,5.2471,5.711273,10
70.52877667,-149.0488967,7,21,2008,19,41,38,2.540649,1.00E+25,1.00E+25,SM,0.0159,5.263,5.263,5.72599,10
70.52868,-149.04828,7,21,2008,19,41,48,3.02124,1.00E+25,1.00E+25,SM,0.0157,5.2787,5.2787,5.650074,10
70.528595,-149.0476617,7,21,2008,19,41,58,2.540649,1.00E+25,1.00E+25,SM,0.0154,5.2941,5.2941,5.545609,10
70.528485,-149.04706,7,21,2008,19,42,8,2.540649,1.00E+25,1.00E+25,SM,0.0158,5.3099,5.3099,5.68967,10
70.52838667,-149.04646,7,21,2008,19,42,18,2.540649,1.00E+25,1.00E+25,SM,0.0154,5.3253,5.3253,5.543568,10
70.52829333,-149.045835,7,21,2008,19,42,28,2.540649,1.00E+25,1.00E+25,SM,0.0158,5.3411,5.3411,5.678366,10
70.52818,-149.0452533,7,21,2008,19,42,38,3.02124,1.00E+25,1.00E+25,SM,0.0155,5.3566,5.3566,5.586291,10
70.52809333,-149.04465,7,21,2008,19,42,48,2.060059,1.00E+25,1.00E+25,SM,0.0151,5.3717,5.3717,5.447227,10
70.52803333,-149.0440133,7,21,2008,19,42,58,3.02124,1.00E+25,1.00E+25,SM,0.0152,5.3869,5.3869,5.485827,10
70.52796167,-149.04337,7,21,2008,19,43,8,0.618042,1.00E+25,1.00E+25,SM,0.0156,5.4026,5.4026,5.624191,10
70.52789167,-149.042735,7,21,2008,19,43,18,-0.343384,1.00E+25,1.00E+25,SM,0.0154,5.418,5.418,5.545563,10
70.52782167,-149.0420933,7,21,2008,19,43,28,0.137451,1.00E+25,1.00E+25,SM,0.0156,5.4335,5.4335,5.598089,10
70.52773167,-149.0414683,7,21,2008,19,43,38,0.618042,1.00E+25,1.00E+25,SM,0.0157,5.4492,5.4492,5.645108,10
70.52762167,-149.0408617,7,21,2008,19,43,48,0.618042,1.00E+25,1.00E+25,SM,0.0159,5.4651,5.4651,5.726242,10
70.52752833,-149.04025,7,21,2008,19,43,58,1.579346,1.00E+25,1.00E+25,SM,0.0155,5.4806,5.4806,5.577833,10
70.52744167,-149.0396267,7,21,2008,19,44,8,1.579346,1.00E+25,1.00E+25,SM,0.0156,5.4962,5.4962,5.600056,10
70.52736,-149.0389967,7,21,2008,19,44,18,2.060059,1.00E+25,1.00E+25,SM,0.0156,5.5117,5.5117,5.604872,10
70.52728,-149.0383733,7,21,2008,19,44,28,2.060059,1.00E+25,1.00E+25,SM,0.0154,5.5271,5.5271,5.538377,10
70.52719167,-149.0377433,7,21,2008,19,44,38,2.540649,1.00E+25,1.00E+25,SM,0.0157,5.5429,5.5429,5.667117,10
70.52710167,-149.037115,7,21,2008,19,44,48,2.540649,1.00E+25,1.00E+25,SM,0.0158,5.5586,5.5586,5.67064,10
70.527045,-149.0364783,7,21,2008,19,44,58,2.540649,1.00E+25,1.00E+25,SM,0.0152,5.5738,5.5738,5.464102,10
70.52701167,-149.0358417,7,21,2008,19,45,8,3.982666,1.00E+25,1.00E+25,SM,0.0148,5.5886,5.5886,5.343901,10
70.52697667,-149.0351617,7,21,2008,19,45,18,4.463257,1.00E+25,1.00E+25,SM,0.0158,5.6045,5.6045,5.705327,10
70.52691333,-149.03451,7,21,2008,19,45,28,3.501953,1.00E+25,1.00E+25,SM,0.0156,5.6201,5.6201,5.628538,10
70.52683,-149.0338833,7,21,2008,19,45,38,3.982666,1.00E+25,1.00E+25,SM,0.0155,5.6357,5.6357,5.594474,10
70.52675,-149.0332433,7,21,2008,19,45,48,3.02124,1.00E+25,1.00E+25,SM,0.0157,5.6514,5.6514,5.667693,10
70.52668333,-149.0326033,7,21,2008,19,45,58,3.501953,1.00E+25,1.00E+25,SM,0.0154,5.6668,5.6668,5.559951,10
70.52661,-149.0319533,7,21,2008,19,46,8,3.982666,1.00E+25,1.00E+25,SM,0.0158,5.6826,5.6826,5.690139,10
70.52654,-149.03131,7,21,2008,19,46,18,3.982666,1.00E+25,1.00E+25,SM,0.0156,5.6982,5.6982,5.611545,10
70.52649333,-149.030655,7,21,2008,19,46,28,2.540649,1.00E+25,1.00E+25,SM,0.0154,5.7137,5.7137,5.553997,10
70.52644167,-149.0299933,7,21,2008,19,46,38,3.501953,1.00E+25,1.00E+25,SM,0.0157,5.7293,5.7293,5.635138,10
70.526355,-149.0293633,7,21,2008,19,46,48,2.540649,1.00E+25,1.00E+25,SM,0.0157,5.745,5.745,5.651374,10
70.52625667,-149.0287517,7,21,2008,19,46,58,1.579346,1.00E+25,1.00E+25,SM,0.0156,5.7607,5.7607,5.631018,10
70.52616833,-149.0281417,7,21,2008,19,47,8,2.060059,1.00E+25,1.00E+25,SM,0.0153,5.776,5.776,5.514861,10
70.52609833,-149.0275067,7,21,2008,19,47,18,2.540649,1.00E+25,1.00E+25,SM,0.0154,5.7914,5.7914,5.546005,10
70.52604167,-149.026865,7,21,2008,19,47,28,2.540649,1.00E+25,1.00E+25,SM,0.0153,5.8067,5.8067,5.504424,10
70.52599,-149.0262267,7,21,2008,19,47,38,1.579346,1.00E+25,1.00E+25,SM,0.0151,5.8218,5.8218,5.447047,10
70.525955,-149.025565,7,21,2008,19,47,48,3.501953,1.00E+25,1.00E+25,SM,0.0154,5.8372,5.8372,5.55541,10
70.52589667,-149.0249067,7,21,2008,19,47,58,3.02124,1.00E+25,1.00E+25,SM,0.0157,5.8529,5.8529,5.648676,10
70.52580833,-149.0242917,7,21,2008,19,48,8,2.540649,1.00E+25,1.00E+25,SM,0.0154,5.8683,5.8683,5.552997,10
70.52568167,-149.0237483,7,21,2008,19,48,18,3.02124,1.00E+25,1.00E+25,SM,0.0153,5.8836,5.8836,5.497884,10
70.52553833,-149.0232383,7,21,2008,19,48,28,2.540649,1.00E+25,1.00E+25,SM,0.0154,5.899,5.899,5.531428,10
70.52541167,-149.0226817,7,21,2008,19,48,38,3.982666,1.00E+25,1.00E+25,SM,0.0155,5.9145,5.9145,5.588903,10
70.5253,-149.022095,7,21,2008,19,48,48,2.540649,1.00E+25,1.00E+25,SM,0.0156,5.9301,5.9301,5.602051,10
70.52521833,-149.021475,7,21,2008,19,48,58,3.02124,1.00E+25,1.00E+25,SM,0.0154,5.9454,5.9454,5.528178,10
70.52514167,-149.0208417,7,21,2008,19,49,8,2.060059,1.00E+25,1.00E+25,SM,0.0155,5.9609,5.9609,5.587518,10
70.525065,-149.0202167,7,21,2008,19,49,18,3.02124,1.00E+25,1.00E+25,SM,0.0153,5.9763,5.9763,5.522631,10
70.524975,-149.0196217,7,21,2008,19,49,28,1.579346,1.00E+25,1.00E+25,SM,0.0151,5.9913,5.9913,5.418264,10
70.52489667,-149.019015,7,21,2008,19,49,38,0.618042,1.00E+25,1.00E+25,SM,0.015,6.0063,6.0063,5.395077,10
70.524835,-149.01838,7,21,2008,19,49,48,0.618042,1.00E+25,1.00E+25,SM,0.0152,6.0216,6.0216,5.484778,10
70.52477333,-149.0177433,7,21,2008,19,49,58,-0.343384,1.00E+25,1.00E+25,SM,0.0153,6.0368,6.0368,5.498065,10
70.524715,-149.0170967,7,21,2008,19,50,8,1.098633,1.00E+25,1.00E+25,SM,0.0154,6.0523,6.0523,5.555535,10
70.524655,-149.0164117,7,21,2008,19,50,18,3.501953,1.00E+25,1.00E+25,SM,0.0163,6.0686,6.0686,5.873395,10
70.52459667,-149.0157583,7,21,2008,19,50,28,3.501953,1.00E+25,1.00E+25,SM,0.0156,6.0842,6.0842,5.608951,10
70.52454333,-149.01511,7,21,2008,19,50,38,3.02124,1.00E+25,1.00E+25,SM,0.0154,6.0995,6.0995,5.537821,10
70.52449667,-149.0144483,7,21,2008,19,50,48,3.02124,1.00E+25,1.00E+25,SM,0.0156,6.1151,6.1151,5.608598,10
70.52442667,-149.0138167,7,21,2008,19,50,58,2.060059,1.00E+25,1.00E+25,SM,0.0153,6.1305,6.1305,5.520179,10
70.524345,-149.013195,7,21,2008,19,51,8,3.982666,1.00E+25,1.00E+25,SM,0.0154,6.1459,6.1459,5.541242,10
70.524245,-149.0125867,7,21,2008,19,51,18,3.501953,1.00E+25,1.00E+25,SM,0.0156,6.1615,6.1615,5.624793,10
70.52416833,-149.0119683,7,21,2008,19,51,28,3.02124,1.00E+25,1.00E+25,SM,0.0152,6.1767,6.1767,5.470992,10
70.52412333,-149.011305,7,21,2008,19,51,38,2.060059,1.00E+25,1.00E+25,SM,0.0156,6.1923,6.1923,5.613808,10
70.52408667,-149.0106467,7,21,2008,19,51,48,3.02124,1.00E+25,1.00E+25,SM,0.0154,6.2076,6.2076,5.535288,10
70.52404667,-149.0099917,7,21,2008,19,51,58,2.060059,1.00E+25,1.00E+25,SM,0.0153,6.223,6.223,5.522368,10
70.52401833,-149.00933,7,21,2008,19,52,8,2.540649,1.00E+25,1.00E+25,SM,0.0154,6.2384,6.2384,5.53237,10
70.52399167,-149.0086567,7,21,2008,19,52,18,2.060059,1.00E+25,1.00E+25,SM,0.0156,6.254,6.254,5.623315,10
70.52394333,-149.0079967,7,21,2008,19,52,28,1.579346,1.00E+25,1.00E+25,SM,0.0156,6.2695,6.2695,5.60397,10
70.52387667,-149.0073517,7,21,2008,19,52,38,1.579346,1.00E+25,1.00E+25,SM,0.0156,6.2851,6.2851,5.600246,10
70.52383167,-149.00669,7,21,2008,19,52,48,1.579346,1.00E+25,1.00E+25,SM,0.0156,6.3006,6.3006,5.600342,10
70.5238,-149.0060267,7,21,2008,19,52,58,2.060059,1.00E+25,1.00E+25,SM,0.0154,6.3161,6.3161,5.557282,10
70.52373333,-149.00539,7,21,2008,19,53,8,1.579346,1.00E+25,1.00E+25,SM,0.0154,6.3315,6.3315,5.534309,10
70.52362667,-149.0048117,7,21,2008,19,53,18,0.618042,1.00E+25,1.00E+25,SM,0.0152,6.3467,6.3467,5.481218,10
70.52351667,-149.0042217,7,21,2008,19,53,28,1.098633,1.00E+25,1.00E+25,SM,0.0156,6.3623,6.3623,5.606098,10
70.52343333,-149.0035817,7,21,2008,19,53,38,3.02124,1.00E+25,1.00E+25,SM,0.0158,6.3781,6.3781,5.698141,10
70.52336333,-149.0029883,7,21,2008,19,53,48,1.579346,1.00E+25,1.00E+25,SM,0.0145,6.3926,6.3926,5.219716,10
70.52327833,-149.0023683,7,21,2008,19,53,58,2.060059,1.00E+25,1.00E+25,SM,0.0154,6.408,6.408,5.559634,10
70.52318167,-149.001765,7,21,2008,19,54,8,2.540649,1.00E+25,1.00E+25,SM,0.0154,6.4234,6.4234,5.551458,10
70.52308667,-149.00115,7,21,2008,19,54,18,3.982666,1.00E+25,1.00E+25,SM,0.0156,6.4391,6.4391,5.621294,10
70.52301,-149.0005233,7,21,2008,19,54,28,3.501953,1.00E+25,1.00E+25,SM,0.0154,6.4544,6.4544,5.536099,10
70.52294,-148.99987,7,21,2008,19,54,38,3.02124,1.00E+25,1.00E+25,SM,0.0158,6.4703,6.4703,5.691348,10
70.52286,-148.9992617,7,21,2008,19,54,48,2.060059,1.00E+25,1.00E+25,SM,0.0151,6.4853,6.4853,5.423513,10
70.52279,-148.99862,7,21,2008,19,54,58,2.540649,1.00E+25,1.00E+25,SM,0.0156,6.5009,6.5009,5.599345,10
70.522735,-148.9979633,7,21,2008,19,55,8,2.540649,1.00E+25,1.00E+25,SM,0.0156,6.5165,6.5165,5.615369,10
70.52268,-148.9973,7,21,2008,19,55,18,3.02124,1.00E+25,1.00E+25,SM,0.0157,6.5322,6.5322,5.669024,10
70.52261833,-148.9966467,7,21,2008,19,55,28,2.540649,1.00E+25,1.00E+25,SM,0.0156,6.5479,6.5479,5.631478,10
70.52254667,-148.99601,7,21,2008,19,55,38,3.02124,1.00E+25,1.00E+25,SM,0.0155,6.5633,6.5633,5.573128,10
70.52247333,-148.9953633,7,21,2008,19,55,48,3.982666,1.00E+25,1.00E+25,SM,0.0157,6.5791,6.5791,5.665001,10
70.52241,-148.9947133,7,21,2008,19,55,58,3.501953,1.00E+25,1.00E+25,SM,0.0156,6.5947,6.5947,5.616422,10
70.522365,-148.9940517,7,21,2008,19,56,8,2.540649,1.00E+25,1.00E+25,SM,0.0156,6.6102,6.6102,5.600731,10
70.522335,-148.9933867,7,21,2008,19,56,18,2.060059,1.00E+25,1.00E+25,SM,0.0155,6.6257,6.6257,5.56565,10
70.52231,-148.9927133,7,21,2008,19,56,28,1.098633,1.00E+25,1.00E+25,SM,0.0156,6.6413,6.6413,5.619037,10
70.522255,-148.9920683,7,21,2008,19,56,38,1.098633,1.00E+25,1.00E+25,SM,0.0153,6.6566,6.6566,5.521698,10
70.52217833,-148.9914383,7,21,2008,19,56,48,1.098633,1.00E+25,1.00E+25,SM,0.0155,6.6721,6.6721,5.562261,10
70.52208833,-148.990805,7,21,2008,19,56,58,1.098633,1.00E+25,1.00E+25,SM,0.0159,6.688,6.688,5.709951,10
70.521975,-148.9901833,7,21,2008,19,57,8,3.02124,1.00E+25,1.00E+25,SM,0.0163,6.7043,6.7043,5.876392,10
70.52184667,-148.9896283,7,21,2008,19,57,18,3.02124,1.00E+25,1.00E+25,SM,0.0156,6.7198,6.7198,5.601681,10
70.521755,-148.9890033,7,21,2008,19,57,28,4.463257,1.00E+25,1.00E+25,SM,0.0157,6.7356,6.7356,5.663075,10
70.52168333,-148.9883733,7,21,2008,19,57,38,3.501953,1.00E+25,1.00E+25,SM,0.0153,6.7509,6.7509,5.520981,10
70.52161833,-148.9877533,7,21,2008,19,57,48,3.02124,1.00E+25,1.00E+25,SM,0.015,6.7659,6.7659,5.390529,10
70.52155833,-148.9870917,7,21,2008,19,57,58,4.463257,1.00E+25,1.00E+25,SM,0.0158,6.7817,6.7817,5.687268,10
70.52146333,-148.9864567,7,21,2008,19,58,8,4.463257,1.00E+25,1.00E+25,SM,0.016,6.7977,6.7977,5.772603,10
70.52136167,-148.9858517,7,21,2008,19,58,18,3.982666,1.00E+25,1.00E+25,SM,0.0156,6.8133,6.8133,5.619187,10
70.52128333,-148.9852267,7,21,2008,19,58,28,3.02124,1.00E+25,1.00E+25,SM,0.0154,6.8287,6.8287,5.537988,10
70.52121833,-148.9845767,7,21,2008,19,58,38,3.501953,1.00E+25,1.00E+25,SM,0.0156,6.8443,6.8443,5.628494,10
70.52113167,-148.9839217,7,21,2008,19,58,48,3.982666,1.00E+25,1.00E+25,SM,0.0162,6.8606,6.8606,5.84484,10
70.52104,-148.9833017,7,21,2008,19,58,58,4.463257,1.00E+25,1.00E+25,SM,0.0156,6.8762,6.8762,5.625305,10
70.52095833,-148.9826533,7,21,2008,19,59,8,4.943848,1.00E+25,1.00E+25,SM,0.016,6.8922,6.8922,5.748405,10
70.520905,-148.9819983,7,21,2008,19,59,18,4.943848,1.00E+25,1.00E+25,SM,0.0155,6.9077,6.9077,5.592461,10
70.52085333,-148.98134,7,21,2008,19,59,28,4.463257,1.00E+25,1.00E+25,SM,0.0156,6.9233,6.9233,5.609695,10
70.52079833,-148.9806833,7,21,2008,19,59,38,3.501953,1.00E+25,1.00E+25,SM,0.0156,6.9389,6.9389,5.615873,10
70.52074,-148.9800333,7,21,2008,19,59,48,3.02124,1.00E+25,1.00E+25,SM,0.0155,6.9544,6.9544,5.583245,10
70.52068667,-148.9793767,7,21,2008,19,59,58,3.501953,1.00E+25,1.00E+25,SM,0.0156,6.97,6.97,5.605948,10
70.52063,-148.9787217,7,21,2008,20,0,8,3.02124,1.00E+25,1.00E+25,SM,0.0156,6.9856,6.9856,5.612777,10
70.52057333,-148.9780583,7,21,2008,20,0,18,3.501953,1.00E+25,1.00E+25,SM,0.0158,7.0013,7.0013,5.679725,10
70.52049167,-148.9774067,7,21,2008,20,0,28,3.02124,1.00E+25,1.00E+25,SM,0.016,7.0174,7.0174,5.774394,10
70.520395,-148.9768017,7,21,2008,20,0,38,2.060059,1.00E+25,1.00E+25,SM,0.0155,7.0328,7.0328,5.564542,10
70.52030333,-148.97615,7,21,2008,20,0,48,2.540649,1.00E+25,1.00E+25,SM,0.0163,7.0491,7.0491,5.866563,10
70.52024,-148.97548,7,21,2008,20,0,58,3.02124,1.00E+25,1.00E+25,SM,0.016,7.0652,7.0652,5.776399,10
70.52017833,-148.9748217,7,21,2008,20,1,8,2.540649,1.00E+25,1.00E+25,SM,0.0158,7.0809,7.0809,5.672023,10
70.5201,-148.97418,7,21,2008,20,1,18,3.501953,1.00E+25,1.00E+25,SM,0.0157,7.0967,7.0967,5.667887,10
70.520015,-148.9735333,7,21,2008,20,1,28,3.02124,1.00E+25,1.00E+25,SM,0.016,7.1127,7.1127,5.765594,10
70.519945,-148.9728833,7,21,2008,20,1,38,2.540649,1.00E+25,1.00E+25,SM,0.0157,7.1284,7.1284,5.665793,10
70.51991833,-148.9722,7,21,2008,20,1,48,2.060059,1.00E+25,1.00E+25,SM,0.0159,7.1443,7.1443,5.706808,10
70.51986667,-148.9715267,7,21,2008,20,1,58,2.060059,1.00E+25,1.00E+25,SM,0.0159,7.1602,7.1602,5.731139,10
70.51977667,-148.970865,7,21,2008,20,2,8,3.02124,1.00E+25,1.00E+25,SM,0.0165,7.1767,7.1767,5.927428,10
70.51969,-148.970205,7,21,2008,20,2,18,4.463257,1.00E+25,1.00E+25,SM,0.0163,7.193,7.193,5.88377,10
70.51961833,-148.9695517,7,21,2008,20,2,28,3.02124,1.00E+25,1.00E+25,SM,0.0158,7.2089,7.2089,5.705011,10
70.51957333,-148.9688833,7,21,2008,20,2,38,3.501953,1.00E+25,1.00E+25,SM,0.0157,7.2246,7.2246,5.655667,10
70.51953,-148.9682117,7,21,2008,20,2,48,3.982666,1.00E+25,1.00E+25,SM,0.0158,7.2403,7.2403,5.674765,10
70.51946,-148.967565,7,21,2008,20,2,58,3.02124,1.00E+25,1.00E+25,SM,0.0157,7.256,7.256,5.63961,10
70.51936833,-148.9669417,7,21,2008,20,3,8,2.540649,1.00E+25,1.00E+25,SM,0.0157,7.2717,7.2717,5.650981,10
70.51928,-148.96627,7,21,2008,20,3,18,3.02124,1.00E+25,1.00E+25,SM,0.0166,7.2883,7.2883,5.989109,10
70.51917833,-148.9656433,7,21,2008,20,3,28,2.060059,1.00E+25,1.00E+25,SM,0.0161,7.3044,7.3044,5.780737,10
70.51905833,-148.9650683,7,21,2008,20,3,38,1.579346,1.00E+25,1.00E+25,SM,0.0156,7.32,7.32,5.62667,10
70.51893667,-148.964495,7,21,2008,20,3,48,1.098633,1.00E+25,1.00E+25,SM,0.0157,7.3357,7.3357,5.637126,10
70.518825,-148.963895,7,21,2008,20,3,58,0.618042,1.00E+25,1.00E+25,SM,0.0158,7.3515,7.3515,5.699723,10
70.51873167,-148.9632517,7,21,2008,20,4,8,1.579346,1.00E+25,1.00E+25,SM,0.0162,7.3677,7.3677,5.819731,10
70.51866333,-148.9626033,7,21,2008,20,4,18,1.579346,1.00E+25,1.00E+25,SM,0.0157,7.3833,7.3833,5.640332,10
70.51856833,-148.961975,7,21,2008,20,4,28,0.618042,1.00E+25,1.00E+25,SM,0.0159,7.3992,7.3992,5.722876,10
70.51845833,-148.96137,7,21,2008,20,4,38,0.137451,1.00E+25,1.00E+25,SM,0.0159,7.4151,7.4151,5.716098,10
70.51835833,-148.9607583,7,21,2008,20,4,48,0.618042,1.00E+25,1.00E+25,SM,0.0157,7.4308,7.4308,5.650923,10
70.51826667,-148.9601333,7,21,2008,20,4,58,0.137451,1.00E+25,1.00E+25,SM,0.0157,7.4465,7.4465,5.663892,10
70.51815833,-148.9595133,7,21,2008,20,5,8,0.618042,1.00E+25,1.00E+25,SM,0.0161,7.4627,7.4627,5.806365,10
70.51804667,-148.95896,7,21,2008,20,5,18,-1.304688,1.00E+25,1.00E+25,SM,0.0149,7.4776,7.4776,5.365155,10
70.517965,-148.9583033,7,21,2008,20,5,28,-0.824097,1.00E+25,1.00E+25,SM,0.0161,7.4937,7.4937,5.813871,10
70.517875,-148.9576583,7,21,2008,20,5,38,-0.343384,1.00E+25,1.00E+25,SM,0.0161,7.5098,7.5098,5.800117,10
70.51775667,-148.9570733,7,21,2008,20,5,48,-0.824097,1.00E+25,1.00E+25,SM,0.0158,7.5256,7.5256,5.675815,10
70.51759833,-148.9565583,7,21,2008,20,5,58,-0.343384,1.00E+25,1.00E+25,SM,0.0161,7.5417,7.5417,5.810594,10
70.51745833,-148.956015,7,21,2008,20,6,8,0.137451,1.00E+25,1.00E+25,SM,0.0158,7.5576,7.5576,5.695876,10
70.51737333,-148.9554933,7,21,2008,20,6,18,-2.746704,1.00E+25,1.00E+25,SM,0.0134,7.5709,7.5709,4.816515,10
70.51732,-148.9547867,7,21,2008,20,6,28,-1.304688,1.00E+25,1.00E+25,SM,0.0167,7.5876,7.5876,6.010645,10
70.51728333,-148.9540917,7,21,2008,20,6,38,-0.343384,1.00E+25,1.00E+25,SM,0.0162,7.6039,7.6039,5.83734,10
70.51724,-148.9533933,7,21,2008,20,6,48,-0.824097,1.00E+25,1.00E+25,SM,0.0164,7.6202,7.6202,5.892731,10
70.51719667,-148.95272,7,21,2008,20,6,58,-0.824097,1.00E+25,1.00E+25,SM,0.0158,7.636,7.636,5.68897,10
70.51716167,-148.9520433,7,21,2008,20,7,8,-0.343384,1.00E+25,1.00E+25,SM,0.0158,7.6518,7.6518,5.680698,10
70.51710833,-148.9513633,7,21,2008,20,7,18,-0.343384,1.00E+25,1.00E+25,SM,0.0161,7.6679,7.6679,5.79514,10
70.51702667,-148.950715,7,21,2008,20,7,28,-0.343384,1.00E+25,1.00E+25,SM,0.016,7.6839,7.6839,5.749381,10
70.516925,-148.95005,7,21,2008,20,7,38,1.098633,1.00E+25,1.00E+25,SM,0.0169,7.7007,7.7007,6.068829,10
70.51684833,-148.9493483,7,21,2008,20,7,48,4.463257,1.00E+25,1.00E+25,SM,0.017,7.7177,7.7177,6.125478,10
70.51681333,-148.9486967,7,21,2008,20,7,58,2.540649,1.00E+25,1.00E+25,SM,0.0152,7.733,7.733,5.475933,10
70.51681,-148.948035,7,21,2008,20,8,8,1.098633,1.00E+25,1.00E+25,SM,0.0152,7.7482,7.7482,5.48988,10
70.51681167,-148.9473583,7,21,2008,20,8,18,0.137451,1.00E+25,1.00E+25,SM,0.0156,7.7638,7.7638,5.613848,10
70.51679333,-148.9466833,7,21,2008,20,8,28,0.137451,1.00E+25,1.00E+25,SM,0.0156,7.7794,7.7794,5.618408,10
70.516755,-148.9460083,7,21,2008,20,8,38,0.618042,1.00E+25,1.00E+25,SM,0.0158,7.7952,7.7952,5.680474,10
70.51670167,-148.9453267,7,21,2008,20,8,48,0.618042,1.00E+25,1.00E+25,SM,0.0161,7.8113,7.8113,5.808711,10
70.51662667,-148.94467,7,21,2008,20,8,58,0.618042,1.00E+25,1.00E+25,SM,0.016,7.8273,7.8273,5.75837,10
70.51654833,-148.9440133,7,21,2008,20,9,8,1.579346,1.00E+25,1.00E+25,SM,0.0161,7.8434,7.8434,5.785782,10
70.51649667,-148.9433417,7,21,2008,20,9,18,1.098633,1.00E+25,1.00E+25,SM,0.0159,7.8593,7.8593,5.718569,10
70.51645333,-148.942675,7,21,2008,20,9,28,0.618042,1.00E+25,1.00E+25,SM,0.0157,7.8749,7.8749,5.634874,10
70.51639833,-148.942005,7,21,2008,20,9,38,0.618042,1.00E+25,1.00E+25,SM,0.0159,7.8908,7.8908,5.72437,10
70.51634,-148.9413517,7,21,2008,20,9,48,-0.343384,1.00E+25,1.00E+25,SM,0.0156,7.9064,7.9064,5.611084,10
70.51628167,-148.9406733,7,21,2008,20,9,58,-0.824097,1.00E+25,1.00E+25,SM,0.0161,7.9226,7.9226,5.8117,10
70.51622333,-148.9399817,7,21,2008,20,10,8,-1.304688,1.00E+25,1.00E+25,SM,0.0164,7.939,7.939,5.918895,10
70.516155,-148.9392983,7,21,2008,20,10,18,-0.824097,1.00E+25,1.00E+25,SM,0.0164,7.9554,7.9554,5.918491,10
70.51607667,-148.9386433,7,21,2008,20,10,28,-0.824097,1.00E+25,1.00E+25,SM,0.016,7.9715,7.9715,5.772884,10
70.515995,-148.9379767,7,21,2008,20,10,38,0.618042,1.00E+25,1.00E+25,SM,0.0164,7.9878,7.9878,5.892175,10
70.5159,-148.937375,7,21,2008,20,10,48,-0.824097,1.00E+25,1.00E+25,SM,0.0153,8.0032,8.0032,5.522754,10
70.51580167,-148.9367433,7,21,2008,20,10,58,-0.343384,1.00E+25,1.00E+25,SM,0.0161,8.0192,8.0192,5.783298,10
70.51571167,-148.936075,7,21,2008,20,11,8,0.618042,1.00E+25,1.00E+25,SM,0.0166,8.0359,8.0359,5.979699,10
70.51564333,-148.9354183,7,21,2008,20,11,18,0.137451,1.00E+25,1.00E+25,SM,0.0159,8.0517,8.0517,5.707059,10
70.51559833,-148.9347367,7,21,2008,20,11,28,0.618042,1.00E+25,1.00E+25,SM,0.016,8.0677,8.0677,5.765208,10
70.51554667,-148.9340633,7,21,2008,20,11,38,0.137451,1.00E+25,1.00E+25,SM,0.0159,8.0836,8.0836,5.732299,10
70.515475,-148.9334117,7,21,2008,20,11,48,-0.824097,1.00E+25,1.00E+25,SM,0.0158,8.0995,8.0995,5.692929,10
70.51539333,-148.9327,7,21,2008,20,11,58,1.098633,1.00E+25,1.00E+25,SM,0.0173,8.1168,8.1168,6.244118,10
70.51532333,-148.9320317,7,21,2008,20,12,8,1.098633,1.00E+25,1.00E+25,SM,0.0161,8.133,8.133,5.8119,10
70.515255,-148.931375,7,21,2008,20,12,18,0.137451,1.00E+25,1.00E+25,SM,0.0159,8.1488,8.1488,5.707158,10
70.515175,-148.9307333,7,21,2008,20,12,28,-0.343384,1.00E+25,1.00E+25,SM,0.0158,8.1646,8.1646,5.683483,10
70.51509833,-148.9300783,7,21,2008,20,12,38,-0.343384,1.00E+25,1.00E+25,SM,0.016,8.1806,8.1806,5.759272,10
70.51503667,-148.9293917,7,21,2008,20,12,48,-0.824097,1.00E+25,1.00E+25,SM,0.0164,8.197,8.197,5.90002,10
70.514965,-148.92869,7,21,2008,20,12,58,0.137451,1.00E+25,1.00E+25,SM,0.0169,8.2139,8.2139,6.088425,10
70.51488,-148.9279783,7,21,2008,20,13,8,3.02124,1.00E+25,1.00E+25,SM,0.0174,8.2313,8.2313,6.271721,10
70.5148,-148.9273317,7,21,2008,20,13,18,3.02124,1.00E+25,1.00E+25,SM,0.0159,8.2472,8.2472,5.722453,10
70.51471667,-148.92667,7,21,2008,20,13,28,3.501953,1.00E+25,1.00E+25,SM,0.0163,8.2635,8.2635,5.868093,10
70.51463,-148.92606,7,21,2008,20,13,38,2.540649,1.00E+25,1.00E+25,SM,0.0153,8.2788,8.2788,5.501126,10
70.51454167,-148.9254033,7,21,2008,20,13,48,2.060059,1.00E+25,1.00E+25,SM,0.0163,8.2951,8.2951,5.874717,10
70.51445167,-148.9247917,7,21,2008,20,13,58,0.618042,1.00E+25,1.00E+25,SM,0.0154,8.3105,8.3105,5.546832,10
70.51436167,-148.9241517,7,21,2008,20,14,8,0.137451,1.00E+25,1.00E+25,SM,0.016,8.3265,8.3265,5.762722,10
70.51427667,-148.9234517,7,21,2008,20,14,18,1.098633,1.00E+25,1.00E+25,SM,0.0172,8.3437,8.3437,6.180839,10
70.51419,-148.9227867,7,21,2008,20,14,28,1.098633,1.00E+25,1.00E+25,SM,0.0165,8.3601,8.3601,5.923775,10
70.51410167,-148.9221467,7,21,2008,20,14,38,0.137451,1.00E+25,1.00E+25,SM,0.016,8.3761,8.3761,5.746808,10
70.51401167,-148.921485,7,21,2008,20,14,48,0.618042,1.00E+25,1.00E+25,SM,0.0165,8.3926,8.3926,5.928873,10
70.51393167,-148.9208133,7,21,2008,20,14,58,0.618042,1.00E+25,1.00E+25,SM,0.0164,8.409,8.409,5.917595,10
70.51384667,-148.9201967,7,21,2008,20,15,8,-1.304688,1.00E+25,1.00E+25,SM,0.0154,8.4244,8.4244,5.536277,10
70.51375667,-148.9195733,7,21,2008,20,15,18,-2.265991,1.00E+25,1.00E+25,SM,0.0157,8.4401,8.4401,5.635696,10
70.51366333,-148.9189417,7,21,2008,20,15,28,-0.824097,1.00E+25,1.00E+25,SM,0.0159,8.456,8.456,5.732314,10
70.51357833,-148.9182617,7,21,2008,20,15,38,-0.824097,1.00E+25,1.00E+25,SM,0.0167,8.4727,8.4727,6.025356,10
70.51349333,-148.9175817,7,21,2008,20,15,48,-0.343384,1.00E+25,1.00E+25,SM,0.0167,8.4894,8.4894,6.025378,10
70.51339833,-148.9169017,7,21,2008,20,15,58,0.618042,1.00E+25,1.00E+25,SM,0.017,8.5064,8.5064,6.117117,10
70.513305,-148.9162367,7,21,2008,20,16,8,0.618042,1.00E+25,1.00E+25,SM,0.0166,8.5231,8.5231,5.986334,10
70.513215,-148.9155817,7,21,2008,20,16,18,0.618042,1.00E+25,1.00E+25,SM,0.0163,8.5394,8.5394,5.877887,10
70.51313167,-148.91492,7,21,2008,20,16,28,0.137451,1.00E+25,1.00E+25,SM,0.0163,8.5557,8.5557,5.868494,10
70.51304167,-148.9142817,7,21,2008,20,16,38,-0.343384,1.00E+25,1.00E+25,SM,0.016,8.5717,8.5717,5.7503,10
70.51294667,-148.9136217,7,21,2008,20,16,48,0.137451,1.00E+25,1.00E+25,SM,0.0166,8.5882,8.5882,5.964505,10
70.51285667,-148.91295,7,21,2008,20,16,58,-0.343384,1.00E+25,1.00E+25,SM,0.0167,8.6049,8.6049,6.00608,10
70.512765,-148.9122883,7,21,2008,20,17,8,-0.824097,1.00E+25,1.00E+25,SM,0.0165,8.6214,8.6214,5.944962,10
70.51267,-148.9116267,7,21,2008,20,17,18,-0.824097,1.00E+25,1.00E+25,SM,0.0166,8.638,8.638,5.977275,10
70.51257333,-148.9109833,7,21,2008,20,17,28,-1.304688,1.00E+25,1.00E+25,SM,0.0163,8.6543,8.6543,5.854777,10
70.51248667,-148.9102833,7,21,2008,20,17,38,-0.824097,1.00E+25,1.00E+25,SM,0.0172,8.6715,8.6715,6.195623,10
70.51239667,-148.9096517,7,21,2008,20,17,48,-2.746704,1.00E+25,1.00E+25,SM,0.0158,8.6873,8.6873,5.699541,10
70.51230833,-148.9089667,7,21,2008,20,17,58,-1.304688,1.00E+25,1.00E+25,SM,0.0169,8.7043,8.7043,6.093957,10
70.51222,-148.90834,7,21,2008,20,18,8,-4.188599,1.00E+25,1.00E+25,SM,0.0157,8.72,8.72,5.645187,10
70.51213167,-148.9076333,7,21,2008,20,18,18,-1.304688,1.00E+25,1.00E+25,SM,0.0174,8.7373,8.7373,6.262036,10
70.51204833,-148.9069233,7,21,2008,20,18,28,0.137451,1.00E+25,1.00E+25,SM,0.0173,8.7547,8.7547,6.245598,10
70.511965,-148.9062583,7,21,2008,20,18,38,0.137451,1.00E+25,1.00E+25,SM,0.0164,8.7711,8.7711,5.894675,10
70.51186833,-148.9055867,7,21,2008,20,18,48,0.618042,1.00E+25,1.00E+25,SM,0.0169,8.7879,8.7879,6.070086,10
70.511785,-148.9049,7,21,2008,20,18,58,1.098633,1.00E+25,1.00E+25,SM,0.0168,8.8048,8.8048,6.063362,10
70.51169333,-148.9042483,7,21,2008,20,19,8,0.618042,1.00E+25,1.00E+25,SM,0.0163,8.8211,8.8211,5.868679,10
70.51161167,-148.903565,7,21,2008,20,19,18,1.098633,1.00E+25,1.00E+25,SM,0.0167,8.8378,8.8378,6.023314,10
70.51151833,-148.902915,7,21,2008,20,19,28,-0.343384,1.00E+25,1.00E+25,SM,0.0163,8.8541,8.8541,5.872246,10
70.51142833,-148.90228,7,21,2008,20,19,38,-0.824097,1.00E+25,1.00E+25,SM,0.0159,8.87,8.87,5.72522,10
70.51134167,-148.9016,7,21,2008,20,19,48,-0.343384,1.00E+25,1.00E+25,SM,0.0168,8.8868,8.8868,6.040609,10
70.51125,-148.9009133,7,21,2008,20,19,58,0.137451,1.00E+25,1.00E+25,SM,0.017,8.9039,8.9039,6.137452,10
70.51115667,-148.900255,7,21,2008,20,20,8,-0.343384,1.00E+25,1.00E+25,SM,0.0165,8.9203,8.9203,5.935917,10
70.51107,-148.8996033,7,21,2008,20,20,18,-1.304688,1.00E+25,1.00E+25,SM,0.0162,8.9365,8.9365,5.821643,10
70.51098667,-148.8989233,7,21,2008,20,20,28,-0.824097,1.00E+25,1.00E+25,SM,0.0167,8.9532,8.9532,6.011612,10
70.51090167,-148.8982417,7,21,2008,20,20,38,-0.824097,1.00E+25,1.00E+25,SM,0.0168,8.97,8.97,6.039007,10
70.51081833,-148.897535,7,21,2008,20,20,48,-0.343384,1.00E+25,1.00E+25,SM,0.0173,8.9873,8.9873,6.219848,10
70.510735,-148.896845,7,21,2008,20,20,58,0.618042,1.00E+25,1.00E+25,SM,0.0169,9.0042,9.0042,6.089642,10
70.51065167,-148.89617,7,21,2008,20,21,8,0.137451,1.00E+25,1.00E+25,SM,0.0166,9.0208,9.0208,5.972768,10
70.51057333,-148.8954933,7,21,2008,20,21,18,-0.343384,1.00E+25,1.00E+25,SM,0.0165,9.0373,9.0373,5.94384,10
70.510505,-148.8948017,7,21,2008,20,21,28,0.618042,1.00E+25,1.00E+25,SM,0.0166,9.0539,9.0539,5.986281,10
70.51042333,-148.8941483,7,21,2008,20,21,38,-0.343384,1.00E+25,1.00E+25,SM,0.0161,9.07,9.07,5.789858,10
70.510355,-148.89344,7,21,2008,20,21,48,0.137451,1.00E+25,1.00E+25,SM,0.017,9.087,9.087,6.119068,10
70.5103,-148.89276,7,21,2008,20,21,58,-0.343384,1.00E+25,1.00E+25,SM,0.0161,9.1031,9.1031,5.806611,10
70.51024,-148.8920167,7,21,2008,20,22,8,1.579346,1.00E+25,1.00E+25,SM,0.0176,9.1207,9.1207,6.346723,10
70.51016167,-148.8913117,7,21,2008,20,22,18,2.540649,1.00E+25,1.00E+25,SM,0.0171,9.1379,9.1379,6.166571,10
70.51009833,-148.8905833,7,21,2008,20,22,28,3.02124,1.00E+25,1.00E+25,SM,0.0174,9.1552,9.1552,6.246235,10
70.510035,-148.8899183,7,21,2008,20,22,38,2.060059,1.00E+25,1.00E+25,SM,0.0159,9.1712,9.1712,5.73918,10
70.50996333,-148.88926,7,21,2008,20,22,48,2.540649,1.00E+25,1.00E+25,SM,0.016,9.1871,9.1871,5.746896,10
70.50989167,-148.8885667,7,21,2008,20,22,58,1.579346,1.00E+25,1.00E+25,SM,0.0167,9.2039,9.2039,6.023724,10
70.50982167,-148.8878667,7,21,2008,20,23,8,2.060059,1.00E+25,1.00E+25,SM,0.0168,9.2207,9.2207,6.064582,10
70.50974833,-148.8871467,7,21,2008,20,23,18,3.02124,1.00E+25,1.00E+25,SM,0.0174,9.2381,9.2381,6.247478,10
70.50968833,-148.8864367,7,21,2008,20,23,28,3.501953,1.00E+25,1.00E+25,SM,0.0169,9.255,9.255,6.078357,10
70.50964667,-148.8856917,7,21,2008,20,23,38,5.424561,1.00E+25,1.00E+25,SM,0.0174,9.2724,9.2724,6.269036,10
70.509575,-148.8850433,7,21,2008,20,23,48,3.982666,1.00E+25,1.00E+25,SM,0.0157,9.2881,9.2881,5.668157,10
70.50949833,-148.8843783,7,21,2008,20,23,58,3.02124,1.00E+25,1.00E+25,SM,0.0162,9.3043,9.3043,5.839065,10
70.50943,-148.88368,7,21,2008,20,24,8,3.982666,1.00E+25,1.00E+25,SM,0.0168,9.3211,9.3211,6.039644,10
70.50934833,-148.8829683,7,21,2008,20,24,18,3.501953,1.00E+25,1.00E+25,SM,0.0173,9.3385,9.3385,6.245783,10
70.50927167,-148.8823017,7,21,2008,20,24,28,2.540649,1.00E+25,1.00E+25,SM,0.0163,9.3547,9.3547,5.852198,10
70.509215,-148.8815833,7,21,2008,20,24,38,2.060059,1.00E+25,1.00E+25,SM,0.017,9.3717,9.3717,6.12595,10
70.509155,-148.880875,7,21,2008,20,24,48,2.060059,1.00E+25,1.00E+25,SM,0.0168,9.3886,9.3886,6.065099,10
70.50909,-148.880175,7,21,2008,20,24,58,2.060059,1.00E+25,1.00E+25,SM,0.0168,9.4053,9.4053,6.030255,10
70.50902833,-148.8794817,7,21,2008,20,25,8,2.060059,1.00E+25,1.00E+25,SM,0.0165,9.4219,9.4219,5.955095,10
70.50896667,-148.8787367,7,21,2008,20,25,18,3.982666,1.00E+25,1.00E+25,SM,0.0177,9.4396,9.4396,6.370399,10
70.50888667,-148.8780633,7,21,2008,20,25,28,3.02124,1.00E+25,1.00E+25,SM,0.0165,9.456,9.456,5.93193,10
70.50880833,-148.8773667,7,21,2008,20,25,38,2.540649,1.00E+25,1.00E+25,SM,0.0169,9.473,9.473,6.101362,10
70.50873167,-148.8766883,7,21,2008,20,25,48,2.060059,1.00E+25,1.00E+25,SM,0.0165,9.4895,9.4895,5.943963,10
70.50864667,-148.8760083,7,21,2008,20,25,58,1.579346,1.00E+25,1.00E+25,SM,0.0167,9.5062,9.5062,6.026641,10
70.50856333,-148.875335,7,21,2008,20,26,8,1.098633,1.00E+25,1.00E+25,SM,0.0166,9.5228,9.5228,5.960338,10
70.50847667,-148.8746633,7,21,2008,20,26,18,1.098633,1.00E+25,1.00E+25,SM,0.0166,9.5394,9.5394,5.976795,10
70.50840167,-148.87398,7,21,2008,20,26,28,0.618042,1.00E+25,1.00E+25,SM,0.0166,9.556,9.556,5.970285,10
70.50833,-148.87328,7,21,2008,20,26,38,0.137451,1.00E+25,1.00E+25,SM,0.0169,9.5729,9.5729,6.077022,10
70.50825833,-148.87257,7,21,2008,20,26,48,0.618042,1.00E+25,1.00E+25,SM,0.0171,9.59,9.59,6.156434,10
70.50817167,-148.871905,7,21,2008,20,26,58,-0.343384,1.00E+25,1.00E+25,SM,0.0165,9.6064,9.6064,5.9253,10
70.50808667,-148.8712233,7,21,2008,20,27,8,0.137451,1.00E+25,1.00E+25,SM,0.0168,9.6232,9.6232,6.039743,10
70.50801167,-148.870475,7,21,2008,20,27,18,1.579346,1.00E+25,1.00E+25,SM,0.018,9.6412,9.6412,6.485048,10
70.50793,-148.8698167,7,21,2008,20,27,28,1.098633,1.00E+25,1.00E+25,SM,0.0162,9.6574,9.6574,5.829362,10
70.50786333,-148.8691083,7,21,2008,20,27,38,1.098633,1.00E+25,1.00E+25,SM,0.017,9.6744,9.6744,6.108378,10
70.50779,-148.86842,7,21,2008,20,27,48,0.618042,1.00E+25,1.00E+25,SM,0.0167,9.691,9.691,5.997144,10
70.50771,-148.8677117,7,21,2008,20,27,58,0.137451,1.00E+25,1.00E+25,SM,0.0172,9.7083,9.7083,6.206664,10
70.50763667,-148.86702,7,21,2008,20,28,8,0.618042,1.00E+25,1.00E+25,SM,0.0167,9.725,9.725,6.023547,10
70.50757833,-148.8662933,7,21,2008,20,28,18,1.098633,1.00E+25,1.00E+25,SM,0.0172,9.7422,9.7422,6.203314,10
70.50749333,-148.86562,7,21,2008,20,28,28,1.098633,1.00E+25,1.00E+25,SM,0.0166,9.7588,9.7588,5.975157,10
70.507415,-148.8649317,7,21,2008,20,28,38,1.098633,1.00E+25,1.00E+25,SM,0.0168,9.7756,9.7756,6.036234,10
70.50734833,-148.8642317,7,21,2008,20,28,48,1.098633,1.00E+25,1.00E+25,SM,0.0168,9.7924,9.7924,6.041981,10
70.507285,-148.86355,7,21,2008,20,28,58,0.137451,1.00E+25,1.00E+25,SM,0.0163,9.8087,9.8087,5.873043,10
70.50721,-148.8628617,7,21,2008,20,29,8,-0.343384,1.00E+25,1.00E+25,SM,0.0167,9.8254,9.8254,6.010038,10
70.50712167,-148.8621717,7,21,2008,20,29,18,0.137451,1.00E+25,1.00E+25,SM,0.017,9.8424,9.8424,6.134041,10
70.50704333,-148.86147,7,21,2008,20,29,28,0.618042,1.00E+25,1.00E+25,SM,0.0171,9.8595,9.8595,6.141181,10
70.50696667,-148.8608017,7,21,2008,20,29,38,-0.343384,1.00E+25,1.00E+25,SM,0.0163,9.8758,9.8758,5.865873,10
70.50689167,-148.8600983,7,21,2008,20,29,48,-0.343384,1.00E+25,1.00E+25,SM,0.017,9.8928,9.8928,6.128598,10
70.50681,-148.8594067,7,21,2008,20,29,58,0.137451,1.00E+25,1.00E+25,SM,0.0169,9.9097,9.9097,6.08974,10
70.50672833,-148.8587067,7,21,2008,20,30,8,0.137451,1.00E+25,1.00E+25,SM,0.0171,9.9268,9.9268,6.155012,10
70.50664833,-148.8579917,7,21,2008,20,30,18,0.137451,1.00E+25,1.00E+25,SM,0.0174,9.9442,9.9442,6.259394,10
70.50656667,-148.8572967,7,21,2008,20,30,28,0.137451,1.00E+25,1.00E+25,SM,0.017,9.9612,9.9612,6.115895,10
70.50648833,-148.8565683,7,21,2008,20,30,38,1.098633,1.00E+25,1.00E+25,SM,0.0176,9.9788,9.9788,6.351626,10
70.50641167,-148.8558767,7,21,2008,20,30,48,0.618042,1.00E+25,1.00E+25,SM,0.0168,9.9956,9.9956,6.049499,10
70.50633,-148.8551483,7,21,2008,20,30,58,1.579346,1.00E+25,1.00E+25,SM,0.0177,10.0134,10.0134,6.377593,10
70.50625833,-148.854455,7,21,2008,20,31,8,2.060059,1.00E+25,1.00E+25,SM,0.0167,10.0301,10.0301,6.024709,10
70.50618167,-148.8537533,7,21,2008,20,31,18,1.579346,1.00E+25,1.00E+25,SM,0.017,10.0471,10.0471,6.128389,10
70.50609833,-148.85307,7,21,2008,20,31,28,1.579346,1.00E+25,1.00E+25,SM,0.0168,10.0639,10.0639,6.038869,10
70.50602667,-148.8523817,7,21,2008,20,31,38,1.098633,1.00E+25,1.00E+25,SM,0.0166,10.0805,10.0805,5.98514,10
70.505955,-148.8517167,7,21,2008,20,31,48,-0.343384,1.00E+25,1.00E+25,SM,0.0161,10.0966,10.0966,5.800557,10
70.5059,-148.8509867,7,21,2008,20,31,58,0.618042,1.00E+25,1.00E+25,SM,0.0173,10.1139,10.1139,6.21192,10
70.50583333,-148.8502667,7,21,2008,20,32,8,0.618042,1.00E+25,1.00E+25,SM,0.0172,10.1311,10.1311,6.202204,10
70.50576833,-148.8495317,7,21,2008,20,32,18,1.579346,1.00E+25,1.00E+25,SM,0.0175,10.1487,10.1487,6.31154,10
70.50569333,-148.84884,7,21,2008,20,32,28,1.098633,1.00E+25,1.00E+25,SM,0.0168,10.1654,10.1654,6.036753,10
70.50562167,-148.84812,7,21,2008,20,32,38,1.579346,1.00E+25,1.00E+25,SM,0.0173,10.1827,10.1827,6.236666,10
70.505535,-148.8474333,7,21,2008,20,32,48,1.579346,1.00E+25,1.00E+25,SM,0.0169,10.1997,10.1997,6.093846,10
70.50545333,-148.8467417,7,21,2008,20,32,58,1.098633,1.00E+25,1.00E+25,SM,0.0169,10.2166,10.2166,6.090102,10
70.50535333,-148.8460567,7,21,2008,20,33,8,1.098633,1.00E+25,1.00E+25,SM,0.0172,10.2338,10.2338,6.206277,10
70.50527167,-148.845365,7,21,2008,20,33,18,1.098633,1.00E+25,1.00E+25,SM,0.0169,10.2507,10.2507,6.090151,10
70.50518667,-148.8446683,7,21,2008,20,33,28,0.618042,1.00E+25,1.00E+25,SM,0.0171,10.2678,10.2678,6.157291,10
70.50508167,-148.8439967,7,21,2008,20,33,38,0.618042,1.00E+25,1.00E+25,SM,0.0171,10.285,10.285,6.156824,10
70.50498833,-148.8433267,7,21,2008,20,33,48,0.137451,1.00E+25,1.00E+25,SM,0.0167,10.3017,10.3017,6.0267,10
70.50489667,-148.8426283,7,21,2008,20,33,58,1.579346,1.00E+25,1.00E+25,SM,0.0173,10.319,10.319,6.229131,10
70.5048,-148.84195,7,21,2008,20,34,8,1.098633,1.00E+25,1.00E+25,SM,0.017,10.336,10.336,6.122725,10
70.50470667,-148.8412583,7,21,2008,20,34,18,1.098633,1.00E+25,1.00E+25,SM,0.0172,10.3532,10.3532,6.193136,10
70.50462333,-148.840545,7,21,2008,20,34,28,1.579346,1.00E+25,1.00E+25,SM,0.0174,10.3706,10.3706,6.273743,10
70.50454667,-148.8398333,7,21,2008,20,34,38,0.618042,1.00E+25,1.00E+25,SM,0.0172,10.3879,10.3879,6.20778,10
70.50445833,-148.83913,7,21,2008,20,34,48,1.579346,1.00E+25,1.00E+25,SM,0.0173,10.4052,10.4052,6.238209,10
70.50437,-148.8384417,7,21,2008,20,34,58,1.579346,1.00E+25,1.00E+25,SM,0.017,10.4222,10.4222,6.121851,10
70.504275,-148.8377433,7,21,2008,20,35,8,1.579346,1.00E+25,1.00E+25,SM,0.0174,10.4396,10.4396,6.26012,10
70.504155,-148.8370733,7,21,2008,20,35,18,2.060059,1.00E+25,1.00E+25,SM,0.0175,10.4571,10.4571,6.312156,10
70.50403833,-148.8364067,7,21,2008,20,35,28,1.579346,1.00E+25,1.00E+25,SM,0.0174,10.4745,10.4745,6.248884,10
70.503945,-148.835715,7,21,2008,20,35,38,2.060059,1.00E+25,1.00E+25,SM,0.0172,10.4917,10.4917,6.193335,10
70.50384167,-148.8350333,7,21,2008,20,35,48,2.060059,1.00E+25,1.00E+25,SM,0.0173,10.509,10.509,6.21515,10
70.50374167,-148.83433,7,21,2008,20,35,58,2.540649,1.00E+25,1.00E+25,SM,0.0176,10.5266,10.5266,6.346421,10
70.50366167,-148.83365,7,21,2008,20,36,8,2.060059,1.00E+25,1.00E+25,SM,0.0166,10.5432,10.5432,5.985453,10
70.50356833,-148.83294,7,21,2008,20,36,18,2.060059,1.00E+25,1.00E+25,SM,0.0176,10.5608,10.5608,6.334789,10
70.503475,-148.8322483,7,21,2008,20,36,28,2.540649,1.00E+25,1.00E+25,SM,0.0172,10.578,10.578,6.193459,10
70.503395,-148.831525,7,21,2008,20,36,38,2.540649,1.00E+25,1.00E+25,SM,0.0176,10.5956,10.5956,6.325927,10
70.503305,-148.83082,7,21,2008,20,36,48,2.540649,1.00E+25,1.00E+25,SM,0.0174,10.613,10.613,6.266162,10
70.50321833,-148.8300883,7,21,2008,20,36,58,3.501953,1.00E+25,1.00E+25,SM,0.0179,10.6309,10.6309,6.445233,10
70.503135,-148.8293683,7,21,2008,20,37,8,3.501953,1.00E+25,1.00E+25,SM,0.0176,10.6485,10.6485,6.326417,10
70.50305333,-148.8286667,7,21,2008,20,37,18,3.501953,1.00E+25,1.00E+25,SM,0.0171,10.6656,10.6656,6.169069,10
70.50298167,-148.8279533,7,21,2008,20,37,28,3.02124,1.00E+25,1.00E+25,SM,0.0172,10.6828,10.6828,6.184395,10
70.502915,-148.827245,7,21,2008,20,37,38,2.540649,1.00E+25,1.00E+25,SM,0.017,10.6998,10.6998,6.109758,10
70.502845,-148.82647,7,21,2008,20,37,48,3.501953,1.00E+25,1.00E+25,SM,0.0185,10.7183,10.7183,6.665331,10
70.50277,-148.8257517,7,21,2008,20,37,58,3.501953,1.00E+25,1.00E+25,SM,0.0174,10.7356,10.7356,6.248463,10
70.50271,-148.8250467,7,21,2008,20,38,8,3.02124,1.00E+25,1.00E+25,SM,0.0168,10.7524,10.7524,6.040092,10
70.50264,-148.824355,7,21,2008,20,38,18,1.579346,1.00E+25,1.00E+25,SM,0.0167,10.7691,10.7691,6.000314,10
70.50256167,-148.82359,7,21,2008,20,38,28,3.501953,1.00E+25,1.00E+25,SM,0.0185,10.7875,10.7875,6.643129,10
70.50246667,-148.822875,7,21,2008,20,38,38,3.982666,1.00E+25,1.00E+25,SM,0.0177,10.8053,10.8053,6.388943,10
70.50237333,-148.822155,7,21,2008,20,38,48,3.501953,1.00E+25,1.00E+25,SM,0.0178,10.8231,10.8231,6.412429,10
70.50229167,-148.821415,7,21,2008,20,38,58,4.943848,1.00E+25,1.00E+25,SM,0.018,10.8411,10.8411,6.470622,10
70.50221667,-148.82069,7,21,2008,20,39,8,4.463257,1.00E+25,1.00E+25,SM,0.0175,10.8586,10.8586,6.301463,10
70.50214,-148.819955,7,21,2008,20,39,18,4.943848,1.00E+25,1.00E+25,SM,0.0178,10.8763,10.8763,6.393075,10
70.50205333,-148.8192633,7,21,2008,20,39,28,3.982666,1.00E+25,1.00E+25,SM,0.017,10.8934,10.8934,6.133606,10
70.50196167,-148.818565,7,21,2008,20,39,38,3.982666,1.00E+25,1.00E+25,SM,0.0173,10.9107,10.9107,6.229912,10
70.50189,-148.81783,7,21,2008,20,39,48,3.982666,1.00E+25,1.00E+25,SM,0.0177,10.9283,10.9283,6.357158,10
70.501795,-148.8171333,7,21,2008,20,39,58,3.982666,1.00E+25,1.00E+25,SM,0.0174,10.9457,10.9457,6.247964,10
70.5017,-148.8164667,7,21,2008,20,40,8,3.02124,1.00E+25,1.00E+25,SM,0.0167,10.9624,10.9624,6.018159,10
70.50159833,-148.8157717,7,21,2008,20,40,18,3.501953,1.00E+25,1.00E+25,SM,0.0175,10.9799,10.9799,6.299921,10
70.50151333,-148.8150617,7,21,2008,20,40,28,3.02124,1.00E+25,1.00E+25,SM,0.0174,10.9973,10.9973,6.26236,10
70.50142667,-148.8143317,7,21,2008,20,40,38,3.501953,1.00E+25,1.00E+25,SM,0.0179,11.0152,11.0152,6.4327,10
70.50133833,-148.81363,7,21,2008,20,40,48,3.02124,1.00E+25,1.00E+25,SM,0.0173,11.0325,11.0325,6.226101,10
70.50125167,-148.8129133,7,21,2008,20,40,58,3.02124,1.00E+25,1.00E+25,SM,0.0176,11.05,11.05,6.32856,10
70.50117,-148.8121833,7,21,2008,20,41,8,3.982666,1.00E+25,1.00E+25,SM,0.0178,11.0678,11.0678,6.39217,10
70.50109833,-148.8114533,7,21,2008,20,41,18,3.982666,1.00E+25,1.00E+25,SM,0.0175,11.0853,11.0853,6.31755,10
70.50103,-148.8107467,7,21,2008,20,41,28,3.02124,1.00E+25,1.00E+25,SM,0.017,11.1023,11.1023,6.108372,10
70.50095167,-148.8100433,7,21,2008,20,41,38,2.060059,1.00E+25,1.00E+25,SM,0.0171,11.1194,11.1194,6.155964,10
70.50087167,-148.80931,7,21,2008,20,41,48,2.540649,1.00E+25,1.00E+25,SM,0.0178,11.1372,11.1372,6.405502,10
70.50080333,-148.8085683,7,21,2008,20,41,58,2.540649,1.00E+25,1.00E+25,SM,0.0177,11.1549,11.1549,6.388063,10
70.50073,-148.8078217,7,21,2008,20,42,8,3.501953,1.00E+25,1.00E+25,SM,0.018,11.1729,11.1729,6.462108,10
70.500665,-148.8070733,7,21,2008,20,42,18,3.982666,1.00E+25,1.00E+25,SM,0.0178,11.1907,11.1907,6.420097,10
70.500615,-148.80633,7,21,2008,20,42,28,3.982666,1.00E+25,1.00E+25,SM,0.0175,11.2082,11.2082,6.29575,10
70.50056833,-148.805605,7,21,2008,20,42,38,3.501953,1.00E+25,1.00E+25,SM,0.017,11.2252,11.2252,6.130383,10
70.50049667,-148.80486,7,21,2008,20,42,48,3.02124,1.00E+25,1.00E+25,SM,0.0179,11.2431,11.2431,6.4373,10
70.50042333,-148.8040983,7,21,2008,20,42,58,3.982666,1.00E+25,1.00E+25,SM,0.0183,11.2614,11.2614,6.581769,10
70.50036,-148.8033733,7,21,2008,20,43,8,3.982666,1.00E+25,1.00E+25,SM,0.0173,11.2787,11.2787,6.222265,10
70.50028333,-148.8026817,7,21,2008,20,43,18,3.501953,1.00E+25,1.00E+25,SM,0.0168,11.2955,11.2955,6.051145,10
70.500215,-148.8019517,7,21,2008,20,43,28,3.982666,1.00E+25,1.00E+25,SM,0.0175,11.313,11.313,6.294913,10
70.50013167,-148.8012367,7,21,2008,20,43,38,4.463257,1.00E+25,1.00E+25,SM,0.0175,11.3305,11.3305,6.288044,10
70.50006833,-148.800495,7,21,2008,20,43,48,4.463257,1.00E+25,1.00E+25,SM,0.0177,11.3481,11.3481,6.356319,10
70.50000167,-148.7997517,7,21,2008,20,43,58,4.463257,1.00E+25,1.00E+25,SM,0.0178,11.3659,11.3659,6.390756,10
70.49992333,-148.799045,7,21,2008,20,44,8,3.982666,1.00E+25,1.00E+25,SM,0.0172,11.383,11.383,6.182505,10
70.49984667,-148.798305,7,21,2008,20,44,18,3.501953,1.00E+25,1.00E+25,SM,0.0179,11.4009,11.4009,6.433371,10
70.49974,-148.7976183,7,21,2008,20,44,28,3.501953,1.00E+25,1.00E+25,SM,0.0175,11.4184,11.4184,6.288544,10
70.49964333,-148.7969167,7,21,2008,20,44,38,3.501953,1.00E+25,1.00E+25,SM,0.0175,11.4359,11.4359,6.302683,10
70.49946833,-148.7974317,7,21,2008,20,44,48,-37.354126,1.00E+25,1.00E+25,SM,0.0169,11.4528,11.4528,6.101873,10
70.499485,-148.7953433,7,21,2008,20,44,58,6.866455,1.00E+25,1.00E+25,SM,0.0482,11.501,11.501,17.344795,10
70.49939833,-148.7946467,7,21,2008,20,45,8,6.866455,1.00E+25,1.00E+25,SM,0.0171,11.5182,11.5182,6.173195,10
70.49932667,-148.7939417,7,21,2008,20,45,18,5.424561,1.00E+25,1.00E+25,SM,0.017,11.5352,11.5352,6.119191,10
70.49925833,-148.7931983,7,21,2008,20,45,28,5.905273,1.00E+25,1.00E+25,SM,0.0178,11.5529,11.5529,6.401856,10
70.49918167,-148.7924967,7,21,2008,20,45,38,4.463257,1.00E+25,1.00E+25,SM,0.017,11.57,11.57,6.1303,10
70.49911333,-148.7917633,7,21,2008,20,45,48,3.982666,1.00E+25,1.00E+25,SM,0.0176,11.5875,11.5875,6.321884,10
70.49904,-148.79104,7,21,2008,20,45,58,4.463257,1.00E+25,1.00E+25,SM,0.0174,11.605,11.605,6.276974,10
70.49896333,-148.79033,7,21,2008,20,46,8,3.501953,1.00E+25,1.00E+25,SM,0.0172,11.6222,11.6222,6.196158,10
70.4989,-148.7895783,7,21,2008,20,46,18,3.501953,1.00E+25,1.00E+25,SM,0.0179,11.6401,11.6401,6.43714,10
70.49883333,-148.78881,7,21,2008,20,46,28,3.982666,1.00E+25,1.00E+25,SM,0.0183,11.6584,11.6584,6.591797,10
70.49873167,-148.78811,7,21,2008,20,46,38,3.982666,1.00E+25,1.00E+25,SM,0.0176,11.676,11.676,6.338716,10
70.49864167,-148.7874183,7,21,2008,20,46,48,3.501953,1.00E+25,1.00E+25,SM,0.0171,11.6931,11.6931,6.164135,10
70.49857,-148.786715,7,21,2008,20,46,58,3.02124,1.00E+25,1.00E+25,SM,0.017,11.7101,11.7101,6.106162,10
70.49849333,-148.7859733,7,21,2008,20,47,8,3.02124,1.00E+25,1.00E+25,SM,0.0179,11.728,11.728,6.446981,10
70.49840833,-148.7852467,7,21,2008,20,47,18,3.02124,1.00E+25,1.00E+25,SM,0.0178,11.7457,11.7457,6.39365,10
70.49831,-148.7845467,7,21,2008,20,47,28,3.02124,1.00E+25,1.00E+25,SM,0.0175,11.7632,11.7632,6.306209,10
70.49822167,-148.78385,7,21,2008,20,47,38,2.060059,1.00E+25,1.00E+25,SM,0.0172,11.7804,11.7804,6.188107,10
70.49813667,-148.7831517,7,21,2008,20,47,48,2.060059,1.00E+25,1.00E+25,SM,0.0171,11.7976,11.7976,6.17218,10
70.49804,-148.7824483,7,21,2008,20,47,58,1.098633,1.00E+25,1.00E+25,SM,0.0175,11.8151,11.8151,6.315904,10
70.497955,-148.7817167,7,21,2008,20,48,8,1.579346,1.00E+25,1.00E+25,SM,0.0179,11.833,11.833,6.432975,10
70.49786667,-148.78098,7,21,2008,20,48,18,2.060059,1.00E+25,1.00E+25,SM,0.0181,11.8511,11.8511,6.499784,10
70.49779167,-148.7802917,7,21,2008,20,48,28,1.098633,1.00E+25,1.00E+25,SM,0.0167,11.8678,11.8678,6.01256,10
70.497695,-148.7795567,7,21,2008,20,48,38,1.579346,1.00E+25,1.00E+25,SM,0.0182,11.886,11.886,6.559916,10
70.49759167,-148.7788567,7,21,2008,20,48,48,2.060059,1.00E+25,1.00E+25,SM,0.0177,11.9036,11.9036,6.355667,10
70.49750167,-148.7781333,7,21,2008,20,48,58,2.540649,1.00E+25,1.00E+25,SM,0.0178,11.9214,11.9214,6.410154,10
70.49740833,-148.7774,7,21,2008,20,49,8,3.02124,1.00E+25,1.00E+25,SM,0.0181,11.9395,11.9395,6.517128,10
70.49731333,-148.7767,7,21,2008,20,49,18,2.540649,1.00E+25,1.00E+25,SM,0.0174,11.957,11.957,6.274781,10
70.49721833,-148.7759833,7,21,2008,20,49,28,3.02124,1.00E+25,1.00E+25,SM,0.0178,11.9748,11.9748,6.403231,10
70.49711333,-148.7752933,7,21,2008,20,49,38,2.540649,1.00E+25,1.00E+25,SM,0.0175,11.9922,11.9922,6.297015,10
70.49699167,-148.7746483,7,21,2008,20,49,48,1.579346,1.00E+25,1.00E+25,SM,0.0171,12.0093,12.0093,6.152017,10
70.49689667,-148.77396,7,21,2008,20,49,58,1.579346,1.00E+25,1.00E+25,SM,0.0172,12.0265,12.0265,6.185249,10
70.49681167,-148.77323,7,21,2008,20,50,8,1.579346,1.00E+25,1.00E+25,SM,0.0178,12.0444,12.0444,6.420228,10
70.496705,-148.7725267,7,21,2008,20,50,18,1.579346,1.00E+25,1.00E+25,SM,0.0178,12.0622,12.0622,6.41507,10
70.49662333,-148.77181,7,21,2008,20,50,28,2.060059,1.00E+25,1.00E+25,SM,0.0175,12.0796,12.0796,6.288569,10
70.49653667,-148.7710733,7,21,2008,20,50,38,2.060059,1.00E+25,1.00E+25,SM,0.018,12.0977,12.0977,6.486266,10
70.49644833,-148.7703717,7,21,2008,20,50,48,1.579346,1.00E+25,1.00E+25,SM,0.0173,12.115,12.115,6.227414,10
70.496365,-148.7696433,7,21,2008,20,50,58,2.060059,1.00E+25,1.00E+25,SM,0.0178,12.1327,12.1327,6.393728,10
70.49627833,-148.768915,7,21,2008,20,51,8,3.02124,1.00E+25,1.00E+25,SM,0.0178,12.1506,12.1506,6.42111,10
70.49619167,-148.7681817,7,21,2008,20,51,18,3.02124,1.00E+25,1.00E+25,SM,0.0179,12.1685,12.1685,6.460262,10
70.49609667,-148.7674583,7,21,2008,20,51,28,3.501953,1.00E+25,1.00E+25,SM,0.0179,12.1864,12.1864,6.455026,10
70.49599833,-148.766745,7,21,2008,20,51,38,3.501953,1.00E+25,1.00E+25,SM,0.0178,12.2042,12.2042,6.409025,10
70.4959,-148.766075,7,21,2008,20,51,48,2.540649,1.00E+25,1.00E+25,SM,0.0169,12.2211,12.2211,6.077972,10
70.49580667,-148.765345,7,21,2008,20,51,58,2.540649,1.00E+25,1.00E+25,SM,0.018,12.2391,12.2391,6.491718,10
70.495715,-148.7646083,7,21,2008,20,52,8,3.501953,1.00E+25,1.00E+25,SM,0.0181,12.2573,12.2573,6.528885,10
70.49562167,-148.7638933,7,21,2008,20,52,18,2.540649,1.00E+25,1.00E+25,SM,0.0177,12.275,12.275,6.375592,10
70.49553167,-148.7631767,7,21,2008,20,52,28,3.02124,1.00E+25,1.00E+25,SM,0.0177,12.2927,12.2927,6.35885,10
70.49545333,-148.7624467,7,21,2008,20,52,38,3.501953,1.00E+25,1.00E+25,SM,0.0177,12.3103,12.3103,6.367933,10
70.49536167,-148.7617217,7,21,2008,20,52,48,3.501953,1.00E+25,1.00E+25,SM,0.0179,12.3282,12.3282,6.438284,10
70.49526333,-148.7610117,7,21,2008,20,52,58,3.501953,1.00E+25,1.00E+25,SM,0.0177,12.346,12.346,6.383644,10
70.49517167,-148.76028,7,21,2008,20,53,8,3.982666,1.00E+25,1.00E+25,SM,0.018,12.364,12.364,6.490144,10
70.495065,-148.7595917,7,21,2008,20,53,18,3.501953,1.00E+25,1.00E+25,SM,0.0175,12.3815,12.3815,6.302288,10
70.49498667,-148.7588817,7,21,2008,20,53,28,3.02124,1.00E+25,1.00E+25,SM,0.0173,12.3987,12.3987,6.210139,10
70.49492833,-148.758165,7,21,2008,20,53,38,2.060059,1.00E+25,1.00E+25,SM,0.017,12.4158,12.4158,6.126253,10
70.49486167,-148.7574067,7,21,2008,20,53,48,2.540649,1.00E+25,1.00E+25,SM,0.0181,12.4339,12.4339,6.512658,10
70.49476833,-148.7566833,7,21,2008,20,53,58,2.540649,1.00E+25,1.00E+25,SM,0.0179,12.4517,12.4517,6.440332,10
70.49469333,-148.7559483,7,21,2008,20,54,8,3.02124,1.00E+25,1.00E+25,SM,0.0177,12.4695,12.4695,6.382974,10
70.49459,-148.75526,7,21,2008,20,54,18,3.02124,1.00E+25,1.00E+25,SM,0.0174,12.4869,12.4869,6.267957,10
70.49446833,-148.7545933,7,21,2008,20,54,28,2.540649,1.00E+25,1.00E+25,SM,0.0175,12.5044,12.5044,6.309891,10
70.49437833,-148.7538967,7,21,2008,20,54,38,3.02124,1.00E+25,1.00E+25,SM,0.0172,12.5216,12.5216,6.20397,10
70.494285,-148.7531783,7,21,2008,20,54,48,3.02124,1.00E+25,1.00E+25,SM,0.0178,12.5394,12.5394,6.401748,10
70.4942,-148.7524683,7,21,2008,20,54,58,3.02124,1.00E+25,1.00E+25,SM,0.0174,12.5568,12.5568,6.26436,10
70.494125,-148.7517467,7,21,2008,20,55,8,2.540649,1.00E+25,1.00E+25,SM,0.0174,12.5743,12.5743,6.277317,10
70.49403167,-148.75103,7,21,2008,20,55,18,3.02124,1.00E+25,1.00E+25,SM,0.0177,12.592,12.592,6.38892,10
70.49393667,-148.7503033,7,21,2008,20,55,28,3.02124,1.00E+25,1.00E+25,SM,0.018,12.61,12.61,6.481392,10
70.49383667,-148.7495783,7,21,2008,20,55,38,3.02124,1.00E+25,1.00E+25,SM,0.0181,12.6281,12.6281,6.514992,10
70.49373,-148.74889,7,21,2008,20,55,48,2.540649,1.00E+25,1.00E+25,SM,0.0175,12.6456,12.6456,6.302629,10
70.49363,-148.74818,7,21,2008,20,55,58,2.060059,1.00E+25,1.00E+25,SM,0.0178,12.6634,12.6634,6.400079,10
70.49352,-148.7474917,7,21,2008,20,56,8,2.060059,1.00E+25,1.00E+25,SM,0.0176,12.681,12.681,6.338031,10
70.49342333,-148.74678,7,21,2008,20,56,18,2.060059,1.00E+25,1.00E+25,SM,0.0177,12.6987,12.6987,6.381191,10
70.49331833,-148.7460567,7,21,2008,20,56,28,2.540649,1.00E+25,1.00E+25,SM,0.0182,12.7169,12.7169,6.550925,10
70.49321333,-148.745365,7,21,2008,20,56,38,2.060059,1.00E+25,1.00E+25,SM,0.0175,12.7345,12.7345,6.310616,10
70.49312167,-148.7446367,7,21,2008,20,56,48,2.060059,1.00E+25,1.00E+25,SM,0.018,12.7524,12.7524,6.464805,10
70.49302167,-148.7439183,7,21,2008,20,56,58,2.060059,1.00E+25,1.00E+25,SM,0.018,12.7704,12.7704,6.464073,10
70.49292167,-148.743215,7,21,2008,20,57,8,2.540649,1.00E+25,1.00E+25,SM,0.0176,12.788,12.788,6.349286,10
70.49283667,-148.7424767,7,21,2008,20,57,18,3.02124,1.00E+25,1.00E+25,SM,0.018,12.806,12.806,6.486746,10
70.49275833,-148.74174,7,21,2008,20,57,28,3.501953,1.00E+25,1.00E+25,SM,0.0178,12.8239,12.8239,6.42144,10
70.49267333,-148.741015,7,21,2008,20,57,38,3.02124,1.00E+25,1.00E+25,SM,0.0177,12.8416,12.8416,6.382196,10
70.49261,-148.7402767,7,21,2008,20,57,48,3.02124,1.00E+25,1.00E+25,SM,0.0176,12.8592,12.8592,6.331693,10
70.49257,-148.7395383,7,21,2008,20,57,58,2.540649,1.00E+25,1.00E+25,SM,0.0173,12.8764,12.8764,6.212791,10
70.49251167,-148.73882,7,21,2008,20,58,8,2.060059,1.00E+25,1.00E+25,SM,0.0171,12.8935,12.8935,6.140392,10
70.492445,-148.7380683,7,21,2008,20,58,18,2.060059,1.00E+25,1.00E+25,SM,0.0179,12.9114,12.9114,6.459849,10
70.49239167,-148.7373617,7,21,2008,20,58,28,1.579346,1.00E+25,1.00E+25,SM,0.0167,12.9282,12.9282,6.017677,10
70.49230833,-148.7365967,7,21,2008,20,58,38,2.060059,1.00E+25,1.00E+25,SM,0.0186,12.9467,12.9467,6.683715,10
70.49221333,-148.7358717,7,21,2008,20,58,48,2.060059,1.00E+25,1.00E+25,SM,0.018,12.9647,12.9647,6.46898,10
70.49213167,-148.7351283,7,21,2008,20,58,58,2.540649,1.00E+25,1.00E+25,SM,0.0181,12.9827,12.9827,6.499838,10
70.49205833,-148.7343783,7,21,2008,20,59,8,3.02124,1.00E+25,1.00E+25,SM,0.018,13.0008,13.0008,6.491217,10
70.492,-148.7336383,7,21,2008,20,59,18,2.540649,1.00E+25,1.00E+25,SM,0.0175,13.0183,13.0183,6.315554,10
70.491985,-148.7328217,7,21,2008,20,59,28,3.501953,1.00E+25,1.00E+25,SM,0.0189,13.0372,13.0372,6.793697,10
70.49196,-148.73209,7,21,2008,20,59,38,2.540649,1.00E+25,1.00E+25,SM,0.017,13.0542,13.0542,6.109149,10
70.49190333,-148.7313383,7,21,2008,20,59,48,2.540649,1.00E+25,1.00E+25,SM,0.0178,13.0719,13.0719,6.400679,10
70.49183167,-148.7305967,7,21,2008,20,59,58,2.540649,1.00E+25,1.00E+25,SM,0.0178,13.0898,13.0898,6.413237,10
70.49174833,-148.7298683,7,21,2008,21,0,8,2.540649,1.00E+25,1.00E+25,SM,0.0178,13.1075,13.1075,6.395029,10
70.49167667,-148.7291017,7,21,2008,21,0,18,3.02124,1.00E+25,1.00E+25,SM,0.0184,13.1259,13.1259,6.61301,10
70.49159,-148.72837,7,21,2008,21,0,28,2.540649,1.00E+25,1.00E+25,SM,0.0179,13.1438,13.1438,6.448515,10
70.49147333,-148.7276917,7,21,2008,21,0,38,2.540649,1.00E+25,1.00E+25,SM,0.0176,13.1614,13.1614,6.337916,10
70.49135,-148.72702,7,21,2008,21,0,48,3.02124,1.00E+25,1.00E+25,SM,0.0177,13.1791,13.1791,6.366984,10
70.49124167,-148.7263217,7,21,2008,21,0,58,2.540649,1.00E+25,1.00E+25,SM,0.0178,13.1969,13.1969,6.396063,10
70.49112833,-148.72563,7,21,2008,21,1,8,2.540649,1.00E+25,1.00E+25,SM,0.0178,13.2146,13.2146,6.399713,10
70.49102667,-148.7249067,7,21,2008,21,1,18,3.501953,1.00E+25,1.00E+25,SM,0.0181,13.2327,13.2327,6.518938,10
70.49094167,-148.7241717,7,21,2008,21,1,28,2.540649,1.00E+25,1.00E+25,SM,0.0179,13.2507,13.2507,6.461116,10
70.49085667,-148.7234167,7,21,2008,21,1,38,2.540649,1.00E+25,1.00E+25,SM,0.0184,13.2691,13.2691,6.618352,10
70.49075167,-148.7227217,7,21,2008,21,1,48,2.540649,1.00E+25,1.00E+25,SM,0.0176,13.2867,13.2867,6.336467,10
70.49062333,-148.7220417,7,21,2008,21,1,58,2.060059,1.00E+25,1.00E+25,SM,0.018,13.3047,13.3047,6.48818,10
70.49049667,-148.7213583,7,21,2008,21,2,8,2.540649,1.00E+25,1.00E+25,SM,0.018,13.3227,13.3227,6.492112,10
70.49040667,-148.720635,7,21,2008,21,2,18,2.540649,1.00E+25,1.00E+25,SM,0.0178,13.3405,13.3405,6.412122,10
70.49033167,-148.7198883,7,21,2008,21,2,28,2.060059,1.00E+25,1.00E+25,SM,0.018,13.3585,13.3585,6.476974,10
70.49023167,-148.7191733,7,21,2008,21,2,38,1.579346,1.00E+25,1.00E+25,SM,0.0179,13.3764,13.3764,6.43928,10
70.49012333,-148.7184717,7,21,2008,21,2,48,2.060059,1.00E+25,1.00E+25,SM,0.0178,13.3943,13.3943,6.421477,10
70.49000833,-148.71777,7,21,2008,21,2,58,1.579346,1.00E+25,1.00E+25,SM,0.018,13.4123,13.4123,6.492835,10
70.48990333,-148.7170417,7,21,2008,21,3,8,2.060059,1.00E+25,1.00E+25,SM,0.0183,13.4306,13.4306,6.589965,10
70.48980333,-148.7163,7,21,2008,21,3,18,2.540649,1.00E+25,1.00E+25,SM,0.0185,13.4491,13.4491,6.644277,10
70.48971,-148.7155967,7,21,2008,21,3,28,2.060059,1.00E+25,1.00E+25,SM,0.0175,13.4665,13.4665,6.287035,10
70.48962167,-148.7148517,7,21,2008,21,3,38,2.060059,1.00E+25,1.00E+25,SM,0.0182,13.4848,13.4848,6.567319,10
70.48951667,-148.7141567,7,21,2008,21,3,48,1.579346,1.00E+25,1.00E+25,SM,0.0176,13.5024,13.5024,6.336787,10
70.48940833,-148.7134217,7,21,2008,21,3,58,2.060059,1.00E+25,1.00E+25,SM,0.0185,13.5209,13.5209,6.674026,10
70.48929167,-148.7127433,7,21,2008,21,4,8,1.579346,1.00E+25,1.00E+25,SM,0.0176,13.5385,13.5385,6.338455,10
70.48919667,-148.7119983,7,21,2008,21,4,18,2.060059,1.00E+25,1.00E+25,SM,0.0184,13.5569,13.5569,6.624761,10
70.48910833,-148.7112667,7,21,2008,21,4,28,1.579346,1.00E+25,1.00E+25,SM,0.018,13.5749,13.5749,6.46319,10
70.48901,-148.7105533,7,21,2008,21,4,38,1.098633,1.00E+25,1.00E+25,SM,0.0178,13.5927,13.5927,6.41091,10
70.48891,-148.70983,7,21,2008,21,4,48,1.098633,1.00E+25,1.00E+25,SM,0.0181,13.6107,13.6107,6.503548,10
70.48882167,-148.7091167,7,21,2008,21,4,58,1.098633,1.00E+25,1.00E+25,SM,0.0176,13.6283,13.6283,6.320248,10
70.48874,-148.7083667,7,21,2008,21,5,8,1.098633,1.00E+25,1.00E+25,SM,0.0182,13.6465,13.6465,6.553451,10
70.48867833,-148.7076233,7,21,2008,21,5,18,1.098633,1.00E+25,1.00E+25,SM,0.0177,13.6642,13.6642,6.362964,10
70.48860167,-148.7068817,7,21,2008,21,5,28,1.098633,1.00E+25,1.00E+25,SM,0.0179,13.6821,13.6821,6.449848,10
70.48852833,-148.70616,7,21,2008,21,5,38,0.618042,1.00E+25,1.00E+25,SM,0.0174,13.6995,13.6995,6.266704,10
70.48845833,-148.7053917,7,21,2008,21,5,48,0.618042,1.00E+25,1.00E+25,SM,0.0184,13.7179,13.7179,6.616287,10
70.48837167,-148.7046783,7,21,2008,21,5,58,0.618042,1.00E+25,1.00E+25,SM,0.0175,13.7354,13.7354,6.30608,10
70.48828,-148.7039533,7,21,2008,21,6,8,0.618042,1.00E+25,1.00E+25,SM,0.0179,13.7533,13.7533,6.440249,10
70.48821,-148.7032083,7,21,2008,21,6,18,0.137451,1.00E+25,1.00E+25,SM,0.0179,13.7711,13.7711,6.429549,10
70.48815833,-148.7024517,7,21,2008,21,6,28,0.137451,1.00E+25,1.00E+25,SM,0.0178,13.789,13.789,6.416267,10
70.48811,-148.7016633,7,21,2008,21,6,38,0.137451,1.00E+25,1.00E+25,SM,0.0185,13.8075,13.8075,6.658773,10
70.48803,-148.7010667,7,21,2008,21,6,48,0.137451,1.00E+25,1.00E+25,SM,0.0148,13.8223,13.8223,5.341512,10
70.48795,-148.70024,7,21,2008,21,6,58,1.579346,1.00E+25,1.00E+25,SM,0.0199,13.8422,13.8422,7.150326,10
70.48789333,-148.6994233,7,21,2008,21,7,8,2.060059,1.00E+25,1.00E+25,SM,0.0192,13.8614,13.8614,6.929666,10
70.487865,-148.698625,7,21,2008,21,7,18,2.060059,1.00E+25,1.00E+25,SM,0.0185,13.8799,13.8799,6.669844,10
70.48779667,-148.6979367,7,21,2008,21,7,28,1.579346,1.00E+25,1.00E+25,SM,0.0166,13.8965,13.8965,5.965894,10
70.48760333,-148.697835,7,21,2008,21,7,38,2.540649,1.00E+25,1.00E+25,SM,0.0136,13.9101,13.9101,4.882512,10
70.48752167,-148.698345,7,21,2008,21,7,48,2.060059,1.00E+25,1.00E+25,SM,0.0131,13.9231,13.9231,4.698884,10
70.48756667,-148.6992867,7,21,2008,21,7,58,0.137451,1.00E+25,1.00E+25,SM,0.022,13.9451,13.9451,7.903106,10
70.48769333,-148.7005667,7,21,2008,21,8,8,2.060059,1.00E+25,1.00E+25,SM,0.0308,13.9759,13.9759,11.091207,10
70.487845,-148.7019867,7,21,2008,21,8,18,3.02124,1.00E+25,1.00E+25,SM,0.0344,14.0103,14.0103,12.385838,10
70.488005,-148.7034017,7,21,2008,21,8,28,3.982666,1.00E+25,1.00E+25,SM,0.0345,14.0448,14.0448,12.411098,10
70.48815667,-148.7048483,7,21,2008,21,8,38,4.463257,1.00E+25,1.00E+25,SM,0.035,14.0798,14.0798,12.596862,10
70.48829833,-148.7062917,7,21,2008,21,8,48,3.982666,1.00E+25,1.00E+25,SM,0.0347,14.1145,14.1145,12.497965,10
70.48849,-148.7077167,7,21,2008,21,8,58,4.463257,1.00E+25,1.00E+25,SM,0.0355,14.1499,14.1499,12.762404,10
70.48865667,-148.709145,7,21,2008,21,9,8,4.943848,1.00E+25,1.00E+25,SM,0.0349,14.1848,14.1848,12.569424,10
70.48883333,-148.7105917,7,21,2008,21,9,18,5.424561,1.00E+25,1.00E+25,SM,0.0355,14.2204,14.2204,12.796482,10
70.48897333,-148.712035,7,21,2008,21,9,28,5.424561,1.00E+25,1.00E+25,SM,0.0347,14.2551,14.2551,12.485956,10
70.48903,-148.713525,7,21,2008,21,9,38,5.905273,1.00E+25,1.00E+25,SM,0.0346,14.2897,14.2897,12.45814,10
70.489035,-148.715035,7,21,2008,21,9,48,4.463257,1.00E+25,1.00E+25,SM,0.0348,14.3245,14.3245,12.544895,10
70.489105,-148.7165367,7,21,2008,21,9,58,3.982666,1.00E+25,1.00E+25,SM,0.035,14.3595,14.3595,12.595948,10
70.48921833,-148.7180117,7,21,2008,21,10,8,3.982666,1.00E+25,1.00E+25,SM,0.0349,14.3944,14.3944,12.573527,10
70.48933667,-148.7194983,7,21,2008,21,10,18,4.463257,1.00E+25,1.00E+25,SM,0.0353,14.4297,14.4297,12.696184,10
70.48943667,-148.721015,7,21,2008,21,10,28,4.463257,1.00E+25,1.00E+25,SM,0.0357,14.4654,14.4654,12.84262,10
70.48955167,-148.722455,7,21,2008,21,10,38,4.463257,1.00E+25,1.00E+25,SM,0.0342,14.4995,14.4995,12.299727,10
70.48959833,-148.7239883,7,21,2008,21,10,48,4.463257,1.00E+25,1.00E+25,SM,0.0355,14.5351,14.5351,12.790559,10
70.489695,-148.7255,7,21,2008,21,10,58,5.424561,1.00E+25,1.00E+25,SM,0.0355,14.5706,14.5706,12.785864,10
