X,Y,LABEL,ATTR_1,ATTR_10,ATTR_11,ATTR_12,ATTR_13,ATTR_14,ATTR_15,ATTR_2,ATTR_3,ATTR_4,ATTR_5,ATTR_6,ATTR_7,ATTR_8,ATTR_9
862327.252,7856338.797,,7,SM,0,0,0,INF,-,21,2008,18,58,34,-2.746704,1.00E+25,1.00E+25
862277.148,7856351.208,,7,SM,0.0319,0.0319,0.0319,8.83608,13,21,2008,18,58,47,-1.304688,1.00E+25,1.00E+25
862248.904,7856358.310,,7,SM,0.018,0.0499,0.0499,6.481322,10,21,2008,18,58,57,-2.265991,1.00E+25,1.00E+25
862220.676,7856361.830,,7,SM,0.0176,0.0675,0.0675,6.330285,10,21,2008,18,59,7,-1.785278,1.00E+25,1.00E+25
862206.680,7856343.900,,7,SM,0.0141,0.0816,0.0816,5.062559,10,21,2008,18,59,17,-0.824097,1.00E+25,1.00E+25
862217.294,7856327.329,,7,SM,0.0122,0.0937,0.0937,4.381313,10,21,2008,18,59,27,1.579346,1.00E+25,1.00E+25
862235.302,7856322.901,,7,SM,0.0115,0.1052,0.1052,4.126312,10,21,2008,18,59,37,1.579346,1.00E+25,1.00E+25
862260.809,7856327.238,,7,SM,0.016,0.1212,0.1212,5.756843,10,21,2008,18,59,47,1.098633,1.00E+25,1.00E+25
862287.655,7856322.173,,7,SM,0.0169,0.1381,0.1381,6.079559,10,21,2008,18,59,57,0.618042,1.00E+25,1.00E+25
862308.066,7856307.195,,7,SM,0.0157,0.1537,0.1537,5.635525,10,21,2008,19,0,7,1.098633,1.00E+25,1.00E+25
862318.795,7856280.647,,7,SM,0.0177,0.1714,0.1714,6.375843,10,21,2008,19,0,17,1.098633,1.00E+25,1.00E+25
862338.156,7856262.105,,7,SM,0.0166,0.188,0.188,5.96761,10,21,2008,19,0,27,1.098633,1.00E+25,1.00E+25
862366.562,7856257.105,,7,SM,0.0178,0.2058,0.2058,6.418818,10,21,2008,19,0,37,0.618042,1.00E+25,1.00E+25
862396.417,7856253.662,,7,SM,0.0186,0.2244,0.2244,6.686987,10,21,2008,19,0,47,1.098633,1.00E+25,1.00E+25
862424.357,7856245.758,,7,SM,0.0179,0.2424,0.2424,6.46148,10,21,2008,19,0,57,2.060059,1.00E+25,1.00E+25
862451.039,7856229.728,,7,SM,0.0192,0.2616,0.2616,6.298657,11,21,2008,19,1,8,1.098633,1.00E+25,1.00E+25
862473.164,7856221.633,,7,SM,0.0146,0.2762,0.2762,5.24297,10,21,2008,19,1,18,0.618042,1.00E+25,1.00E+25
862494.281,7856222.427,,7,SM,0.0131,0.2892,0.2892,4.702339,10,21,2008,19,1,28,0.618042,1.00E+25,1.00E+25
862520.874,7856222.416,,7,SM,0.0164,0.3057,0.3057,5.91722,10,21,2008,19,1,38,-0.824097,1.00E+25,1.00E+25
862554.360,7856216.737,,7,SM,0.021,0.3267,0.3267,7.558179,10,21,2008,19,1,48,0.618042,1.00E+25,1.00E+25
862581.795,7856212.336,,7,SM,0.0172,0.3438,0.3438,6.1826,10,21,2008,19,1,58,-0.824097,1.00E+25,1.00E+25
862598.320,7856164.475,,7,SM,0.0313,0.3752,0.3752,11.274733,10,21,2008,19,2,8,-2.265991,1.00E+25,1.00E+25
862627.460,7856166.199,,7,SM,0.018,0.3932,0.3932,6.495324,10,21,2008,19,2,18,-3.227295,1.00E+25,1.00E+25
862655.853,7856164.407,,7,SM,0.0176,0.4108,0.4108,6.330361,10,21,2008,19,2,28,-3.227295,1.00E+25,1.00E+25
862684.249,7856163.748,,7,SM,0.0176,0.4283,0.4283,6.320387,10,21,2008,19,2,38,-4.188599,1.00E+25,1.00E+25
862712.181,7856160.939,,7,SM,0.0174,0.4457,0.4457,6.246287,10,21,2008,19,2,48,-3.707886,1.00E+25,1.00E+25
862739.185,7856156.469,,7,SM,0.0169,0.4626,0.4626,6.091153,10,21,2008,19,2,58,-3.227295,1.00E+25,1.00E+25
862765.784,7856157.216,,7,SM,0.0164,0.4791,0.4791,5.920405,10,21,2008,19,3,8,-0.824097,1.00E+25,1.00E+25
862793.517,7856159.845,,7,SM,0.0172,0.4963,0.4963,6.19921,10,21,2008,19,3,18,2.060059,1.00E+25,1.00E+25
862822.960,7856160.113,,7,SM,0.0182,0.5145,0.5145,6.551271,10,21,2008,19,3,28,0.618042,1.00E+25,1.00E+25
862852.169,7856155.626,,7,SM,0.0183,0.5327,0.5327,6.576001,10,21,2008,19,3,38,1.579346,1.00E+25,1.00E+25
862882.057,7856152.006,,7,SM,0.0186,0.5514,0.5514,6.698902,10,21,2008,19,3,48,1.098633,1.00E+25,1.00E+25
862909.603,7856145.364,,7,SM,0.0175,0.5689,0.5689,6.306275,10,21,2008,19,3,58,2.540649,1.00E+25,1.00E+25
862938.319,7856138.913,,7,SM,0.0182,0.5871,0.5871,6.548886,10,21,2008,19,4,8,3.501953,1.00E+25,1.00E+25
862967.344,7856134.775,,7,SM,0.0181,0.6052,0.6052,6.524609,10,21,2008,19,4,18,0.618042,1.00E+25,1.00E+25
862996.100,7856131.160,,7,SM,0.0179,0.6231,0.6231,6.448837,10,21,2008,19,4,28,-0.343384,1.00E+25,1.00E+25
863024.445,7856124.649,,7,SM,0.018,0.6411,0.6411,6.472182,10,21,2008,19,4,38,-2.746704,1.00E+25,1.00E+25
863051.623,7856116.062,,7,SM,0.0176,0.6587,0.6587,6.342543,10,21,2008,19,4,48,-2.265991,1.00E+25,1.00E+25
863078.721,7856111.424,,7,SM,0.017,0.6757,0.6757,6.117834,10,21,2008,19,4,58,-2.746704,1.00E+25,1.00E+25
863105.851,7856106.978,,7,SM,0.017,0.6927,0.6927,6.117583,10,21,2008,19,5,8,-3.707886,1.00E+25,1.00E+25
863133.569,7856103.951,,7,SM,0.0172,0.7099,0.7099,6.204227,10,21,2008,19,5,18,-4.669312,1.00E+25,1.00E+25
863161.241,7856097.709,,7,SM,0.0175,0.7275,0.7275,6.313183,10,21,2008,19,5,28,-5.149902,1.00E+25,1.00E+25
863199.630,7856109.060,,7,SM,0.0247,0.7522,0.7522,8.907262,10,21,2008,19,5,38,-0.824097,1.00E+25,1.00E+25
863225.316,7856102.306,,7,SM,0.0164,0.7686,0.7686,5.90989,10,21,2008,19,5,48,-0.343384,1.00E+25,1.00E+25
863252.255,7856095.569,,7,SM,0.0172,0.7858,0.7858,6.179488,10,21,2008,19,5,58,0.137451,1.00E+25,1.00E+25
863279.469,7856089.064,,7,SM,0.0173,0.8031,0.8031,6.226847,10,21,2008,19,6,8,-0.343384,1.00E+25,1.00E+25
863305.273,7856081.954,,7,SM,0.0165,0.8196,0.8196,5.95672,10,21,2008,19,6,18,-1.785278,1.00E+25,1.00E+25
863330.141,7856077.143,,7,SM,0.0157,0.8353,0.8353,5.635816,10,21,2008,19,6,28,0.618042,1.00E+25,1.00E+25
863357.059,7856072.855,,7,SM,0.0168,0.8521,0.8521,6.065351,10,21,2008,19,6,38,0.618042,1.00E+25,1.00E+25
863383.548,7856069.253,,7,SM,0.0165,0.8687,0.8687,5.949246,10,21,2008,19,6,48,-0.343384,1.00E+25,1.00E+25
863411.092,7856068.463,,7,SM,0.017,0.8857,0.8857,6.131039,10,21,2008,19,6,58,0.137451,1.00E+25,1.00E+25
863959.593,7856704.114,,7,SM,0.5191,1.4048,1.4048,186.870909,10,21,2008,19,7,8,53.490479,1.00E+25,1.00E+25
863986.213,7856694.316,,7,SM,0.0175,1.4223,1.4223,6.31293,10,21,2008,19,7,18,53.971191,1.00E+25,1.00E+25
864012.895,7856684.527,,7,SM,0.0176,1.4399,1.4399,6.324978,10,21,2008,19,7,28,54.451782,1.00E+25,1.00E+25
863525.340,7856040.318,,7,SM,0.4995,1.9394,1.9394,179.828868,10,21,2008,19,7,38,-0.824097,1.00E+25,1.00E+25
863542.337,7856025.925,,7,SM,0.0138,1.9532,1.9532,4.958083,10,21,2008,19,7,48,2.540649,1.00E+25,1.00E+25
863568.050,7856018.236,,7,SM,0.0166,1.9698,1.9698,5.97266,10,21,2008,19,7,58,1.579346,1.00E+25,1.00E+25
863595.300,7856011.553,,7,SM,0.0173,1.9871,1.9871,6.243269,10,21,2008,19,8,8,1.579346,1.00E+25,1.00E+25
863625.603,7856003.482,,7,SM,0.0194,2.0065,2.0065,6.978775,10,21,2008,19,8,18,1.098633,1.00E+25,1.00E+25
863655.111,7855995.659,,7,SM,0.0189,2.0254,2.0254,6.793686,10,21,2008,19,8,28,0.618042,1.00E+25,1.00E+25
863680.401,7855988.280,,7,SM,0.0163,2.0416,2.0416,5.862122,10,21,2008,19,8,38,1.098633,1.00E+25,1.00E+25
863710.036,7855981.233,,7,SM,0.0188,2.0605,2.0605,6.778587,10,21,2008,19,8,48,2.060059,1.00E+25,1.00E+25
863738.611,7855977.974,,7,SM,0.0178,2.0782,2.0782,6.400011,10,21,2008,19,8,58,2.060059,1.00E+25,1.00E+25
863754.543,7855973.218,,7,SM,0.0103,2.0885,2.0885,3.699828,10,21,2008,19,9,8,1.579346,1.00E+25,1.00E+25
863773.164,7855968.146,,7,SM,0.0119,2.1005,2.1005,4.295225,10,21,2008,19,9,18,1.098633,1.00E+25,1.00E+25
863806.388,7855963.384,,7,SM,0.0207,2.1212,2.1212,7.468681,10,21,2008,19,9,28,0.618042,1.00E+25,1.00E+25
863836.396,7855957.154,,7,SM,0.0189,2.1401,2.1401,6.819558,10,21,2008,19,9,38,-0.343384,1.00E+25,1.00E+25
863865.942,7855950.660,,7,SM,0.0187,2.1588,2.1588,6.731791,10,21,2008,19,9,48,-0.343384,1.00E+25,1.00E+25
863895.360,7855943.014,,7,SM,0.0188,2.1776,2.1776,6.764439,10,21,2008,19,9,58,-0.824097,1.00E+25,1.00E+25
863923.334,7855932.679,,7,SM,0.0184,2.1961,2.1961,6.636534,10,21,2008,19,10,8,-0.824097,1.00E+25,1.00E+25
863954.768,7855922.722,,7,SM,0.0204,2.2165,2.2165,7.337755,10,21,2008,19,10,18,-0.343384,1.00E+25,1.00E+25
863981.185,7855914.208,,7,SM,0.0172,2.2336,2.2336,6.176839,10,21,2008,19,10,28,-0.343384,1.00E+25,1.00E+25
864006.722,7855907.250,,7,SM,0.0164,2.25,2.25,5.889858,10,21,2008,19,10,38,-1.304688,1.00E+25,1.00E+25
864034.254,7855901.938,,7,SM,0.0173,2.2673,2.2673,6.239374,10,21,2008,19,10,48,-1.304688,1.00E+25,1.00E+25
864056.618,7855898.613,,7,SM,0.014,2.2813,2.2813,5.031355,10,21,2008,19,10,58,-3.227295,1.00E+25,1.00E+25
864085.653,7855894.867,,7,SM,0.0181,2.2994,2.2994,6.514661,10,21,2008,19,11,8,-1.785278,1.00E+25,1.00E+25
864115.278,7855892.917,,7,SM,0.0183,2.3177,2.3177,6.605989,10,21,2008,19,11,18,-2.746704,1.00E+25,1.00E+25
864138.012,7855890.028,,7,SM,0.0142,2.3319,2.3319,5.09934,10,21,2008,19,11,28,-3.227295,1.00E+25,1.00E+25
864167.236,7855887.070,,7,SM,0.0182,2.35,2.35,6.535831,10,21,2008,19,11,38,-3.227295,1.00E+25,1.00E+25
864195.867,7855881.185,,7,SM,0.0181,2.3681,2.3681,6.504607,10,21,2008,19,11,48,-2.746704,1.00E+25,1.00E+25
864224.403,7855873.964,,7,SM,0.0182,2.3863,2.3863,6.550384,10,21,2008,19,11,58,-2.746704,1.00E+25,1.00E+25
864252.572,7855866.684,,7,SM,0.018,2.4043,2.4043,6.47451,10,21,2008,19,12,8,-1.304688,1.00E+25,1.00E+25
864275.232,7855859.635,,7,SM,0.0147,2.419,2.419,5.281095,10,21,2008,19,12,18,-2.265991,1.00E+25,1.00E+25
864302.603,7855851.470,,7,SM,0.0177,2.4366,2.4366,6.356264,10,21,2008,19,12,28,-3.227295,1.00E+25,1.00E+25
864332.079,7855840.819,,7,SM,0.0194,2.456,2.456,6.974684,10,21,2008,19,12,38,-2.746704,1.00E+25,1.00E+25
864356.900,7855829.786,,7,SM,0.0168,2.4728,2.4728,6.04539,10,21,2008,19,12,48,-1.785278,1.00E+25,1.00E+25
864383.850,7855823.440,,7,SM,0.0171,2.4899,2.4899,6.160939,10,21,2008,19,12,58,-1.785278,1.00E+25,1.00E+25
864410.834,7855819.174,,7,SM,0.0169,2.5068,2.5068,6.079479,10,21,2008,19,13,8,-0.824097,1.00E+25,1.00E+25
864438.280,7855815.173,,7,SM,0.0171,2.5239,2.5239,6.171845,10,21,2008,19,13,18,-0.824097,1.00E+25,1.00E+25
864465.478,7855810.378,,7,SM,0.0171,2.541,2.541,6.145732,10,21,2008,19,13,28,-1.785278,1.00E+25,1.00E+25
864492.953,7855804.685,,7,SM,0.0173,2.5583,2.5583,6.243122,10,21,2008,19,13,38,-1.785278,1.00E+25,1.00E+25
864520.487,7855799.755,,7,SM,0.0173,2.5756,2.5756,6.224673,10,21,2008,19,13,48,-1.785278,1.00E+25,1.00E+25
864551.274,7855796.491,,7,SM,0.0191,2.5948,2.5948,6.88871,10,21,2008,19,13,58,-2.265991,1.00E+25,1.00E+25
864579.001,7855794.236,,7,SM,0.0172,2.612,2.612,6.190164,10,21,2008,19,14,8,-3.227295,1.00E+25,1.00E+25
864604.399,7855791.599,,7,SM,0.0158,2.6278,2.6278,5.682271,10,21,2008,19,14,18,-3.227295,1.00E+25,1.00E+25
864631.361,7855788.653,,7,SM,0.0168,2.6445,2.6445,6.034859,10,21,2008,19,14,28,-2.746704,1.00E+25,1.00E+25
864659.972,7855785.223,,7,SM,0.0178,2.6623,2.6623,6.4123,10,21,2008,19,14,38,-2.265991,1.00E+25,1.00E+25
864687.815,7855779.592,,7,SM,0.0176,2.6799,2.6799,6.320681,10,21,2008,19,14,48,-3.227295,1.00E+25,1.00E+25
864715.133,7855773.687,,7,SM,0.0173,2.6972,2.6972,6.219699,10,21,2008,19,14,58,-3.227295,1.00E+25,1.00E+25
864741.872,7855768.253,,7,SM,0.0169,2.714,2.714,6.071802,10,21,2008,19,15,8,-3.707886,1.00E+25,1.00E+25
864769.597,7855764.867,,7,SM,0.0173,2.7313,2.7313,6.21516,10,21,2008,19,15,18,-3.227295,1.00E+25,1.00E+25
864796.564,7855763.811,,7,SM,0.0167,2.748,2.748,6.005016,10,21,2008,19,15,28,-3.227295,1.00E+25,1.00E+25
864823.695,7855766.365,,7,SM,0.0168,2.7648,2.7648,6.06337,10,21,2008,19,15,38,-2.265991,1.00E+25,1.00E+25
864851.629,7855771.316,,7,SM,0.0175,2.7823,2.7823,6.312135,10,21,2008,19,15,48,-1.785278,1.00E+25,1.00E+25
864877.875,7855775.425,,7,SM,0.0164,2.7988,2.7988,5.911219,10,21,2008,19,15,58,-1.304688,1.00E+25,1.00E+25
864902.438,7855779.069,,7,SM,0.0153,2.8141,2.8141,5.524991,10,21,2008,19,16,8,-1.304688,1.00E+25,1.00E+25
864927.687,7855777.355,,7,SM,0.0156,2.8298,2.8298,5.63154,10,21,2008,19,16,18,-4.188599,1.00E+25,1.00E+25
864953.713,7855778.222,,7,SM,0.0161,2.8459,2.8459,5.793619,10,21,2008,19,16,28,-4.669312,1.00E+25,1.00E+25
864988.071,7855782.339,,7,SM,0.0214,2.8672,2.8672,7.699863,10,21,2008,19,16,38,-3.227295,1.00E+25,1.00E+25
865014.678,7855784.245,,7,SM,0.0165,2.8837,2.8837,5.935623,10,21,2008,19,16,48,-1.785278,1.00E+25,1.00E+25
865043.853,7855783.930,,7,SM,0.018,2.9018,2.9018,6.491726,10,21,2008,19,16,58,-2.265991,1.00E+25,1.00E+25
865069.536,7855783.043,,7,SM,0.0159,2.9176,2.9176,5.717911,10,21,2008,19,17,8,-5.149902,1.00E+25,1.00E+25
865094.899,7855778.330,,7,SM,0.0159,2.9336,2.9336,5.740894,10,21,2008,19,17,18,-6.111206,1.00E+25,1.00E+25
865122.004,7855771.830,,7,SM,0.0172,2.9508,2.9508,6.202805,10,21,2008,19,17,28,-6.111206,1.00E+25,1.00E+25
865147.002,7855766.304,,7,SM,0.0158,2.9666,2.9666,5.696573,10,21,2008,19,17,38,-6.111206,1.00E+25,1.00E+25
865174.697,7855763.484,,7,SM,0.0172,2.9839,2.9839,6.194974,10,21,2008,19,17,48,-6.111206,1.00E+25,1.00E+25
865203.191,7855759.664,,7,SM,0.0178,3.0016,3.0016,6.396493,10,21,2008,19,17,58,-5.630493,1.00E+25,1.00E+25
865230.207,7855753.715,,7,SM,0.0171,3.0187,3.0187,6.155747,10,21,2008,19,18,8,-3.707886,1.00E+25,1.00E+25
865256.269,7855747.043,,7,SM,0.0166,3.0354,3.0354,5.987168,10,21,2008,19,18,18,-3.707886,1.00E+25,1.00E+25
865283.653,7855741.156,,7,SM,0.0173,3.0527,3.0527,6.232847,10,21,2008,19,18,28,-2.746704,1.00E+25,1.00E+25
865310.314,7855739.677,,7,SM,0.0165,3.0692,3.0692,5.9415,10,21,2008,19,18,38,-2.265991,1.00E+25,1.00E+25
865337.712,7855737.943,,7,SM,0.017,3.0861,3.0861,6.107969,10,21,2008,19,18,48,-2.265991,1.00E+25,1.00E+25
865364.763,7855734.454,,7,SM,0.0169,3.103,3.103,6.069784,10,21,2008,19,18,58,-1.785278,1.00E+25,1.00E+25
865391.114,7855731.416,,7,SM,0.0164,3.1194,3.1194,5.90235,10,21,2008,19,19,8,-1.304688,1.00E+25,1.00E+25
865415.415,7855727.854,,7,SM,0.0152,3.1346,3.1346,5.464685,10,21,2008,19,19,18,-1.304688,1.00E+25,1.00E+25
865443.843,7855723.271,,7,SM,0.0178,3.1524,3.1524,6.407686,10,21,2008,19,19,28,-0.824097,1.00E+25,1.00E+25
865472.283,7855723.218,,7,SM,0.0176,3.17,3.17,6.32838,10,21,2008,19,19,38,0.137451,1.00E+25,1.00E+25
865499.227,7855723.864,,7,SM,0.0167,3.1866,3.1866,5.996683,10,21,2008,19,19,48,0.618042,1.00E+25,1.00E+25
865526.564,7855723.631,,7,SM,0.0169,3.2035,3.2035,6.083282,10,21,2008,19,19,58,0.618042,1.00E+25,1.00E+25
865554.833,7855726.946,,7,SM,0.0176,3.2211,3.2211,6.332492,10,21,2008,19,20,8,1.579346,1.00E+25,1.00E+25
865581.778,7855728.348,,7,SM,0.0167,3.2378,3.2378,6.003491,10,21,2008,19,20,18,1.579346,1.00E+25,1.00E+25
865608.010,7855726.803,,7,SM,0.0162,3.254,3.254,5.847295,10,21,2008,19,20,28,1.579346,1.00E+25,1.00E+25
865637.826,7855724.902,,7,SM,0.0185,3.2725,3.2725,6.647502,10,21,2008,19,20,38,2.540649,1.00E+25,1.00E+25
865662.983,7855722.615,,7,SM,0.0156,3.2881,3.2881,5.6215,10,21,2008,19,20,48,3.02124,1.00E+25,1.00E+25
865690.193,7855719.345,,7,SM,0.0169,3.305,3.305,6.097972,10,21,2008,19,20,58,2.060059,1.00E+25,1.00E+25
865716.305,7855717.780,,7,SM,0.0162,3.3212,3.3212,5.820415,10,21,2008,19,21,8,2.540649,1.00E+25,1.00E+25
865742.625,7855714.554,,7,SM,0.0164,3.3376,3.3376,5.900761,10,21,2008,19,21,18,2.060059,1.00E+25,1.00E+25
865768.298,7855708.390,,7,SM,0.0163,3.3539,3.3539,5.874878,10,21,2008,19,21,28,1.579346,1.00E+25,1.00E+25
865796.972,7855704.229,,7,SM,0.0179,3.3718,3.3718,6.447879,10,21,2008,19,21,38,2.540649,1.00E+25,1.00E+25
865824.737,7855702.182,,7,SM,0.0172,3.389,3.389,6.194482,10,21,2008,19,21,48,2.060059,1.00E+25,1.00E+25
865848.912,7855697.473,,7,SM,0.0152,3.4043,3.4043,5.480648,10,21,2008,19,21,58,0.137451,1.00E+25,1.00E+25
865872.652,7855690.427,,7,SM,0.0153,3.4196,3.4196,5.510856,10,21,2008,19,22,8,-1.304688,1.00E+25,1.00E+25
865899.426,7855683.313,,7,SM,0.0171,3.4367,3.4367,6.164256,10,21,2008,19,22,18,-0.824097,1.00E+25,1.00E+25
865923.869,7855676.195,,7,SM,0.0157,3.4524,3.4524,5.665775,10,21,2008,19,22,28,-1.785278,1.00E+25,1.00E+25
865946.839,7855666.572,,7,SM,0.0154,3.4678,3.4678,5.54243,10,21,2008,19,22,38,-2.265991,1.00E+25,1.00E+25
865968.273,7855655.186,,7,SM,0.015,3.4828,3.4828,5.401777,10,21,2008,19,22,48,-2.265991,1.00E+25,1.00E+25
865992.376,7855644.804,,7,SM,0.0162,3.499,3.499,5.840113,10,21,2008,19,22,58,-1.785278,1.00E+25,1.00E+25
866017.428,7855634.768,,7,SM,0.0167,3.5157,3.5157,6.005838,10,21,2008,19,23,8,-3.227295,1.00E+25,1.00E+25
866043.436,7855628.097,,7,SM,0.0166,3.5323,3.5323,5.975064,10,21,2008,19,23,18,-3.227295,1.00E+25,1.00E+25
866068.615,7855620.346,,7,SM,0.0163,3.5486,3.5486,5.862805,10,21,2008,19,23,28,-4.188599,1.00E+25,1.00E+25
866093.394,7855611.209,,7,SM,0.0163,3.5649,3.5649,5.877227,10,21,2008,19,23,38,-4.188599,1.00E+25,1.00E+25
866118.349,7855599.837,,7,SM,0.017,3.5819,3.5819,6.103686,10,21,2008,19,23,48,-4.669312,1.00E+25,1.00E+25
866142.760,7855590.262,,7,SM,0.0162,3.5981,3.5981,5.835367,10,21,2008,19,23,58,-4.188599,1.00E+25,1.00E+25
866166.288,7855582.241,,7,SM,0.0154,3.6135,3.6135,5.531501,10,21,2008,19,24,8,-4.188599,1.00E+25,1.00E+25
866189.403,7855569.436,,7,SM,0.0163,3.6298,3.6298,5.881741,10,21,2008,19,24,18,-4.188599,1.00E+25,1.00E+25
866210.198,7855557.381,,7,SM,0.0149,3.6447,3.6447,5.349275,10,21,2008,19,24,28,-6.591919,1.00E+25,1.00E+25
866233.371,7855543.076,,7,SM,0.0168,3.6615,3.6615,6.061731,10,21,2008,19,24,38,-6.111206,1.00E+25,1.00E+25
866257.382,7855530.984,,7,SM,0.0166,3.6781,3.6781,5.982655,10,21,2008,19,24,48,-4.669312,1.00E+25,1.00E+25
866281.978,7855522.196,,7,SM,0.0161,3.6943,3.6943,5.812792,10,21,2008,19,24,58,-4.669312,1.00E+25,1.00E+25
866305.604,7855516.646,,7,SM,0.015,3.7093,3.7093,5.400437,10,21,2008,19,25,8,-6.591919,1.00E+25,1.00E+25
866331.031,7855508.938,,7,SM,0.0164,3.7257,3.7257,5.912644,10,21,2008,19,25,18,-5.630493,1.00E+25,1.00E+25
866355.968,7855501.527,,7,SM,0.0161,3.7418,3.7418,5.789378,10,21,2008,19,25,28,-4.669312,1.00E+25,1.00E+25
866381.796,7855494.829,,7,SM,0.0165,3.7583,3.7583,5.937561,10,21,2008,19,25,38,-5.630493,1.00E+25,1.00E+25
866408.269,7855488.804,,7,SM,0.0168,3.775,3.775,6.041497,10,21,2008,19,25,48,-5.630493,1.00E+25,1.00E+25
866436.313,7855486.244,,7,SM,0.0174,3.7925,3.7925,6.265694,10,21,2008,19,25,58,-6.111206,1.00E+25,1.00E+25
866462.331,7855482.597,,7,SM,0.0162,3.8087,3.8087,5.846246,10,21,2008,19,26,8,-8.514648,1.00E+25,1.00E+25
866487.185,7855478.382,,7,SM,0.0156,3.8243,3.8243,5.609533,10,21,2008,19,26,18,-5.630493,1.00E+25,1.00E+25
866512.190,7855473.248,,7,SM,0.0158,3.8401,3.8401,5.680337,10,21,2008,19,26,28,-5.630493,1.00E+25,1.00E+25
866540.082,7855471.987,,7,SM,0.0173,3.8573,3.8573,6.212698,10,21,2008,19,26,38,-4.669312,1.00E+25,1.00E+25
866567.514,7855469.706,,7,SM,0.017,3.8743,3.8743,6.124807,10,21,2008,19,26,48,-5.149902,1.00E+25,1.00E+25
866592.981,7855465.970,,7,SM,0.0159,3.8902,3.8902,5.727766,10,21,2008,19,26,58,-7.553101,1.00E+25,1.00E+25
866618.390,7855462.978,,7,SM,0.0158,3.906,3.906,5.692847,10,21,2008,19,27,8,-7.553101,1.00E+25,1.00E+25
866643.834,7855461.315,,7,SM,0.0158,3.9218,3.9218,5.673291,10,21,2008,19,27,18,-6.111206,1.00E+25,1.00E+25
866669.681,7855461.793,,7,SM,0.016,3.9378,3.9378,5.751677,10,21,2008,19,27,28,-5.149902,1.00E+25,1.00E+25
866695.623,7855464.740,,7,SM,0.0161,3.9539,3.9539,5.809379,10,21,2008,19,27,38,-5.149902,1.00E+25,1.00E+25
866722.110,7855464.381,,7,SM,0.0164,3.9703,3.9703,5.89397,10,21,2008,19,27,48,-3.227295,1.00E+25,1.00E+25
866747.368,7855463.065,,7,SM,0.0156,3.9859,3.9859,5.628128,10,21,2008,19,27,58,-3.227295,1.00E+25,1.00E+25
866772.878,7855464.054,,7,SM,0.0158,4.0017,4.0017,5.680271,10,21,2008,19,28,8,-2.746704,1.00E+25,1.00E+25
866799.067,7855467.798,,7,SM,0.0164,4.0181,4.0181,5.886365,10,21,2008,19,28,18,-2.746704,1.00E+25,1.00E+25
866824.640,7855468.799,,7,SM,0.0158,4.0339,4.0339,5.693988,10,21,2008,19,28,28,-4.669312,1.00E+25,1.00E+25
866849.894,7855465.974,,7,SM,0.0157,4.0496,4.0496,5.654997,10,21,2008,19,28,38,-3.707886,1.00E+25,1.00E+25
866873.496,7855462.500,,7,SM,0.0147,4.0643,4.0643,5.308405,10,21,2008,19,28,48,-4.188599,1.00E+25,1.00E+25
866898.429,7855465.850,,7,SM,0.0155,4.0799,4.0799,5.597444,10,21,2008,19,28,58,-3.227295,1.00E+25,1.00E+25
866924.314,7855470.299,,7,SM,0.0162,4.0961,4.0961,5.843801,10,21,2008,19,29,8,-5.630493,1.00E+25,1.00E+25
866949.084,7855468.905,,7,SM,0.0153,4.1114,4.1114,5.520275,10,21,2008,19,29,18,-5.630493,1.00E+25,1.00E+25
866974.589,7855466.123,,7,SM,0.0159,4.1273,4.1273,5.708251,10,21,2008,19,29,28,-4.669312,1.00E+25,1.00E+25
866998.308,7855461.160,,7,SM,0.015,4.1423,4.1423,5.392902,10,21,2008,19,29,38,-4.669312,1.00E+25,1.00E+25
867022.178,7855453.770,,7,SM,0.0154,4.1577,4.1577,5.560709,10,21,2008,19,29,48,-4.669312,1.00E+25,1.00E+25
867046.967,7855445.021,,7,SM,0.0162,4.174,4.174,5.849466,10,21,2008,19,29,58,-2.746704,1.00E+25,1.00E+25
867070.252,7855436.968,,7,SM,0.0152,4.1892,4.1892,5.4834,10,21,2008,19,30,8,-2.746704,1.00E+25,1.00E+25
867093.660,7855427.804,,7,SM,0.0155,4.2047,4.2047,5.594286,10,21,2008,19,30,18,-2.265991,1.00E+25,1.00E+25
867117.465,7855417.007,,7,SM,0.0162,4.2209,4.2209,5.816912,10,21,2008,19,30,28,-2.265991,1.00E+25,1.00E+25
867139.700,7855403.875,,7,SM,0.016,4.2369,4.2369,5.747655,10,21,2008,19,30,38,-2.265991,1.00E+25,1.00E+25
867160.102,7855390.820,,7,SM,0.015,4.2518,4.2518,5.39073,10,21,2008,19,30,48,-2.265991,1.00E+25,1.00E+25
867183.411,7855378.433,,7,SM,0.0163,4.2682,4.2682,5.87507,10,21,2008,19,30,58,-0.343384,1.00E+25,1.00E+25
867205.929,7855367.801,,7,SM,0.0154,4.2836,4.2836,5.541894,10,21,2008,19,31,8,-0.824097,1.00E+25,1.00E+25
867230.241,7855365.014,,7,SM,0.0151,4.2987,4.2987,5.444684,10,21,2008,19,31,18,1.098633,1.00E+25,1.00E+25
867254.699,7855361.307,,7,SM,0.0153,4.314,4.314,5.505126,10,21,2008,19,31,28,1.579346,1.00E+25,1.00E+25
867277.935,7855356.268,,7,SM,0.0147,4.3287,4.3287,5.2903,10,21,2008,19,31,38,-0.343384,1.00E+25,1.00E+25
867303.865,7855351.294,,7,SM,0.0163,4.345,4.345,5.874886,10,21,2008,19,31,48,1.098633,1.00E+25,1.00E+25
867329.588,7855351.005,,7,SM,0.0159,4.3609,4.3609,5.724017,10,21,2008,19,31,58,1.098633,1.00E+25,1.00E+25
867352.146,7855344.722,,7,SM,0.0145,4.3754,4.3754,5.210916,10,21,2008,19,32,8,0.618042,1.00E+25,1.00E+25
867377.432,7855340.586,,7,SM,0.0158,4.3912,4.3912,5.7017,10,21,2008,19,32,18,0.137451,1.00E+25,1.00E+25
867400.981,7855339.751,,7,SM,0.0146,4.4058,4.4058,5.243018,10,21,2008,19,32,28,-2.746704,1.00E+25,1.00E+25
867428.761,7855341.876,,7,SM,0.0172,4.423,4.423,6.199245,10,21,2008,19,32,38,-3.707886,1.00E+25,1.00E+25
867455.010,7855342.618,,7,SM,0.0162,4.4392,4.4392,5.842274,10,21,2008,19,32,48,-1.785278,1.00E+25,1.00E+25
867479.165,7855338.864,,7,SM,0.0151,4.4543,4.4543,5.439592,10,21,2008,19,32,58,-1.304688,1.00E+25,1.00E+25
867509.519,7855341.415,,7,SM,0.0188,4.4732,4.4732,6.77755,10,21,2008,19,33,8,-1.304688,1.00E+25,1.00E+25
867534.811,7855338.415,,7,SM,0.0157,4.4889,4.4889,5.66693,10,21,2008,19,33,18,-1.304688,1.00E+25,1.00E+25
867558.449,7855335.896,,7,SM,0.0147,4.5036,4.5036,5.289436,10,21,2008,19,33,28,-1.304688,1.00E+25,1.00E+25
867591.659,7855344.392,,7,SM,0.0212,4.5248,4.5248,7.627812,10,21,2008,19,33,38,-3.227295,1.00E+25,1.00E+25
867614.295,7855346.804,,7,SM,0.0141,4.5388,4.5388,5.065052,10,21,2008,19,33,48,-2.265991,1.00E+25,1.00E+25
867637.420,7855347.788,,7,SM,0.0143,4.5531,4.5531,5.149684,10,21,2008,19,33,58,-1.304688,1.00E+25,1.00E+25
867667.160,7855350.241,,7,SM,0.0184,4.5716,4.5716,6.639885,10,21,2008,19,34,8,-2.265991,1.00E+25,1.00E+25
867688.007,7855345.188,,7,SM,0.0133,4.5849,4.5849,4.773223,10,21,2008,19,34,18,-0.824097,1.00E+25,1.00E+25
867711.796,7855340.243,,7,SM,0.015,4.5999,4.5999,5.406275,10,21,2008,19,34,28,1.098633,1.00E+25,1.00E+25
867734.385,7855333.402,,7,SM,0.0146,4.6145,4.6145,5.252303,10,21,2008,19,34,38,0.137451,1.00E+25,1.00E+25
867758.599,7855327.397,,7,SM,0.0154,4.6299,4.6299,5.551566,10,21,2008,19,34,48,-1.785278,1.00E+25,1.00E+25
867783.551,7855323.399,,7,SM,0.0156,4.6455,4.6455,5.6232,10,21,2008,19,34,58,-1.785278,1.00E+25,1.00E+25
867807.834,7855320.046,,7,SM,0.0151,4.6606,4.6606,5.453987,10,21,2008,19,35,8,-3.707886,1.00E+25,1.00E+25
867833.189,7855319.325,,7,SM,0.0157,4.6763,4.6763,5.64432,10,21,2008,19,35,18,-3.707886,1.00E+25,1.00E+25
867857.410,7855317.472,,7,SM,0.015,4.6913,4.6913,5.405309,10,21,2008,19,35,28,-1.785278,1.00E+25,1.00E+25
867879.179,7855312.196,,7,SM,0.0138,4.7052,4.7052,4.983789,10,21,2008,19,35,38,-1.304688,1.00E+25,1.00E+25
867905.673,7855314.870,,7,SM,0.0165,4.7216,4.7216,5.925302,10,21,2008,19,35,48,-1.785278,1.00E+25,1.00E+25
867930.414,7855312.160,,7,SM,0.0154,4.737,4.737,5.53813,10,21,2008,19,35,58,-1.785278,1.00E+25,1.00E+25
867955.957,7855312.980,,7,SM,0.0158,4.7528,4.7528,5.686406,10,21,2008,19,36,8,-0.343384,1.00E+25,1.00E+25
867980.061,7855311.864,,7,SM,0.0149,4.7677,4.7677,5.368359,10,21,2008,19,36,18,0.618042,1.00E+25,1.00E+25
868003.054,7855307.545,,7,SM,0.0145,4.7822,4.7822,5.205867,10,21,2008,19,36,28,1.098633,1.00E+25,1.00E+25
868028.445,7855308.152,,7,SM,0.0157,4.7979,4.7979,5.650987,10,21,2008,19,36,38,0.618042,1.00E+25,1.00E+25
868053.062,7855305.046,,7,SM,0.0153,4.8132,4.8132,5.521367,10,21,2008,19,36,48,1.098633,1.00E+25,1.00E+25
868078.350,7855300.164,,7,SM,0.0159,4.8292,4.8292,5.731315,10,21,2008,19,36,58,0.137451,1.00E+25,1.00E+25
868108.877,7855293.316,,7,SM,0.0193,4.8485,4.8485,6.961058,10,21,2008,19,37,8,-8.514648,1.00E+25,1.00E+25
868129.687,7855283.543,,7,SM,0.0142,4.8627,4.8627,5.116705,10,21,2008,19,37,18,-6.591919,1.00E+25,1.00E+25
868150.778,7855276.270,,7,SM,0.0138,4.8765,4.8765,4.964633,10,21,2008,19,37,28,-7.07251,1.00E+25,1.00E+25
868171.961,7855269.957,,7,SM,0.0137,4.8902,4.8902,4.919024,10,21,2008,19,37,38,-4.669312,1.00E+25,1.00E+25
868194.399,7855262.152,,7,SM,0.0147,4.9048,4.9048,5.286649,10,21,2008,19,37,48,-4.188599,1.00E+25,1.00E+25
868217.938,7855252.642,,7,SM,0.0157,4.9205,4.9205,5.649565,10,21,2008,19,37,58,-3.707886,1.00E+25,1.00E+25
868241.656,7855242.029,,7,SM,0.0161,4.9366,4.9366,5.783077,10,21,2008,19,38,8,-1.304688,1.00E+25,1.00E+25
868264.128,7855234.797,,7,SM,0.0146,4.9512,4.9512,5.252925,10,21,2008,19,38,18,-0.824097,1.00E+25,1.00E+25
868288.925,7855229.081,,7,SM,0.0157,4.9669,4.9669,5.663194,10,21,2008,19,38,28,0.137451,1.00E+25,1.00E+25
868313.420,7855222.183,,7,SM,0.0157,4.9826,4.9826,5.662219,10,21,2008,19,38,38,0.618042,1.00E+25,1.00E+25
868337.854,7855217.917,,7,SM,0.0153,4.998,4.998,5.519391,10,21,2008,19,38,48,-0.343384,1.00E+25,1.00E+25
868362.780,7855213.733,,7,SM,0.0156,5.0136,5.0136,5.623858,10,21,2008,19,38,58,-1.304688,1.00E+25,1.00E+25
868387.211,7855207.202,,7,SM,0.0156,5.0292,5.0292,5.627567,10,21,2008,19,39,8,-0.343384,1.00E+25,1.00E+25
868412.225,7855200.958,,7,SM,0.0159,5.0452,5.0452,5.737143,10,21,2008,19,39,18,1.098633,1.00E+25,1.00E+25
868437.211,7855196.029,,7,SM,0.0157,5.0609,5.0609,5.666933,10,21,2008,19,39,28,-0.343384,1.00E+25,1.00E+25
868461.862,7855191.233,,7,SM,0.0155,5.0764,5.0764,5.587724,10,21,2008,19,39,38,2.060059,1.00E+25,1.00E+25
868485.158,7855184.328,,7,SM,0.015,5.0915,5.0915,5.407559,10,21,2008,19,39,48,1.579346,1.00E+25,1.00E+25
868509.718,7855179.330,,7,SM,0.0155,5.1069,5.1069,5.576531,10,21,2008,19,39,58,0.618042,1.00E+25,1.00E+25
868534.583,7855175.137,,7,SM,0.0156,5.1225,5.1225,5.610936,10,21,2008,19,40,8,1.098633,1.00E+25,1.00E+25
868559.323,7855170.925,,7,SM,0.0155,5.138,5.138,5.584826,10,21,2008,19,40,18,2.060059,1.00E+25,1.00E+25
868583.670,7855167.967,,7,SM,0.0152,5.1532,5.1532,5.457114,10,21,2008,19,40,28,2.540649,1.00E+25,1.00E+25
868608.509,7855165.470,,7,SM,0.0154,5.1686,5.1686,5.554356,10,21,2008,19,40,38,3.501953,1.00E+25,1.00E+25
868632.332,7855160.728,,7,SM,0.015,5.1836,5.1836,5.405083,10,21,2008,19,40,48,5.905273,1.00E+25,1.00E+25
868657.316,7855155.046,,7,SM,0.0158,5.1995,5.1995,5.701835,10,21,2008,19,40,58,3.982666,1.00E+25,1.00E+25
868682.673,7855149.804,,7,SM,0.016,5.2155,5.2155,5.761173,10,21,2008,19,41,8,3.982666,1.00E+25,1.00E+25
868707.322,7855143.502,,7,SM,0.0157,5.2312,5.2312,5.66138,10,21,2008,19,41,18,4.463257,1.00E+25,1.00E+25
868731.692,7855135.456,,7,SM,0.0159,5.2471,5.2471,5.711273,10,21,2008,19,41,28,3.02124,1.00E+25,1.00E+25
868755.999,7855127.021,,7,SM,0.0159,5.263,5.263,5.72599,10,21,2008,19,41,38,2.540649,1.00E+25,1.00E+25
868780.434,7855120.117,,7,SM,0.0157,5.2787,5.2787,5.650074,10,21,2008,19,41,48,3.02124,1.00E+25,1.00E+25
868804.716,7855114.510,,7,SM,0.0154,5.2941,5.2941,5.545609,10,21,2008,19,41,58,2.540649,1.00E+25,1.00E+25
868828.843,7855106.046,,7,SM,0.0158,5.3099,5.3099,5.68967,10,21,2008,19,42,8,2.540649,1.00E+25,1.00E+25
868852.695,7855098.859,,7,SM,0.0154,5.3253,5.3253,5.543568,10,21,2008,19,42,18,2.540649,1.00E+25,1.00E+25
868877.376,7855092.374,,7,SM,0.0158,5.3411,5.3411,5.678366,10,21,2008,19,42,28,2.540649,1.00E+25,1.00E+25
868900.829,7855083.423,,7,SM,0.0155,5.3566,5.3566,5.586291,10,21,2008,19,42,38,3.02124,1.00E+25,1.00E+25
868924.590,7855077.541,,7,SM,0.0151,5.3717,5.3717,5.447227,10,21,2008,19,42,48,2.060059,1.00E+25,1.00E+25
868949.094,7855074.802,,7,SM,0.0152,5.3869,5.3869,5.485827,10,21,2008,19,42,58,3.02124,1.00E+25,1.00E+25
868974.052,7855070.819,,7,SM,0.0156,5.4026,5.4026,5.624191,10,21,2008,19,43,8,0.618042,1.00E+25,1.00E+25
868998.675,7855066.968,,7,SM,0.0154,5.418,5.418,5.545563,10,21,2008,19,43,18,-0.343384,1.00E+25,1.00E+25
869023.545,7855063.159,,7,SM,0.0156,5.4335,5.4335,5.598089,10,21,2008,19,43,28,0.137451,1.00E+25,1.00E+25
869048.166,7855057.044,,7,SM,0.0157,5.4492,5.4492,5.645108,10,21,2008,19,43,38,0.618042,1.00E+25,1.00E+25
869072.475,7855048.612,,7,SM,0.0159,5.4651,5.4651,5.726242,10,21,2008,19,43,48,0.618042,1.00E+25,1.00E+25
869096.668,7855042.049,,7,SM,0.0155,5.4806,5.4806,5.577833,10,21,2008,19,43,58,1.579346,1.00E+25,1.00E+25
869121.166,7855036.292,,7,SM,0.0156,5.4962,5.4962,5.600056,10,21,2008,19,44,8,1.579346,1.00E+25,1.00E+25
869145.819,7855031.127,,7,SM,0.0156,5.5117,5.5117,5.604872,10,21,2008,19,44,18,2.060059,1.00E+25,1.00E+25
869170.199,7855026.105,,7,SM,0.0154,5.5271,5.5271,5.538377,10,21,2008,19,44,28,2.060059,1.00E+25,1.00E+25
869194.974,7855020.206,,7,SM,0.0157,5.5429,5.5429,5.667117,10,21,2008,19,44,38,2.540649,1.00E+25,1.00E+25
869219.717,7855014.113,,7,SM,0.0158,5.5586,5.5586,5.67064,10,21,2008,19,44,48,2.540649,1.00E+25,1.00E+25
869244.161,7855011.744,,7,SM,0.0152,5.5738,5.5738,5.464102,10,21,2008,19,44,58,2.540649,1.00E+25,1.00E+25
869268.175,7855011.948,,7,SM,0.0148,5.5886,5.5886,5.343901,10,21,2008,19,45,8,3.982666,1.00E+25,1.00E+25
869293.816,7855012.232,,7,SM,0.0158,5.6045,5.6045,5.705327,10,21,2008,19,45,18,4.463257,1.00E+25,1.00E+25
869318.933,7855009.220,,7,SM,0.0156,5.6201,5.6201,5.628538,10,21,2008,19,45,28,3.501953,1.00E+25,1.00E+25
869343.496,7855003.854,,7,SM,0.0155,5.6357,5.6357,5.594474,10,21,2008,19,45,38,3.982666,1.00E+25,1.00E+25
869368.488,7854998.935,,7,SM,0.0157,5.6514,5.6514,5.667693,10,21,2008,19,45,48,3.02124,1.00E+25,1.00E+25
869393.236,7854995.486,,7,SM,0.0154,5.6668,5.6668,5.559951,10,21,2008,19,45,58,3.501953,1.00E+25,1.00E+25
869418.474,7854991.365,,7,SM,0.0158,5.6826,5.6826,5.690139,10,21,2008,19,46,8,3.982666,1.00E+25,1.00E+25
869443.405,7854987.570,,7,SM,0.0156,5.6982,5.6982,5.611545,10,21,2008,19,46,18,3.982666,1.00E+25,1.00E+25
869468.340,7854986.417,,7,SM,0.0154,5.7137,5.7137,5.553997,10,21,2008,19,46,28,2.540649,1.00E+25,1.00E+25
869493.612,7854984.756,,7,SM,0.0157,5.7293,5.7293,5.635138,10,21,2008,19,46,38,3.501953,1.00E+25,1.00E+25
869518.359,7854979.043,,7,SM,0.0157,5.745,5.745,5.651374,10,21,2008,19,46,48,2.540649,1.00E+25,1.00E+25
869542.642,7854971.934,,7,SM,0.0156,5.7607,5.7607,5.631018,10,21,2008,19,46,58,1.579346,1.00E+25,1.00E+25
869566.684,7854965.916,,7,SM,0.0153,5.776,5.776,5.514861,10,21,2008,19,47,8,2.060059,1.00E+25,1.00E+25
869591.311,7854962.072,,7,SM,0.0154,5.7914,5.7914,5.546005,10,21,2008,19,47,18,2.540649,1.00E+25,1.00E+25
869615.940,7854959.739,,7,SM,0.0153,5.8067,5.8067,5.504424,10,21,2008,19,47,28,2.540649,1.00E+25,1.00E+25
869640.353,7854957.935,,7,SM,0.0151,5.8218,5.8218,5.447047,10,21,2008,19,47,38,1.579346,1.00E+25,1.00E+25
869665.322,7854958.112,,7,SM,0.0154,5.8372,5.8372,5.55541,10,21,2008,19,47,48,3.501953,1.00E+25,1.00E+25
869690.592,7854955.697,,7,SM,0.0157,5.8529,5.8529,5.648676,10,21,2008,19,47,58,3.02124,1.00E+25,1.00E+25
869714.819,7854949.711,,7,SM,0.0154,5.8683,5.8683,5.552997,10,21,2008,19,48,8,2.540649,1.00E+25,1.00E+25
869737.113,7854939.066,,7,SM,0.0153,5.8836,5.8836,5.497884,10,21,2008,19,48,18,3.02124,1.00E+25,1.00E+25
869758.485,7854926.379,,7,SM,0.0154,5.899,5.899,5.531428,10,21,2008,19,48,28,2.540649,1.00E+25,1.00E+25
869781.265,7854915.814,,7,SM,0.0155,5.9145,5.9145,5.588903,10,21,2008,19,48,38,3.982666,1.00E+25,1.00E+25
869804.879,7854907.086,,7,SM,0.0156,5.9301,5.9301,5.602051,10,21,2008,19,48,48,2.540649,1.00E+25,1.00E+25
869829.168,7854901.866,,7,SM,0.0154,5.9454,5.9454,5.528178,10,21,2008,19,48,58,3.02124,1.00E+25,1.00E+25
869853.855,7854897.281,,7,SM,0.0155,5.9609,5.9609,5.587518,10,21,2008,19,49,8,2.060059,1.00E+25,1.00E+25
869878.238,7854892.644,,7,SM,0.0153,5.9763,5.9763,5.522631,10,21,2008,19,49,18,3.02124,1.00E+25,1.00E+25
869901.761,7854886.355,,7,SM,0.0151,5.9913,5.9913,5.418264,10,21,2008,19,49,28,1.579346,1.00E+25,1.00E+25
869925.501,7854881.424,,7,SM,0.015,6.0063,6.0063,5.395077,10,21,2008,19,49,38,0.618042,1.00E+25,1.00E+25
869949.977,7854878.501,,7,SM,0.0152,6.0216,6.0216,5.484778,10,21,2008,19,49,48,0.618042,1.00E+25,1.00E+25
869974.516,7854875.590,,7,SM,0.0153,6.0368,6.0368,5.498065,10,21,2008,19,49,58,-0.343384,1.00E+25,1.00E+25
869999.358,7854873.107,,7,SM,0.0154,6.0523,6.0523,5.555535,10,21,2008,19,50,8,1.098633,1.00E+25,1.00E+25
870025.642,7854870.675,,7,SM,0.0163,6.0686,6.0686,5.873395,10,21,2008,19,50,18,3.501953,1.00E+25,1.00E+25
870050.734,7854868.234,,7,SM,0.0156,6.0842,6.0842,5.608951,10,21,2008,19,50,28,3.501953,1.00E+25,1.00E+25
870075.548,7854866.312,,7,SM,0.0154,6.0995,6.0995,5.537821,10,21,2008,19,50,38,3.02124,1.00E+25,1.00E+25
870100.731,7854865.209,,7,SM,0.0156,6.1151,6.1151,5.608598,10,21,2008,19,50,48,3.02124,1.00E+25,1.00E+25
870125.236,7854861.349,,7,SM,0.0153,6.1305,6.1305,5.520179,10,21,2008,19,50,58,2.060059,1.00E+25,1.00E+25
870149.590,7854856.144,,7,SM,0.0154,6.1459,6.1459,5.541242,10,21,2008,19,51,8,3.982666,1.00E+25,1.00E+25
870173.786,7854848.837,,7,SM,0.0156,6.1615,6.1615,5.624793,10,21,2008,19,51,18,3.501953,1.00E+25,1.00E+25
870197.928,7854844.163,,7,SM,0.0152,6.1767,6.1767,5.470992,10,21,2008,19,51,28,3.02124,1.00E+25,1.00E+25
870223.141,7854843.254,,7,SM,0.0156,6.1923,6.1923,5.613808,10,21,2008,19,51,38,2.060059,1.00E+25,1.00E+25
870248.017,7854843.233,,7,SM,0.0154,6.2076,6.2076,5.535288,10,21,2008,19,51,48,3.02124,1.00E+25,1.00E+25
870272.834,7854842.825,,7,SM,0.0153,6.223,6.223,5.522368,10,21,2008,19,51,58,2.060059,1.00E+25,1.00E+25
870297.683,7854843.742,,7,SM,0.0154,6.2384,6.2384,5.53237,10,21,2008,19,52,8,2.540649,1.00E+25,1.00E+25
870322.928,7854844.916,,7,SM,0.0156,6.254,6.254,5.623315,10,21,2008,19,52,18,2.060059,1.00E+25,1.00E+25
870348.081,7854843.620,,7,SM,0.0156,6.2695,6.2695,5.60397,10,21,2008,19,52,28,1.579346,1.00E+25,1.00E+25
870373.018,7854840.213,,7,SM,0.0156,6.2851,6.2851,5.600246,10,21,2008,19,52,38,1.579346,1.00E+25,1.00E+25
870398.173,7854839.296,,7,SM,0.0156,6.3006,6.3006,5.600342,10,21,2008,19,52,48,1.579346,1.00E+25,1.00E+25
870423.142,7854839.858,,7,SM,0.0154,6.3161,6.3161,5.557282,10,21,2008,19,52,58,2.060059,1.00E+25,1.00E+25
870447.774,7854836.401,,7,SM,0.0154,6.3315,6.3315,5.534309,10,21,2008,19,53,8,1.579346,1.00E+25,1.00E+25
870470.992,7854828.180,,7,SM,0.0152,6.3467,6.3467,5.481218,10,21,2008,19,53,18,0.618042,1.00E+25,1.00E+25
870494.700,7854819.662,,7,SM,0.0156,6.3623,6.3623,5.606098,10,21,2008,19,53,28,1.098633,1.00E+25,1.00E+25
870519.760,7854814.389,,7,SM,0.0158,6.3781,6.3781,5.698141,10,21,2008,19,53,38,3.02124,1.00E+25,1.00E+25
870542.861,7854810.301,,7,SM,0.0145,6.3926,6.3926,5.219716,10,21,2008,19,53,48,1.579346,1.00E+25,1.00E+25
870567.216,7854804.723,,7,SM,0.0154,6.408,6.408,5.559634,10,21,2008,19,53,58,2.060059,1.00E+25,1.00E+25
870591.170,7854797.758,,7,SM,0.0154,6.4234,6.4234,5.551458,10,21,2008,19,54,8,2.540649,1.00E+25,1.00E+25
870615.524,7854791.048,,7,SM,0.0156,6.4391,6.4391,5.621294,10,21,2008,19,54,18,3.982666,1.00E+25,1.00E+25
870639.973,7854786.429,,7,SM,0.0154,6.4544,6.4544,5.536099,10,21,2008,19,54,28,3.501953,1.00E+25,1.00E+25
870665.278,7854782.709,,7,SM,0.0158,6.4703,6.4703,5.691348,10,21,2008,19,54,38,3.02124,1.00E+25,1.00E+25
870689.111,7854777.611,,7,SM,0.0151,6.4853,6.4853,5.423513,10,21,2008,19,54,48,2.060059,1.00E+25,1.00E+25
870713.990,7854773.820,,7,SM,0.0156,6.5009,6.5009,5.599345,10,21,2008,19,54,58,2.540649,1.00E+25,1.00E+25
870739.145,7854771.774,,7,SM,0.0156,6.5165,6.5165,5.615369,10,21,2008,19,55,8,2.540649,1.00E+25,1.00E+25
870764.544,7854769.769,,7,SM,0.0157,6.5322,6.5322,5.669024,10,21,2008,19,55,18,3.02124,1.00E+25,1.00E+25
870789.697,7854766.968,,7,SM,0.0156,6.5479,6.5479,5.631478,10,21,2008,19,55,28,2.540649,1.00E+25,1.00E+25
870814.422,7854762.964,,7,SM,0.0155,6.5633,6.5633,5.573128,10,21,2008,19,55,38,3.02124,1.00E+25,1.00E+25
870839.546,7854758.837,,7,SM,0.0157,6.5791,6.5791,5.665001,10,21,2008,19,55,48,3.982666,1.00E+25,1.00E+25
870864.609,7854755.834,,7,SM,0.0156,6.5947,6.5947,5.616422,10,21,2008,19,55,58,3.501953,1.00E+25,1.00E+25
870889.762,7854754.921,,7,SM,0.0156,6.6102,6.6102,5.600731,10,21,2008,19,56,8,2.540649,1.00E+25,1.00E+25
870914.765,7854755.683,,7,SM,0.0155,6.6257,6.6257,5.56565,10,21,2008,19,56,18,2.060059,1.00E+25,1.00E+25
870939.985,7854757.047,,7,SM,0.0156,6.6413,6.6413,5.619037,10,21,2008,19,56,28,1.098633,1.00E+25,1.00E+25
870964.711,7854754.932,,7,SM,0.0153,6.6566,6.6566,5.521698,10,21,2008,19,56,38,1.098633,1.00E+25,1.00E+25
870989.283,7854750.338,,7,SM,0.0155,6.6721,6.6721,5.562261,10,21,2008,19,56,48,1.098633,1.00E+25,1.00E+25
871014.221,7854744.295,,7,SM,0.0159,6.688,6.688,5.709951,10,21,2008,19,56,58,1.098633,1.00E+25,1.00E+25
871039.160,7854735.610,,7,SM,0.0163,6.7043,6.7043,5.876392,10,21,2008,19,57,8,3.02124,1.00E+25,1.00E+25
871061.922,7854724.865,,7,SM,0.0156,6.7198,6.7198,5.601681,10,21,2008,19,57,18,3.02124,1.00E+25,1.00E+25
871086.586,7854718.588,,7,SM,0.0157,6.7356,6.7356,5.663075,10,21,2008,19,57,28,4.463257,1.00E+25,1.00E+25
871111.067,7854714.546,,7,SM,0.0153,6.7509,6.7509,5.520981,10,21,2008,19,57,38,3.501953,1.00E+25,1.00E+25
871135.058,7854711.178,,7,SM,0.015,6.7659,6.7659,5.390529,10,21,2008,19,57,48,3.02124,1.00E+25,1.00E+25
871160.487,7854708.615,,7,SM,0.0158,6.7817,6.7817,5.687268,10,21,2008,19,57,58,4.463257,1.00E+25,1.00E+25
871185.580,7854702.034,,7,SM,0.016,6.7977,6.7977,5.772603,10,21,2008,19,58,8,4.463257,1.00E+25,1.00E+25
871209.693,7854694.535,,7,SM,0.0156,6.8133,6.8133,5.619187,10,21,2008,19,58,18,3.982666,1.00E+25,1.00E+25
871234.113,7854689.728,,7,SM,0.0154,6.8287,6.8287,5.537988,10,21,2008,19,58,28,3.02124,1.00E+25,1.00E+25
871259.208,7854686.545,,7,SM,0.0156,6.8443,6.8443,5.628494,10,21,2008,19,58,38,3.501953,1.00E+25,1.00E+25
871284.884,7854681.006,,7,SM,0.0162,6.8606,6.8606,5.84484,10,21,2008,19,58,48,3.982666,1.00E+25,1.00E+25
871309.365,7854674.701,,7,SM,0.0156,6.8762,6.8762,5.625305,10,21,2008,19,58,58,4.463257,1.00E+25,1.00E+25
871334.708,7854669.672,,7,SM,0.016,6.8922,6.8922,5.748405,10,21,2008,19,59,8,4.943848,1.00E+25,1.00E+25
871359.773,7854667.807,,7,SM,0.0155,6.9077,6.9077,5.592461,10,21,2008,19,59,18,4.943848,1.00E+25,1.00E+25
871384.929,7854666.145,,7,SM,0.0156,6.9233,6.9233,5.609695,10,21,2008,19,59,28,4.463257,1.00E+25,1.00E+25
871410.088,7854664.106,,7,SM,0.0156,6.9389,6.9389,5.615873,10,21,2008,19,59,38,3.501953,1.00E+25,1.00E+25
871435.061,7854661.660,,7,SM,0.0155,6.9544,6.9544,5.583245,10,21,2008,19,59,48,3.02124,1.00E+25,1.00E+25
871460.185,7854659.805,,7,SM,0.0156,6.97,6.97,5.605948,10,21,2008,19,59,58,3.501953,1.00E+25,1.00E+25
871485.312,7854657.573,,7,SM,0.0156,6.9856,6.9856,5.612777,10,21,2008,20,0,8,3.02124,1.00E+25,1.00E+25
871510.748,7854655.393,,7,SM,0.0158,7.0013,7.0013,5.679725,10,21,2008,20,0,18,3.501953,1.00E+25,1.00E+25
871536.209,7854650.387,,7,SM,0.016,7.0174,7.0174,5.774394,10,21,2008,20,0,28,3.02124,1.00E+25,1.00E+25
871560.232,7854643.442,,7,SM,0.0155,7.0328,7.0328,5.564542,10,21,2008,20,0,38,2.060059,1.00E+25,1.00E+25
871585.881,7854637.334,,7,SM,0.0163,7.0491,7.0491,5.866563,10,21,2008,20,0,48,2.540649,1.00E+25,1.00E+25
871611.682,7854634.461,,7,SM,0.016,7.0652,7.0652,5.776399,10,21,2008,20,0,58,3.02124,1.00E+25,1.00E+25
871637.023,7854631.700,,7,SM,0.0158,7.0809,7.0809,5.672023,10,21,2008,20,1,8,2.540649,1.00E+25,1.00E+25
871662.059,7854627.001,,7,SM,0.0157,7.0967,7.0967,5.667887,10,21,2008,20,1,18,3.501953,1.00E+25,1.00E+25
871687.402,7854621.599,,7,SM,0.016,7.1127,7.1127,5.765594,10,21,2008,20,1,28,3.02124,1.00E+25,1.00E+25
871712.591,7854617.870,,7,SM,0.0157,7.1284,7.1284,5.665793,10,21,2008,20,1,38,2.540649,1.00E+25,1.00E+25
871738.209,7854619.120,,7,SM,0.0159,7.1443,7.1443,5.706808,10,21,2008,20,1,48,2.060059,1.00E+25,1.00E+25
871763.918,7854617.555,,7,SM,0.0159,7.1602,7.1602,5.731139,10,21,2008,20,1,58,2.060059,1.00E+25,1.00E+25
871789.905,7854611.695,,7,SM,0.0165,7.1767,7.1767,5.927428,10,21,2008,20,2,8,3.02124,1.00E+25,1.00E+25
871815.769,7854606.191,,7,SM,0.0163,7.193,7.193,5.88377,10,21,2008,20,2,18,4.463257,1.00E+25,1.00E+25
871841.110,7854602.300,,7,SM,0.0158,7.2089,7.2089,5.705011,10,21,2008,20,2,28,3.02124,1.00E+25,1.00E+25
871866.517,7854601.440,,7,SM,0.0157,7.2246,7.2246,5.655667,10,21,2008,20,2,38,3.501953,1.00E+25,1.00E+25
871892.011,7854600.785,,7,SM,0.0158,7.2403,7.2403,5.674765,10,21,2008,20,2,48,3.982666,1.00E+25,1.00E+25
871917.080,7854597.038,,7,SM,0.0157,7.256,7.256,5.63961,10,21,2008,20,2,58,3.02124,1.00E+25,1.00E+25
871941.686,7854590.759,,7,SM,0.0157,7.2717,7.2717,5.650981,10,21,2008,20,3,8,2.540649,1.00E+25,1.00E+25
871968.011,7854585.147,,7,SM,0.0166,7.2883,7.2883,5.989109,10,21,2008,20,3,18,3.02124,1.00E+25,1.00E+25
871992.927,7854577.788,,7,SM,0.0161,7.3044,7.3044,5.780737,10,21,2008,20,3,28,2.060059,1.00E+25,1.00E+25
872016.279,7854568.093,,7,SM,0.0156,7.32,7.32,5.62667,10,21,2008,20,3,38,1.579346,1.00E+25,1.00E+25
872039.598,7854558.204,,7,SM,0.0157,7.3357,7.3357,5.637126,10,21,2008,20,3,48,1.098633,1.00E+25,1.00E+25
872063.716,7854549.581,,7,SM,0.0158,7.3515,7.3515,5.699723,10,21,2008,20,3,58,0.618042,1.00E+25,1.00E+25
872089.090,7854543.244,,7,SM,0.0162,7.3677,7.3677,5.819731,10,21,2008,20,4,8,1.579346,1.00E+25,1.00E+25
872114.192,7854539.693,,7,SM,0.0157,7.3833,7.3833,5.640332,10,21,2008,20,4,18,1.579346,1.00E+25,1.00E+25
872139.045,7854533.081,,7,SM,0.0159,7.3992,7.3992,5.722876,10,21,2008,20,4,28,0.618042,1.00E+25,1.00E+25
872163.317,7854524.673,,7,SM,0.0159,7.4151,7.4151,5.716098,10,21,2008,20,4,38,0.137451,1.00E+25,1.00E+25
872187.652,7854517.408,,7,SM,0.0157,7.4308,7.4308,5.650923,10,21,2008,20,4,48,0.618042,1.00E+25,1.00E+25
872212.323,7854511.145,,7,SM,0.0157,7.4465,7.4465,5.663892,10,21,2008,20,4,58,0.137451,1.00E+25,1.00E+25
872237.116,7854503.013,,7,SM,0.0161,7.4627,7.4627,5.806365,10,21,2008,20,5,8,0.618042,1.00E+25,1.00E+25
872259.519,7854494.106,,7,SM,0.0149,7.4776,7.4776,5.365155,10,21,2008,20,5,18,-1.304688,1.00E+25,1.00E+25
872285.172,7854489.138,,7,SM,0.0161,7.4937,7.4937,5.813871,10,21,2008,20,5,28,-0.824097,1.00E+25,1.00E+25
872310.548,7854483.181,,7,SM,0.0161,7.5098,7.5098,5.800117,10,21,2008,20,5,38,-0.343384,1.00E+25,1.00E+25
872334.240,7854473.735,,7,SM,0.0158,7.5256,7.5256,5.675815,10,21,2008,20,5,48,-0.824097,1.00E+25,1.00E+25
872356.093,7854459.450,,7,SM,0.0161,7.5417,7.5417,5.810594,10,21,2008,20,5,58,-0.343384,1.00E+25,1.00E+25
872378.650,7854447.360,,7,SM,0.0158,7.5576,7.5576,5.695876,10,21,2008,20,6,8,0.137451,1.00E+25,1.00E+25
872399.400,7854441.198,,7,SM,0.0134,7.5709,7.5709,4.816515,10,21,2008,20,6,18,-2.746704,1.00E+25,1.00E+25
872426.369,7854439.661,,7,SM,0.0167,7.5876,7.5876,6.010645,10,21,2008,20,6,28,-1.304688,1.00E+25,1.00E+25
872452.604,7854439.889,,7,SM,0.0162,7.6039,7.6039,5.83734,10,21,2008,20,6,38,-0.343384,1.00E+25,1.00E+25
872479.086,7854439.405,,7,SM,0.0164,7.6202,7.6202,5.892731,10,21,2008,20,6,48,-0.824097,1.00E+25,1.00E+25
872504.646,7854438.766,,7,SM,0.0158,7.636,7.636,5.68897,10,21,2008,20,6,58,-0.824097,1.00E+25,1.00E+25
872530.178,7854439.067,,7,SM,0.0158,7.6518,7.6518,5.680698,10,21,2008,20,7,8,-0.343384,1.00E+25,1.00E+25
872556.168,7854437.367,,7,SM,0.0161,7.6679,7.6679,5.79514,10,21,2008,20,7,18,-0.343384,1.00E+25,1.00E+25
872581.514,7854432.353,,7,SM,0.016,7.6839,7.6839,5.749381,10,21,2008,20,7,28,-0.343384,1.00E+25,1.00E+25
872607.843,7854425.236,,7,SM,0.0169,7.7007,7.7007,6.068829,10,21,2008,20,7,38,1.098633,1.00E+25,1.00E+25
872635.061,7854421.100,,7,SM,0.017,7.7177,7.7177,6.125478,10,21,2008,20,7,48,4.463257,1.00E+25,1.00E+25
872659.670,7854421.248,,7,SM,0.0152,7.733,7.733,5.475933,10,21,2008,20,7,58,2.540649,1.00E+25,1.00E+25
872684.067,7854424.948,,7,SM,0.0152,7.7482,7.7482,5.48988,10,21,2008,20,8,8,1.098633,1.00E+25,1.00E+25
872708.924,7854429.291,,7,SM,0.0156,7.7638,7.7638,5.613848,10,21,2008,20,8,18,0.137451,1.00E+25,1.00E+25
872734.087,7854431.419,,7,SM,0.0156,7.7794,7.7794,5.618408,10,21,2008,20,8,28,0.137451,1.00E+25,1.00E+25
872759.618,7854431.345,,7,SM,0.0158,7.7952,7.7952,5.680474,10,21,2008,20,8,38,0.618042,1.00E+25,1.00E+25
872785.667,7854429.659,,7,SM,0.0161,7.8113,7.8113,5.808711,10,21,2008,20,8,48,0.618042,1.00E+25,1.00E+25
872811.201,7854425.433,,7,SM,0.016,7.8273,7.8273,5.75837,10,21,2008,20,8,58,0.618042,1.00E+25,1.00E+25
872836.796,7854420.838,,7,SM,0.0161,7.8434,7.8434,5.785782,10,21,2008,20,9,8,1.579346,1.00E+25,1.00E+25
872862.448,7854419.276,,7,SM,0.0159,7.8593,7.8593,5.718569,10,21,2008,20,9,18,1.098633,1.00E+25,1.00E+25
872887.766,7854418.600,,7,SM,0.0157,7.8749,7.8749,5.634874,10,21,2008,20,9,28,0.618042,1.00E+25,1.00E+25
872913.420,7854416.660,,7,SM,0.0159,7.8908,7.8908,5.72437,10,21,2008,20,9,38,0.618042,1.00E+25,1.00E+25
872938.522,7854414.251,,7,SM,0.0156,7.9064,7.9064,5.611084,10,21,2008,20,9,48,-0.343384,1.00E+25,1.00E+25
872964.547,7854411.996,,7,SM,0.0161,7.9226,7.9226,5.8117,10,21,2008,20,9,58,-0.824097,1.00E+25,1.00E+25
872991.058,7854409.822,,7,SM,0.0164,7.939,7.939,5.918895,10,21,2008,20,10,8,-1.304688,1.00E+25,1.00E+25
873017.451,7854406.497,,7,SM,0.0164,7.9554,7.9554,5.918491,10,21,2008,20,10,18,-0.824097,1.00E+25,1.00E+25
873042.985,7854401.896,,7,SM,0.016,7.9715,7.9715,5.772884,10,21,2008,20,10,28,-0.824097,1.00E+25,1.00E+25
873069.006,7854396.998,,7,SM,0.0164,7.9878,7.9878,5.892175,10,21,2008,20,10,38,0.618042,1.00E+25,1.00E+25
873092.887,7854390.233,,7,SM,0.0153,8.0032,8.0032,5.522754,10,21,2008,20,10,48,-0.824097,1.00E+25,1.00E+25
873117.932,7854383.286,,7,SM,0.0161,8.0192,8.0192,5.783298,10,21,2008,20,10,58,-0.343384,1.00E+25,1.00E+25
873144.171,7854377.481,,7,SM,0.0166,8.0359,8.0359,5.979699,10,21,2008,20,11,8,0.618042,1.00E+25,1.00E+25
873169.583,7854373.993,,7,SM,0.0159,8.0517,8.0517,5.707059,10,21,2008,20,11,18,0.137451,1.00E+25,1.00E+25
873195.481,7854373.229,,7,SM,0.016,8.0677,8.0677,5.765208,10,21,2008,20,11,28,0.618042,1.00E+25,1.00E+25
873221.201,7854371.682,,7,SM,0.0159,8.0836,8.0836,5.732299,10,21,2008,20,11,38,0.137451,1.00E+25,1.00E+25
873246.487,7854367.796,,7,SM,0.0158,8.0995,8.0995,5.692929,10,21,2008,20,11,48,-0.824097,1.00E+25,1.00E+25
873274.169,7854363.178,,7,SM,0.0173,8.1168,8.1168,6.244118,10,21,2008,20,11,58,1.098633,1.00E+25,1.00E+25
873300.039,7854359.579,,7,SM,0.0161,8.133,8.133,5.8119,10,21,2008,20,12,8,1.098633,1.00E+25,1.00E+25
873325.452,7854356.094,,7,SM,0.0159,8.1488,8.1488,5.707158,10,21,2008,20,12,18,0.137451,1.00E+25,1.00E+25
873350.529,7854351.230,,7,SM,0.0158,8.1646,8.1646,5.683483,10,21,2008,20,12,28,-0.343384,1.00E+25,1.00E+25
873376.033,7854346.815,,7,SM,0.016,8.1806,8.1806,5.759272,10,21,2008,20,12,38,-0.343384,1.00E+25,1.00E+25
873402.423,7854344.250,,7,SM,0.0164,8.197,8.197,5.90002,10,21,2008,20,12,48,-0.824097,1.00E+25,1.00E+25
873429.554,7854340.674,,7,SM,0.0169,8.2139,8.2139,6.088425,10,21,2008,20,12,58,0.137451,1.00E+25,1.00E+25
873457.298,7854335.692,,7,SM,0.0174,8.2313,8.2313,6.271721,10,21,2008,20,13,8,3.02124,1.00E+25,1.00E+25
873482.555,7854330.860,,7,SM,0.0159,8.2472,8.2472,5.722453,10,21,2008,20,13,18,3.02124,1.00E+25,1.00E+25
873508.430,7854325.754,,7,SM,0.0163,8.2635,8.2635,5.868093,10,21,2008,20,13,28,3.501953,1.00E+25,1.00E+25
873532.465,7854319.962,,7,SM,0.0153,8.2788,8.2788,5.501126,10,21,2008,20,13,38,2.540649,1.00E+25,1.00E+25
873558.248,7854314.276,,7,SM,0.0163,8.2951,8.2951,5.874717,10,21,2008,20,13,48,2.060059,1.00E+25,1.00E+25
873582.404,7854308.127,,7,SM,0.0154,8.3105,8.3105,5.546832,10,21,2008,20,13,58,0.618042,1.00E+25,1.00E+25
873607.604,7854302.154,,7,SM,0.016,8.3265,8.3265,5.762722,10,21,2008,20,14,8,0.137451,1.00E+25,1.00E+25
873634.919,7854297.102,,7,SM,0.0172,8.3437,8.3437,6.180839,10,21,2008,20,14,18,1.098633,1.00E+25,1.00E+25
873660.978,7854291.650,,7,SM,0.0165,8.3601,8.3601,5.923775,10,21,2008,20,14,28,1.098633,1.00E+25,1.00E+25
873686.148,7854285.862,,7,SM,0.016,8.3761,8.3761,5.746808,10,21,2008,20,14,38,0.137451,1.00E+25,1.00E+25
873712.147,7854280.024,,7,SM,0.0165,8.3926,8.3926,5.928873,10,21,2008,20,14,48,0.618042,1.00E+25,1.00E+25
873738.329,7854275.350,,7,SM,0.0164,8.409,8.409,5.917595,10,21,2008,20,14,58,0.618042,1.00E+25,1.00E+25
873762.577,7854269.785,,7,SM,0.0154,8.4244,8.4244,5.536277,10,21,2008,20,15,8,-1.304688,1.00E+25,1.00E+25
873787.168,7854263.711,,7,SM,0.0157,8.4401,8.4401,5.635696,10,21,2008,20,15,18,-2.265991,1.00E+25,1.00E+25
873812.123,7854257.321,,7,SM,0.0159,8.456,8.456,5.732314,10,21,2008,20,15,28,-0.824097,1.00E+25,1.00E+25
873838.703,7854252.148,,7,SM,0.0167,8.4727,8.4727,6.025356,10,21,2008,20,15,38,-0.824097,1.00E+25,1.00E+25
873865.284,7854246.975,,7,SM,0.0167,8.4894,8.4894,6.025378,10,21,2008,20,15,48,-0.343384,1.00E+25,1.00E+25
873892.050,7854240.701,,7,SM,0.017,8.5064,8.5064,6.117117,10,21,2008,20,15,58,0.618042,1.00E+25,1.00E+25
873918.233,7854234.519,,7,SM,0.0166,8.5231,8.5231,5.986334,10,21,2008,20,16,8,0.618042,1.00E+25,1.00E+25
873943.988,7854228.642,,7,SM,0.0163,8.5394,8.5394,5.877887,10,21,2008,20,16,18,0.618042,1.00E+25,1.00E+25
873969.865,7854223.541,,7,SM,0.0163,8.5557,8.5557,5.868494,10,21,2008,20,16,28,0.137451,1.00E+25,1.00E+25
873995.006,7854217.562,,7,SM,0.016,8.5717,8.5717,5.7503,10,21,2008,20,16,38,-0.343384,1.00E+25,1.00E+25
874021.037,7854211.166,,7,SM,0.0166,8.5882,8.5882,5.964505,10,21,2008,20,16,48,0.137451,1.00E+25,1.00E+25
874047.406,7854205.393,,7,SM,0.0167,8.6049,8.6049,6.00608,10,21,2008,20,16,58,-0.343384,1.00E+25,1.00E+25
874073.438,7854199.375,,7,SM,0.0165,8.6214,8.6214,5.944962,10,21,2008,20,17,8,-0.824097,1.00E+25,1.00E+25
874099.529,7854192.990,,7,SM,0.0166,8.638,8.638,5.977275,10,21,2008,20,17,18,-0.824097,1.00E+25,1.00E+25
874124.981,7854186.309,,7,SM,0.0163,8.6543,8.6543,5.854777,10,21,2008,20,17,28,-1.304688,1.00E+25,1.00E+25
874152.330,7854181.080,,7,SM,0.0172,8.6715,8.6715,6.195623,10,21,2008,20,17,38,-0.824097,1.00E+25,1.00E+25
874177.225,7854175.062,,7,SM,0.0158,8.6873,8.6873,5.699541,10,21,2008,20,17,48,-2.746704,1.00E+25,1.00E+25
874204.054,7854169.556,,7,SM,0.0169,8.7043,8.7043,6.093957,10,21,2008,20,17,58,-1.304688,1.00E+25,1.00E+25
874228.738,7854163.691,,7,SM,0.0157,8.72,8.72,5.645187,10,21,2008,20,18,8,-4.188599,1.00E+25,1.00E+25
874256.365,7854158.321,,7,SM,0.0174,8.7373,8.7373,6.262036,10,21,2008,20,18,18,-1.304688,1.00E+25,1.00E+25
874284.022,7854153.521,,7,SM,0.0173,8.7547,8.7547,6.245598,10,21,2008,20,18,28,0.137451,1.00E+25,1.00E+25
874310.023,7854148.445,,7,SM,0.0164,8.7711,8.7711,5.894675,10,21,2008,20,18,38,0.137451,1.00E+25,1.00E+25
874336.514,7854141.941,,7,SM,0.0169,8.7879,8.7879,6.070086,10,21,2008,20,18,48,0.618042,1.00E+25,1.00E+25
874363.313,7854136.999,,7,SM,0.0168,8.8048,8.8048,6.063362,10,21,2008,20,18,58,1.098633,1.00E+25,1.00E+25
874388.980,7854130.923,,7,SM,0.0163,8.8211,8.8211,5.868679,10,21,2008,20,19,8,0.618042,1.00E+25,1.00E+25
874415.624,7854126.145,,7,SM,0.0167,8.8378,8.8378,6.023314,10,21,2008,20,19,18,1.098633,1.00E+25,1.00E+25
874441.260,7854119.875,,7,SM,0.0163,8.8541,8.8541,5.872246,10,21,2008,20,19,28,-0.343384,1.00E+25,1.00E+25
874466.282,7854113.881,,7,SM,0.0159,8.87,8.87,5.72522,10,21,2008,20,19,38,-0.824097,1.00E+25,1.00E+25
874492.898,7854108.532,,7,SM,0.0168,8.8868,8.8868,6.040609,10,21,2008,20,19,48,-0.343384,1.00E+25,1.00E+25
874519.853,7854102.674,,7,SM,0.017,8.9039,8.9039,6.137452,10,21,2008,20,19,58,0.137451,1.00E+25,1.00E+25
874545.794,7854096.457,,7,SM,0.0165,8.9203,8.9203,5.935917,10,21,2008,20,20,8,-0.343384,1.00E+25,1.00E+25
874571.369,7854090.934,,7,SM,0.0162,8.9365,8.9365,5.821643,10,21,2008,20,20,18,-1.304688,1.00E+25,1.00E+25
874597.924,7854085.954,,7,SM,0.0167,8.9532,8.9532,6.011612,10,21,2008,20,20,28,-0.824097,1.00E+25,1.00E+25
874624.569,7854080.800,,7,SM,0.0168,8.97,8.97,6.039007,10,21,2008,20,20,38,-0.824097,1.00E+25,1.00E+25
874652.106,7854075.984,,7,SM,0.0173,8.9873,8.9873,6.219848,10,21,2008,20,20,48,-0.343384,1.00E+25,1.00E+25
874679.030,7854071.067,,7,SM,0.0169,9.0042,9.0042,6.089642,10,21,2008,20,20,58,0.618042,1.00E+25,1.00E+25
874705.401,7854066.057,,7,SM,0.0166,9.0208,9.0208,5.972768,10,21,2008,20,21,8,0.137451,1.00E+25,1.00E+25
874731.743,7854061.608,,7,SM,0.0165,9.0373,9.0373,5.94384,10,21,2008,20,21,18,-0.343384,1.00E+25,1.00E+25
874758.448,7854058.354,,7,SM,0.0166,9.0539,9.0539,5.986281,10,21,2008,20,21,28,0.618042,1.00E+25,1.00E+25
874783.995,7854053.395,,7,SM,0.0161,9.07,9.07,5.789858,10,21,2008,20,21,38,-0.343384,1.00E+25,1.00E+25
874811.314,7854050.245,,7,SM,0.017,9.087,9.087,6.119068,10,21,2008,20,21,48,0.137451,1.00E+25,1.00E+25
874837.346,7854048.388,,7,SM,0.0161,9.1031,9.1031,5.806611,10,21,2008,20,21,58,-0.343384,1.00E+25,1.00E+25
874865.799,7854046.373,,7,SM,0.0176,9.1207,9.1207,6.346723,10,21,2008,20,22,8,1.579346,1.00E+25,1.00E+25
874893.182,7854042.102,,7,SM,0.0171,9.1379,9.1379,6.166571,10,21,2008,20,22,18,2.540649,1.00E+25,1.00E+25
874921.149,7854039.627,,7,SM,0.0174,9.1552,9.1552,6.246235,10,21,2008,20,22,28,3.02124,1.00E+25,1.00E+25
874946.784,7854036.762,,7,SM,0.0159,9.1712,9.1712,5.73918,10,21,2008,20,22,38,2.060059,1.00E+25,1.00E+25
874972.327,7854032.936,,7,SM,0.016,9.1871,9.1871,5.746896,10,21,2008,20,22,48,2.540649,1.00E+25,1.00E+25
874999.157,7854029.329,,7,SM,0.0167,9.2039,9.2039,6.023724,10,21,2008,20,22,58,1.579346,1.00E+25,1.00E+25
875026.203,7854025.946,,7,SM,0.0168,9.2207,9.2207,6.064582,10,21,2008,20,23,8,2.060059,1.00E+25,1.00E+25
875054.047,7854022.319,,7,SM,0.0174,9.2381,9.2381,6.247478,10,21,2008,20,23,18,3.02124,1.00E+25,1.00E+25
875081.276,7854020.101,,7,SM,0.0169,9.255,9.255,6.078357,10,21,2008,20,23,28,3.501953,1.00E+25,1.00E+25
875109.453,7854020.119,,7,SM,0.0174,9.2724,9.2724,6.269036,10,21,2008,20,23,38,5.424561,1.00E+25,1.00E+25
875134.632,7854016.235,,7,SM,0.0157,9.2881,9.2881,5.668157,10,21,2008,20,23,48,3.982666,1.00E+25,1.00E+25
875160.515,7854011.902,,7,SM,0.0162,9.3043,9.3043,5.839065,10,21,2008,20,23,58,3.02124,1.00E+25,1.00E+25
875187.468,7854008.695,,7,SM,0.0168,9.3211,9.3211,6.039644,10,21,2008,20,24,8,3.982666,1.00E+25,1.00E+25
875215.162,7854004.101,,7,SM,0.0173,9.3385,9.3385,6.245783,10,21,2008,20,24,18,3.501953,1.00E+25,1.00E+25
875241.104,7853999.780,,7,SM,0.0163,9.3547,9.3547,5.852198,10,21,2008,20,24,28,2.540649,1.00E+25,1.00E+25
875268.581,7853997.983,,7,SM,0.017,9.3717,9.3717,6.12595,10,21,2008,20,24,38,2.060059,1.00E+25,1.00E+25
875295.748,7853995.756,,7,SM,0.0168,9.3886,9.3886,6.065099,10,21,2008,20,24,48,2.060059,1.00E+25,1.00E+25
875322.703,7853992.928,,7,SM,0.0168,9.4053,9.4053,6.030255,10,21,2008,20,24,58,2.060059,1.00E+25,1.00E+25
875349.350,7853990.425,,7,SM,0.0165,9.4219,9.4219,5.955095,10,21,2008,20,25,8,2.060059,1.00E+25,1.00E+25
875377.898,7853988.244,,7,SM,0.0177,9.4396,9.4396,6.370399,10,21,2008,20,25,18,3.982666,1.00E+25,1.00E+25
875404.153,7853983.599,,7,SM,0.0165,9.456,9.456,5.93193,10,21,2008,20,25,28,3.02124,1.00E+25,1.00E+25
875431.231,7853979.281,,7,SM,0.0169,9.473,9.473,6.101362,10,21,2008,20,25,38,2.540649,1.00E+25,1.00E+25
875457.608,7853975.036,,7,SM,0.0165,9.4895,9.4895,5.943963,10,21,2008,20,25,48,2.060059,1.00E+25,1.00E+25
875484.199,7853969.882,,7,SM,0.0167,9.5062,9.5062,6.026641,10,21,2008,20,25,58,1.579346,1.00E+25,1.00E+25
875510.512,7853964.870,,7,SM,0.0166,9.5228,9.5228,5.960338,10,21,2008,20,26,8,1.098633,1.00E+25,1.00E+25
875536.829,7853959.483,,7,SM,0.0166,9.5394,9.5394,5.976795,10,21,2008,20,26,18,1.098633,1.00E+25,1.00E+25
875563.356,7853955.452,,7,SM,0.0166,9.556,9.556,5.970285,10,21,2008,20,26,28,0.618042,1.00E+25,1.00E+25
875590.436,7853951.892,,7,SM,0.0169,9.5729,9.5729,6.077022,10,21,2008,20,26,38,0.137451,1.00E+25,1.00E+25
875617.884,7853948.395,,7,SM,0.0171,9.59,9.59,6.156434,10,21,2008,20,26,48,0.618042,1.00E+25,1.00E+25
875643.955,7853942.967,,7,SM,0.0165,9.6064,9.6064,5.9253,10,21,2008,20,26,58,-0.343384,1.00E+25,1.00E+25
875670.609,7853937.826,,7,SM,0.0168,9.6232,9.6232,6.039743,10,21,2008,20,27,8,0.137451,1.00E+25,1.00E+25
875699.528,7853934.200,,7,SM,0.018,9.6412,9.6412,6.485048,10,21,2008,20,27,18,1.579346,1.00E+25,1.00E+25
875725.260,7853929.281,,7,SM,0.0162,9.6574,9.6574,5.829362,10,21,2008,20,27,28,1.098633,1.00E+25,1.00E+25
875752.557,7853926.326,,7,SM,0.017,9.6744,9.6744,6.108378,10,21,2008,20,27,38,1.098633,1.00E+25,1.00E+25
875779.239,7853922.513,,7,SM,0.0167,9.691,9.691,5.997144,10,21,2008,20,27,48,0.618042,1.00E+25,1.00E+25
875806.779,7853918.089,,7,SM,0.0172,9.7083,9.7083,6.206664,10,21,2008,20,27,58,0.137451,1.00E+25,1.00E+25
875833.586,7853914.298,,7,SM,0.0167,9.725,9.725,6.023547,10,21,2008,20,28,8,0.618042,1.00E+25,1.00E+25
875861.402,7853912.375,,7,SM,0.0172,9.7422,9.7422,6.203314,10,21,2008,20,28,18,1.098633,1.00E+25,1.00E+25
875887.749,7853907.185,,7,SM,0.0166,9.7588,9.7588,5.975157,10,21,2008,20,28,28,1.098633,1.00E+25,1.00E+25
875914.524,7853902.822,,7,SM,0.0168,9.7756,9.7756,6.036234,10,21,2008,20,28,38,1.098633,1.00E+25,1.00E+25
875941.513,7853899.817,,7,SM,0.0168,9.7924,9.7924,6.041981,10,21,2008,20,28,48,1.098633,1.00E+25,1.00E+25
875967.767,7853897.067,,7,SM,0.0163,9.8087,9.8087,5.873043,10,21,2008,20,28,58,0.137451,1.00E+25,1.00E+25
875994.480,7853893.072,,7,SM,0.0167,9.8254,9.8254,6.010038,10,21,2008,20,29,8,-0.343384,1.00E+25,1.00E+25
876021.504,7853887.620,,7,SM,0.017,9.8424,9.8424,6.134041,10,21,2008,20,29,18,0.137451,1.00E+25,1.00E+25
876048.772,7853883.341,,7,SM,0.0171,9.8595,9.8595,6.141181,10,21,2008,20,29,28,0.618042,1.00E+25,1.00E+25
876074.781,7853879.041,,7,SM,0.0163,9.8758,9.8758,5.865873,10,21,2008,20,29,38,-0.343384,1.00E+25,1.00E+25
876102.051,7853875.141,,7,SM,0.017,9.8928,9.8928,6.128598,10,21,2008,20,29,48,-0.343384,1.00E+25,1.00E+25
876129.010,7853870.434,,7,SM,0.0169,9.9097,9.9097,6.08974,10,21,2008,20,29,58,0.137451,1.00E+25,1.00E+25
876156.279,7853865.779,,7,SM,0.0171,9.9268,9.9268,6.155012,10,21,2008,20,30,8,0.137451,1.00E+25,1.00E+25
876184.069,7853861.402,,7,SM,0.0174,9.9442,9.9442,6.259394,10,21,2008,20,30,18,0.137451,1.00E+25,1.00E+25
876211.154,7853856.717,,7,SM,0.017,9.9612,9.9612,6.115895,10,21,2008,20,30,28,0.137451,1.00E+25,1.00E+25
876239.406,7853852.607,,7,SM,0.0176,9.9788,9.9788,6.351626,10,21,2008,20,30,38,1.098633,1.00E+25,1.00E+25
876266.273,7853848.453,,7,SM,0.0168,9.9956,9.9956,6.049499,10,21,2008,20,30,48,0.618042,1.00E+25,1.00E+25
876294.587,7853843.976,,7,SM,0.0177,10.0134,10.0134,6.377593,10,21,2008,20,30,58,1.579346,1.00E+25,1.00E+25
876321.424,7853840.383,,7,SM,0.0167,10.0301,10.0301,6.024709,10,21,2008,20,31,8,2.060059,1.00E+25,1.00E+25
876348.664,7853836.293,,7,SM,0.017,10.0471,10.0471,6.128389,10,21,2008,20,31,18,1.579346,1.00E+25,1.00E+25
876375.350,7853831.353,,7,SM,0.0168,10.0639,10.0639,6.038869,10,21,2008,20,31,28,1.579346,1.00E+25,1.00E+25
876402.004,7853827.731,,7,SM,0.0166,10.0805,10.0805,5.98514,10,21,2008,20,31,38,1.098633,1.00E+25,1.00E+25
876427.801,7853823.964,,7,SM,0.0161,10.0966,10.0966,5.800557,10,21,2008,20,31,48,-0.343384,1.00E+25,1.00E+25
876455.679,7853822.437,,7,SM,0.0173,10.1139,10.1139,6.21192,10,21,2008,20,31,58,0.618042,1.00E+25,1.00E+25
876483.406,7853819.563,,7,SM,0.0172,10.1311,10.1311,6.202204,10,21,2008,20,32,8,0.618042,1.00E+25,1.00E+25
876511.655,7853816.966,,7,SM,0.0175,10.1487,10.1487,6.31154,10,21,2008,20,32,18,1.579346,1.00E+25,1.00E+25
876538.496,7853812.999,,7,SM,0.0168,10.1654,10.1654,6.036753,10,21,2008,20,32,28,1.098633,1.00E+25,1.00E+25
876566.317,7853809.576,,7,SM,0.0173,10.1827,10.1827,6.236666,10,21,2008,20,32,38,1.579346,1.00E+25,1.00E+25
876593.192,7853804.293,,7,SM,0.0169,10.1997,10.1997,6.093846,10,21,2008,20,32,48,1.579346,1.00E+25,1.00E+25
876620.154,7853799.591,,7,SM,0.0169,10.2166,10.2166,6.090102,10,21,2008,20,32,58,1.098633,1.00E+25,1.00E+25
876647.214,7853792.830,,7,SM,0.0172,10.2338,10.2338,6.206277,10,21,2008,20,33,8,1.098633,1.00E+25,1.00E+25
876674.181,7853788.131,,7,SM,0.0169,10.2507,10.2507,6.090151,10,21,2008,20,33,18,1.098633,1.00E+25,1.00E+25
876701.393,7853783.095,,7,SM,0.0171,10.2678,10.2678,6.157291,10,21,2008,20,33,28,0.618042,1.00E+25,1.00E+25
876728.054,7853775.701,,7,SM,0.0171,10.285,10.285,6.156824,10,21,2008,20,33,38,0.618042,1.00E+25,1.00E+25
876754.440,7853769.581,,7,SM,0.0167,10.3017,10.3017,6.0267,10,21,2008,20,33,48,0.137451,1.00E+25,1.00E+25
876781.839,7853763.824,,7,SM,0.0173,10.319,10.319,6.229131,10,21,2008,20,33,58,1.579346,1.00E+25,1.00E+25
876808.592,7853757.390,,7,SM,0.017,10.336,10.336,6.122725,10,21,2008,20,34,8,1.098633,1.00E+25,1.00E+25
876835.777,7853751.407,,7,SM,0.0172,10.3532,10.3532,6.193136,10,21,2008,20,34,18,1.098633,1.00E+25,1.00E+25
876863.570,7853746.659,,7,SM,0.0174,10.3706,10.3706,6.273743,10,21,2008,20,34,28,1.579346,1.00E+25,1.00E+25
876891.180,7853742.638,,7,SM,0.0172,10.3879,10.3879,6.20778,10,21,2008,20,34,38,0.618042,1.00E+25,1.00E+25
876918.699,7853737.278,,7,SM,0.0173,10.4052,10.4052,6.238209,10,21,2008,20,34,48,1.579346,1.00E+25,1.00E+25
876945.666,7853731.826,,7,SM,0.017,10.4222,10.4222,6.121851,10,21,2008,20,34,58,1.579346,1.00E+25,1.00E+25
876973.129,7853725.703,,7,SM,0.0174,10.4396,10.4396,6.26012,10,21,2008,20,35,8,1.579346,1.00E+25,1.00E+25
877000.012,7853716.649,,7,SM,0.0175,10.4571,10.4571,6.312156,10,21,2008,20,35,18,2.060059,1.00E+25,1.00E+25
877026.709,7853707.942,,7,SM,0.0174,10.4745,10.4745,6.248884,10,21,2008,20,35,28,1.579346,1.00E+25,1.00E+25
877053.895,7853701.962,,7,SM,0.0172,10.4917,10.4917,6.193335,10,21,2008,20,35,38,2.060059,1.00E+25,1.00E+25
877080.899,7853694.819,,7,SM,0.0173,10.509,10.509,6.21515,10,21,2008,20,35,48,2.060059,1.00E+25,1.00E+25
877108.636,7853688.177,,7,SM,0.0176,10.5266,10.5266,6.346421,10,21,2008,20,35,58,2.540649,1.00E+25,1.00E+25
877135.144,7853683.593,,7,SM,0.0166,10.5432,10.5432,5.985453,10,21,2008,20,36,8,2.060059,1.00E+25,1.00E+25
877163.004,7853677.727,,7,SM,0.0176,10.5608,10.5608,6.334789,10,21,2008,20,36,18,2.060059,1.00E+25,1.00E+25
877190.191,7853671.749,,7,SM,0.0172,10.578,10.578,6.193459,10,21,2008,20,36,28,2.540649,1.00E+25,1.00E+25
877218.292,7853667.435,,7,SM,0.0176,10.5956,10.5956,6.325927,10,21,2008,20,36,38,2.540649,1.00E+25,1.00E+25
877245.907,7853661.907,,7,SM,0.0174,10.613,10.613,6.266162,10,21,2008,20,36,48,2.540649,1.00E+25,1.00E+25
877274.442,7853656.912,,7,SM,0.0179,10.6309,10.6309,6.445233,10,21,2008,20,36,58,3.501953,1.00E+25,1.00E+25
877302.484,7853652.213,,7,SM,0.0176,10.6485,10.6485,6.326417,10,21,2008,20,37,8,3.501953,1.00E+25,1.00E+25
877329.819,7853647.582,,7,SM,0.0171,10.6656,10.6656,6.169069,10,21,2008,20,37,18,3.501953,1.00E+25,1.00E+25
877357.402,7853644.128,,7,SM,0.0172,10.6828,10.6828,6.184395,10,21,2008,20,37,28,3.02124,1.00E+25,1.00E+25
877384.704,7853641.192,,7,SM,0.017,10.6998,10.6998,6.109758,10,21,2008,20,37,38,2.540649,1.00E+25,1.00E+25
877414.522,7853638.304,,7,SM,0.0185,10.7183,10.7183,6.665331,10,21,2008,20,37,48,3.501953,1.00E+25,1.00E+25
877442.348,7853634.514,,7,SM,0.0174,10.7356,10.7356,6.248463,10,21,2008,20,37,58,3.501953,1.00E+25,1.00E+25
877469.404,7853632.293,,7,SM,0.0168,10.7524,10.7524,6.040092,10,21,2008,20,38,8,3.02124,1.00E+25,1.00E+25
877496.158,7853628.888,,7,SM,0.0167,10.7691,10.7691,6.000314,10,21,2008,20,38,18,1.579346,1.00E+25,1.00E+25
877525.765,7853625.022,,7,SM,0.0185,10.7875,10.7875,6.643129,10,21,2008,20,38,28,3.501953,1.00E+25,1.00E+25
877553.842,7853619.009,,7,SM,0.0177,10.8053,10.8053,6.388943,10,21,2008,20,38,38,3.982666,1.00E+25,1.00E+25
877582.073,7853613.210,,7,SM,0.0178,10.8231,10.8231,6.412429,10,21,2008,20,38,48,3.501953,1.00E+25,1.00E+25
877610.822,7853608.823,,7,SM,0.018,10.8411,10.8411,6.470622,10,21,2008,20,38,58,4.943848,1.00E+25,1.00E+25
877638.895,7853605.077,,7,SM,0.0175,10.8586,10.8586,6.301463,10,21,2008,20,39,8,4.463257,1.00E+25,1.00E+25
877667.367,7853601.209,,7,SM,0.0178,10.8763,10.8763,6.393075,10,21,2008,20,39,18,4.943848,1.00E+25,1.00E+25
877694.433,7853595.970,,7,SM,0.017,10.8934,10.8934,6.133606,10,21,2008,20,39,28,3.982666,1.00E+25,1.00E+25
877721.835,7853590.223,,7,SM,0.0173,10.9107,10.9107,6.229912,10,21,2008,20,39,38,3.982666,1.00E+25,1.00E+25
877750.214,7853586.907,,7,SM,0.0177,10.9283,10.9283,6.357158,10,21,2008,20,39,48,3.982666,1.00E+25,1.00E+25
877777.620,7853580.783,,7,SM,0.0174,10.9457,10.9457,6.247964,10,21,2008,20,39,58,3.982666,1.00E+25,1.00E+25
877803.919,7853574.472,,7,SM,0.0167,10.9624,10.9624,6.018159,10,21,2008,20,40,8,3.02124,1.00E+25,1.00E+25
877831.386,7853567.603,,7,SM,0.0175,10.9799,10.9799,6.299921,10,21,2008,20,40,18,3.501953,1.00E+25,1.00E+25
877859.096,7853562.664,,7,SM,0.0174,10.9973,10.9973,6.26236,10,21,2008,20,40,28,3.02124,1.00E+25,1.00E+25
877887.572,7853557.667,,7,SM,0.0179,11.0152,11.0152,6.4327,10,21,2008,20,40,38,3.501953,1.00E+25,1.00E+25
877915.038,7853552.310,,7,SM,0.0173,11.0325,11.0325,6.226101,10,21,2008,20,40,48,3.02124,1.00E+25,1.00E+25
877943.025,7853547.231,,7,SM,0.0176,11.05,11.05,6.32856,10,21,2008,20,40,58,3.02124,1.00E+25,1.00E+25
877971.409,7853542.785,,7,SM,0.0178,11.0678,11.0678,6.39217,10,21,2008,20,41,8,3.982666,1.00E+25,1.00E+25
877999.606,7853539.441,,7,SM,0.0175,11.0853,11.0853,6.31755,10,21,2008,20,41,18,3.982666,1.00E+25,1.00E+25
878026.880,7853536.319,,7,SM,0.017,11.1023,11.1023,6.108372,10,21,2008,20,41,28,3.02124,1.00E+25,1.00E+25
878054.223,7853532.076,,7,SM,0.0171,11.1194,11.1194,6.155964,10,21,2008,20,41,38,2.060059,1.00E+25,1.00E+25
878082.697,7853527.836,,7,SM,0.0178,11.1372,11.1372,6.405502,10,21,2008,20,41,48,2.540649,1.00E+25,1.00E+25
878111.263,7853524.933,,7,SM,0.0177,11.1549,11.1549,6.388063,10,21,2008,20,41,58,2.540649,1.00E+25,1.00E+25
878140.103,7853521.511,,7,SM,0.018,11.1729,11.1729,6.462108,10,21,2008,20,42,8,3.501953,1.00E+25,1.00E+25
878168.853,7853519.019,,7,SM,0.0178,11.1907,11.1907,6.420097,10,21,2008,20,42,18,3.982666,1.00E+25,1.00E+25
878197.136,7853518.147,,7,SM,0.0175,11.2082,11.2082,6.29575,10,21,2008,20,42,28,3.982666,1.00E+25,1.00E+25
878224.683,7853517.528,,7,SM,0.017,11.2252,11.2252,6.130383,10,21,2008,20,42,38,3.501953,1.00E+25,1.00E+25
878253.433,7853514.282,,7,SM,0.0179,11.2431,11.2431,6.4373,10,21,2008,20,42,48,3.02124,1.00E+25,1.00E+25
878282.829,7853510.955,,7,SM,0.0183,11.2614,11.2614,6.581769,10,21,2008,20,42,58,3.982666,1.00E+25,1.00E+25
878310.688,7853508.502,,7,SM,0.0173,11.2787,11.2787,6.222265,10,21,2008,20,43,8,3.982666,1.00E+25,1.00E+25
878337.567,7853504.372,,7,SM,0.0168,11.2955,11.2955,6.051145,10,21,2008,20,43,18,3.501953,1.00E+25,1.00E+25
878365.704,7853501.400,,7,SM,0.0175,11.313,11.313,6.294913,10,21,2008,20,43,28,3.982666,1.00E+25,1.00E+25
878393.569,7853496.683,,7,SM,0.0175,11.3305,11.3305,6.288044,10,21,2008,20,43,38,4.463257,1.00E+25,1.00E+25
878422.043,7853494.335,,7,SM,0.0177,11.3481,11.3481,6.356319,10,21,2008,20,43,48,4.463257,1.00E+25,1.00E+25
878450.638,7853491.631,,7,SM,0.0178,11.3659,11.3659,6.390756,10,21,2008,20,43,58,4.463257,1.00E+25,1.00E+25
878478.105,7853487.413,,7,SM,0.0172,11.383,11.383,6.182505,10,21,2008,20,44,8,3.982666,1.00E+25,1.00E+25
878506.765,7853483.588,,7,SM,0.0179,11.4009,11.4009,6.433371,10,21,2008,20,44,18,3.501953,1.00E+25,1.00E+25
878534.026,7853476.125,,7,SM,0.0175,11.4184,11.4184,6.288544,10,21,2008,20,44,28,3.501953,1.00E+25,1.00E+25
878561.648,7853469.857,,7,SM,0.0175,11.4359,11.4359,6.302683,10,21,2008,20,44,38,3.501953,1.00E+25,1.00E+25
878545.969,7853447.367,,7,SM,0.0169,11.4528,11.4528,6.101873,10,21,2008,20,44,48,-37.354126,1.00E+25,1.00E+25
878622.501,7853462.241,,7,SM,0.0482,11.501,11.501,17.344795,10,21,2008,20,44,58,6.866455,1.00E+25,1.00E+25
878649.753,7853457.044,,7,SM,0.0171,11.5182,11.5182,6.173195,10,21,2008,20,45,8,6.866455,1.00E+25,1.00E+25
878677.033,7853453.554,,7,SM,0.017,11.5352,11.5352,6.119191,10,21,2008,20,45,18,5.424561,1.00E+25,1.00E+25
878705.665,7853450.669,,7,SM,0.0178,11.5529,11.5529,6.401856,10,21,2008,20,45,28,5.905273,1.00E+25,1.00E+25
878732.914,7853446.607,,7,SM,0.017,11.57,11.57,6.1303,10,21,2008,20,45,38,4.463257,1.00E+25,1.00E+25
878761.178,7853443.661,,7,SM,0.0176,11.5875,11.5875,6.321884,10,21,2008,20,45,48,3.982666,1.00E+25,1.00E+25
878789.164,7853440.102,,7,SM,0.0174,11.605,11.605,6.276974,10,21,2008,20,45,58,4.463257,1.00E+25,1.00E+25
878816.722,7853436.092,,7,SM,0.0172,11.6222,11.6222,6.196158,10,21,2008,20,46,8,3.501953,1.00E+25,1.00E+25
878845.566,7853433.813,,7,SM,0.0179,11.6401,11.6401,6.43714,10,21,2008,20,46,18,3.501953,1.00E+25,1.00E+25
878875.084,7853431.269,,7,SM,0.0183,11.6584,11.6584,6.591797,10,21,2008,20,46,28,3.982666,1.00E+25,1.00E+25
878902.742,7853424.446,,7,SM,0.0176,11.676,11.676,6.338716,10,21,2008,20,46,38,3.982666,1.00E+25,1.00E+25
878929.878,7853418.855,,7,SM,0.0171,11.6931,11.6931,6.164135,10,21,2008,20,46,48,3.501953,1.00E+25,1.00E+25
878957.097,7853415.356,,7,SM,0.017,11.7101,11.7101,6.106162,10,21,2008,20,46,58,3.02124,1.00E+25,1.00E+25
878985.824,7853411.547,,7,SM,0.0179,11.728,11.728,6.446981,10,21,2008,20,47,8,3.02124,1.00E+25,1.00E+25
879014.150,7853406.726,,7,SM,0.0178,11.7457,11.7457,6.39365,10,21,2008,20,47,18,3.02124,1.00E+25,1.00E+25
879041.748,7853400.271,,7,SM,0.0175,11.7632,11.7632,6.306209,10,21,2008,20,47,28,3.02124,1.00E+25,1.00E+25
879069.037,7853394.897,,7,SM,0.0172,11.7804,11.7804,6.188107,10,21,2008,20,47,38,2.060059,1.00E+25,1.00E+25
879096.323,7853389.901,,7,SM,0.0171,11.7976,11.7976,6.17218,10,21,2008,20,47,48,2.060059,1.00E+25,1.00E+25
879124.015,7853383.651,,7,SM,0.0175,11.8151,11.8151,6.315904,10,21,2008,20,47,58,1.098633,1.00E+25,1.00E+25
879152.526,7853378.863,,7,SM,0.0179,11.833,11.833,6.432975,10,21,2008,20,48,8,1.579346,1.00E+25,1.00E+25
879181.288,7853373.740,,7,SM,0.0181,11.8511,11.8511,6.499784,10,21,2008,20,48,18,2.060059,1.00E+25,1.00E+25
879208.019,7853369.784,,7,SM,0.0167,11.8678,11.8678,6.01256,10,21,2008,20,48,28,1.098633,1.00E+25,1.00E+25
879236.875,7853363.733,,7,SM,0.0182,11.886,11.886,6.559916,10,21,2008,20,48,38,1.579346,1.00E+25,1.00E+25
879264.567,7853356.730,,7,SM,0.0177,11.9036,11.9036,6.355667,10,21,2008,20,48,48,2.060059,1.00E+25,1.00E+25
879292.871,7853351.342,,7,SM,0.0178,11.9214,11.9214,6.410154,10,21,2008,20,48,58,2.540649,1.00E+25,1.00E+25
879321.603,7853345.648,,7,SM,0.0181,11.9395,11.9395,6.517128,10,21,2008,20,49,8,3.02124,1.00E+25,1.00E+25
879349.140,7853339.564,,7,SM,0.0174,11.957,11.957,6.274781,10,21,2008,20,49,18,2.540649,1.00E+25,1.00E+25
879377.292,7853333.584,,7,SM,0.0178,11.9748,11.9748,6.403231,10,21,2008,20,49,28,3.02124,1.00E+25,1.00E+25
879404.649,7853326.336,,7,SM,0.0175,11.9922,11.9922,6.297015,10,21,2008,20,49,38,2.540649,1.00E+25,1.00E+25
879430.662,7853316.972,,7,SM,0.0171,12.0093,12.0093,6.152017,10,21,2008,20,49,48,1.579346,1.00E+25,1.00E+25
879457.769,7853310.816,,7,SM,0.0172,12.0265,12.0265,6.185249,10,21,2008,20,49,58,1.579346,1.00E+25,1.00E+25
879486.224,7853306.022,,7,SM,0.0178,12.0444,12.0444,6.420228,10,21,2008,20,50,8,1.579346,1.00E+25,1.00E+25
879514.103,7853298.675,,7,SM,0.0178,12.0622,12.0622,6.41507,10,21,2008,20,50,18,1.579346,1.00E+25,1.00E+25
879542.006,7853294.166,,7,SM,0.0175,12.0796,12.0796,6.288569,10,21,2008,20,50,28,2.060059,1.00E+25,1.00E+25
879570.739,7853289.232,,7,SM,0.018,12.0977,12.0977,6.486266,10,21,2008,20,50,38,2.060059,1.00E+25,1.00E+25
879598.212,7853283.894,,7,SM,0.0173,12.115,12.115,6.227414,10,21,2008,20,50,48,1.579346,1.00E+25,1.00E+25
879626.578,7853279.276,,7,SM,0.0178,12.1327,12.1327,6.393728,10,21,2008,20,50,58,2.060059,1.00E+25,1.00E+25
879655.003,7853274.290,,7,SM,0.0178,12.1506,12.1506,6.42111,10,21,2008,20,51,8,3.02124,1.00E+25,1.00E+25
879683.612,7853269.337,,7,SM,0.0179,12.1685,12.1685,6.460262,10,21,2008,20,51,18,3.02124,1.00E+25,1.00E+25
879712.012,7853263.403,,7,SM,0.0179,12.1864,12.1864,6.455026,10,21,2008,20,51,28,3.501953,1.00E+25,1.00E+25
879740.104,7853257.039,,7,SM,0.0178,12.2042,12.2042,6.409025,10,21,2008,20,51,38,3.501953,1.00E+25,1.00E+25
879766.603,7853250.405,,7,SM,0.0169,12.2211,12.2211,6.077972,10,21,2008,20,51,48,2.540649,1.00E+25,1.00E+25
879795.216,7853244.698,,7,SM,0.018,12.2391,12.2391,6.491718,10,21,2008,20,51,58,2.540649,1.00E+25,1.00E+25
879824.045,7853239.216,,7,SM,0.0181,12.2573,12.2573,6.528885,10,21,2008,20,52,8,3.501953,1.00E+25,1.00E+25
879852.106,7853233.415,,7,SM,0.0177,12.275,12.275,6.375592,10,21,2008,20,52,18,2.540649,1.00E+25,1.00E+25
879880.164,7853227.992,,7,SM,0.0177,12.2927,12.2927,6.35885,10,21,2008,20,52,28,3.02124,1.00E+25,1.00E+25
879908.497,7853223.937,,7,SM,0.0177,12.3103,12.3103,6.367933,10,21,2008,20,52,38,3.501953,1.00E+25,1.00E+25
879936.896,7853218.384,,7,SM,0.0179,12.3282,12.3282,6.438284,10,21,2008,20,52,48,3.501953,1.00E+25,1.00E+25
879964.868,7853212.002,,7,SM,0.0177,12.346,12.346,6.383644,10,21,2008,20,52,58,3.501953,1.00E+25,1.00E+25
879993.514,7853206.492,,7,SM,0.018,12.364,12.364,6.490144,10,21,2008,20,53,8,3.982666,1.00E+25,1.00E+25
880020.844,7853199.057,,7,SM,0.0175,12.3815,12.3815,6.302288,10,21,2008,20,53,18,3.501953,1.00E+25,1.00E+25
880048.441,7853194.880,,7,SM,0.0173,12.3987,12.3987,6.210139,10,21,2008,20,53,28,3.02124,1.00E+25,1.00E+25
880075.910,7853192.946,,7,SM,0.017,12.4158,12.4158,6.126253,10,21,2008,20,53,38,2.060059,1.00E+25,1.00E+25
880105.067,7853190.358,,7,SM,0.0181,12.4339,12.4339,6.512658,10,21,2008,20,53,48,2.540649,1.00E+25,1.00E+25
880133.439,7853184.612,,7,SM,0.0179,12.4517,12.4517,6.440332,10,21,2008,20,53,58,2.540649,1.00E+25,1.00E+25
880161.895,7853180.960,,7,SM,0.0177,12.4695,12.4695,6.382974,10,21,2008,20,54,8,3.02124,1.00E+25,1.00E+25
880189.164,7853173.895,,7,SM,0.0174,12.4869,12.4869,6.267957,10,21,2008,20,54,18,3.02124,1.00E+25,1.00E+25
880215.982,7853164.675,,7,SM,0.0175,12.5044,12.5044,6.309891,10,21,2008,20,54,28,2.540649,1.00E+25,1.00E+25
880243.306,7853159.130,,7,SM,0.0172,12.5216,12.5216,6.20397,10,21,2008,20,54,38,3.02124,1.00E+25,1.00E+25
880271.496,7853153.356,,7,SM,0.0178,12.5394,12.5394,6.401748,10,21,2008,20,54,48,3.02124,1.00E+25,1.00E+25
880299.220,7853148.448,,7,SM,0.0174,12.5568,12.5568,6.26436,10,21,2008,20,54,58,3.02124,1.00E+25,1.00E+25
880327.184,7853144.713,,7,SM,0.0174,12.5743,12.5743,6.277317,10,21,2008,20,55,8,2.540649,1.00E+25,1.00E+25
880355.311,7853138.930,,7,SM,0.0177,12.592,12.592,6.38892,10,21,2008,20,55,18,3.02124,1.00E+25,1.00E+25
880383.838,7853133.025,,7,SM,0.018,12.61,12.61,6.481392,10,21,2008,20,55,28,3.02124,1.00E+25,1.00E+25
880412.396,7853126.560,,7,SM,0.0181,12.6281,12.6281,6.514992,10,21,2008,20,55,38,3.02124,1.00E+25,1.00E+25
880439.730,7853119.130,,7,SM,0.0175,12.6456,12.6456,6.302629,10,21,2008,20,55,48,2.540649,1.00E+25,1.00E+25
880467.737,7853112.571,,7,SM,0.0178,12.6634,12.6634,6.400079,10,21,2008,20,55,58,2.060059,1.00E+25,1.00E+25
880495.133,7853104.775,,7,SM,0.0176,12.681,12.681,6.338031,10,21,2008,20,56,8,2.060059,1.00E+25,1.00E+25
880523.140,7853098.595,,7,SM,0.0177,12.6987,12.6987,6.381191,10,21,2008,20,56,18,2.060059,1.00E+25,1.00E+25
880551.731,7853091.570,,7,SM,0.0182,12.7169,12.7169,6.550925,10,21,2008,20,56,28,2.540649,1.00E+25,1.00E+25
880579.159,7853084.347,,7,SM,0.0175,12.7345,12.7345,6.310616,10,21,2008,20,56,38,2.060059,1.00E+25,1.00E+25
880607.684,7853078.823,,7,SM,0.018,12.7524,12.7524,6.464805,10,21,2008,20,56,48,2.060059,1.00E+25,1.00E+25
880636.002,7853072.319,,7,SM,0.018,12.7704,12.7704,6.464073,10,21,2008,20,56,58,2.060059,1.00E+25,1.00E+25
880663.763,7853065.721,,7,SM,0.0176,12.788,12.788,6.349286,10,21,2008,20,57,8,2.540649,1.00E+25,1.00E+25
880692.532,7853060.994,,7,SM,0.018,12.806,12.806,6.486746,10,21,2008,20,57,18,3.02124,1.00E+25,1.00E+25
880721.116,7853056.992,,7,SM,0.0178,12.8239,12.8239,6.42144,10,21,2008,20,57,28,3.501953,1.00E+25,1.00E+25
880749.395,7853052.182,,7,SM,0.0177,12.8416,12.8416,6.382196,10,21,2008,20,57,38,3.02124,1.00E+25,1.00E+25
880777.757,7853049.844,,7,SM,0.0176,12.8592,12.8592,6.331693,10,21,2008,20,57,48,3.02124,1.00E+25,1.00E+25
880805.684,7853050.075,,7,SM,0.0173,12.8764,12.8764,6.212791,10,21,2008,20,57,58,2.540649,1.00E+25,1.00E+25
880833.216,7853048.162,,7,SM,0.0171,12.8935,12.8935,6.140392,10,21,2008,20,58,8,2.060059,1.00E+25,1.00E+25
880862.134,7853045.541,,7,SM,0.0179,12.9114,12.9114,6.459849,10,21,2008,20,58,18,2.060059,1.00E+25,1.00E+25
880889.142,7853044.105,,7,SM,0.0167,12.9282,12.9282,6.017677,10,21,2008,20,58,28,1.579346,1.00E+25,1.00E+25
880918.863,7853039.732,,7,SM,0.0186,12.9467,12.9467,6.683715,10,21,2008,20,58,38,2.060059,1.00E+25,1.00E+25
880947.331,7853033.824,,7,SM,0.018,12.9647,12.9647,6.46898,10,21,2008,20,58,48,2.060059,1.00E+25,1.00E+25
880976.226,7853029.502,,7,SM,0.0181,12.9827,12.9827,6.499838,10,21,2008,20,58,58,2.540649,1.00E+25,1.00E+25
881005.207,7853026.137,,7,SM,0.018,13.0008,13.0008,6.491217,10,21,2008,20,59,8,3.02124,1.00E+25,1.00E+25
881033.538,7853024.362,,7,SM,0.0175,13.0183,13.0183,6.315554,10,21,2008,20,59,18,2.540649,1.00E+25,1.00E+25
881063.874,7853027.842,,7,SM,0.0189,13.0372,13.0372,6.793697,10,21,2008,20,59,28,3.501953,1.00E+25,1.00E+25
881091.274,7853029.687,,7,SM,0.017,13.0542,13.0542,6.109149,10,21,2008,20,59,38,2.540649,1.00E+25,1.00E+25
881120.005,7853028.170,,7,SM,0.0178,13.0719,13.0719,6.400679,10,21,2008,20,59,48,2.540649,1.00E+25,1.00E+25
881148.646,7853024.939,,7,SM,0.0178,13.0898,13.0898,6.413237,10,21,2008,20,59,58,2.540649,1.00E+25,1.00E+25
881177.021,7853020.340,,7,SM,0.0178,13.1075,13.1075,6.395029,10,21,2008,21,0,8,2.540649,1.00E+25,1.00E+25
881206.583,7853017.267,,7,SM,0.0184,13.1259,13.1259,6.61301,10,21,2008,21,0,18,3.02124,1.00E+25,1.00E+25
881235.143,7853012.322,,7,SM,0.0179,13.1438,13.1438,6.448515,10,21,2008,21,0,28,2.540649,1.00E+25,1.00E+25
881262.302,7853003.738,,7,SM,0.0176,13.1614,13.1614,6.337916,10,21,2008,21,0,38,2.540649,1.00E+25,1.00E+25
881289.343,7852994.379,,7,SM,0.0177,13.1791,13.1791,6.366984,10,21,2008,21,0,48,3.02124,1.00E+25,1.00E+25
881317.082,7852986.840,,7,SM,0.0178,13.1969,13.1969,6.396063,10,21,2008,21,0,58,2.540649,1.00E+25,1.00E+25
881344.672,7852978.708,,7,SM,0.0178,13.2146,13.2146,6.399713,10,21,2008,21,1,8,2.540649,1.00E+25,1.00E+25
881373.206,7852972.061,,7,SM,0.0181,13.2327,13.2327,6.518938,10,21,2008,21,1,18,3.501953,1.00E+25,1.00E+25
881401.857,7852967.323,,7,SM,0.0179,13.2507,13.2507,6.461116,10,21,2008,21,1,28,2.540649,1.00E+25,1.00E+25
881431.244,7852962.711,,7,SM,0.0184,13.2691,13.2691,6.618352,10,21,2008,21,1,38,2.540649,1.00E+25,1.00E+25
881458.800,7852955.519,,7,SM,0.0176,13.2867,13.2867,6.336467,10,21,2008,21,1,48,2.540649,1.00E+25,1.00E+25
881486.243,7852945.664,,7,SM,0.018,13.3047,13.3047,6.48818,10,21,2008,21,1,58,2.060059,1.00E+25,1.00E+25
881513.780,7852936.014,,7,SM,0.018,13.3227,13.3227,6.492112,10,21,2008,21,2,8,2.540649,1.00E+25,1.00E+25
881542.095,7852930.654,,7,SM,0.0178,13.3405,13.3405,6.412122,10,21,2008,21,2,18,2.540649,1.00E+25,1.00E+25
881570.990,7852927.093,,7,SM,0.018,13.3585,13.3585,6.476974,10,21,2008,21,2,28,2.060059,1.00E+25,1.00E+25
881599.189,7852920.579,,7,SM,0.0179,13.3764,13.3764,6.43928,10,21,2008,21,2,38,1.579346,1.00E+25,1.00E+25
881627.052,7852913.064,,7,SM,0.0178,13.3943,13.3943,6.421477,10,21,2008,21,2,48,2.060059,1.00E+25,1.00E+25
881655.044,7852904.816,,7,SM,0.018,13.4123,13.4123,6.492835,10,21,2008,21,2,58,1.579346,1.00E+25,1.00E+25
881683.827,7852897.836,,7,SM,0.0183,13.4306,13.4306,6.589965,10,21,2008,21,3,8,2.060059,1.00E+25,1.00E+25
881713.009,7852891.492,,7,SM,0.0185,13.4491,13.4491,6.644277,10,21,2008,21,3,18,2.540649,1.00E+25,1.00E+25
881740.653,7852885.642,,7,SM,0.0175,13.4665,13.4665,6.287035,10,21,2008,21,3,28,2.060059,1.00E+25,1.00E+25
881769.737,7852880.605,,7,SM,0.0182,13.4848,13.4848,6.567319,10,21,2008,21,3,38,2.060059,1.00E+25,1.00E+25
881797.295,7852873.417,,7,SM,0.0176,13.5024,13.5024,6.336787,10,21,2008,21,3,48,1.579346,1.00E+25,1.00E+25
881826.389,7852866.114,,7,SM,0.0185,13.5209,13.5209,6.674026,10,21,2008,21,3,58,2.060059,1.00E+25,1.00E+25
881853.556,7852857.539,,7,SM,0.0176,13.5385,13.5385,6.338455,10,21,2008,21,4,8,1.579346,1.00E+25,1.00E+25
881882.767,7852851.769,,7,SM,0.0184,13.5569,13.5569,6.624761,10,21,2008,21,4,18,2.060059,1.00E+25,1.00E+25
881911.360,7852846.648,,7,SM,0.018,13.5749,13.5749,6.46319,10,21,2008,21,4,28,1.579346,1.00E+25,1.00E+25
881939.470,7852840.312,,7,SM,0.0178,13.5927,13.5927,6.41091,10,21,2008,21,4,38,1.098633,1.00E+25,1.00E+25
881967.977,7852833.856,,7,SM,0.0181,13.6107,13.6107,6.503548,10,21,2008,21,4,48,1.098633,1.00E+25,1.00E+25
881995.897,7852828.622,,7,SM,0.0176,13.6283,13.6283,6.320248,10,21,2008,21,4,58,1.098633,1.00E+25,1.00E+25
882025.041,7852824.353,,7,SM,0.0182,13.6465,13.6465,6.553451,10,21,2008,21,5,8,1.098633,1.00E+25,1.00E+25
882053.566,7852822.245,,7,SM,0.0177,13.6642,13.6642,6.362964,10,21,2008,21,5,18,1.098633,1.00E+25,1.00E+25
882082.308,7852818.476,,7,SM,0.0179,13.6821,13.6821,6.449848,10,21,2008,21,5,28,1.098633,1.00E+25,1.00E+25
882110.254,7852814.947,,7,SM,0.0174,13.6995,13.6995,6.266704,10,21,2008,21,5,38,0.618042,1.00E+25,1.00E+25
882139.853,7852812.080,,7,SM,0.0184,13.7179,13.7179,6.616287,10,21,2008,21,5,48,0.618042,1.00E+25,1.00E+25
882167.746,7852807.032,,7,SM,0.0175,13.7354,13.7354,6.30608,10,21,2008,21,5,58,0.618042,1.00E+25,1.00E+25
882196.160,7852801.507,,7,SM,0.0179,13.7533,13.7533,6.440249,10,21,2008,21,6,8,0.618042,1.00E+25,1.00E+25
882224.901,7852798.494,,7,SM,0.0179,13.7711,13.7711,6.429549,10,21,2008,21,6,18,0.137451,1.00E+25,1.00E+25
882253.725,7852797.573,,7,SM,0.0178,13.789,13.789,6.416267,10,21,2008,21,6,28,0.137451,1.00E+25,1.00E+25
882283.655,7852797.221,,7,SM,0.0185,13.8075,13.8075,6.658773,10,21,2008,21,6,38,0.137451,1.00E+25,1.00E+25
882307.124,7852792.172,,7,SM,0.0148,13.8223,13.8223,5.341512,10,21,2008,21,6,48,0.137451,1.00E+25,1.00E+25
882339.062,7852788.575,,7,SM,0.0199,13.8422,13.8422,7.150326,10,21,2008,21,6,58,1.579346,1.00E+25,1.00E+25
882370.192,7852787.484,,7,SM,0.0192,13.8614,13.8614,6.929666,10,21,2008,21,7,8,2.060059,1.00E+25,1.00E+25
882400.110,7852789.398,,7,SM,0.0185,13.8799,13.8799,6.669844,10,21,2008,21,7,18,2.060059,1.00E+25,1.00E+25
882426.734,7852786.214,,7,SM,0.0166,13.8965,13.8965,5.965894,10,21,2008,21,7,28,1.579346,1.00E+25,1.00E+25
882434.125,7852765.565,,7,SM,0.0136,13.9101,13.9101,4.882512,10,21,2008,21,7,38,2.540649,1.00E+25,1.00E+25
882416.894,7852753.356,,7,SM,0.0131,13.9231,13.9231,4.698884,10,21,2008,21,7,48,2.060059,1.00E+25,1.00E+25
882381.382,7852752.373,,7,SM,0.022,13.9451,13.9451,7.903106,10,21,2008,21,7,58,0.137451,1.00E+25,1.00E+25
882331.878,7852758.251,,7,SM,0.0308,13.9759,13.9759,11.091207,10,21,2008,21,8,8,2.060059,1.00E+25,1.00E+25
882276.749,7852766.000,,7,SM,0.0344,14.0103,14.0103,12.385838,10,21,2008,21,8,18,3.02124,1.00E+25,1.00E+25
882221.648,7852774.700,,7,SM,0.0345,14.0448,14.0448,12.411098,10,21,2008,21,8,28,3.982666,1.00E+25,1.00E+25
882165.542,7852782.285,,7,SM,0.035,14.0798,14.0798,12.596862,10,21,2008,21,8,38,4.463257,1.00E+25,1.00E+25
882109.742,7852788.789,,7,SM,0.0347,14.1145,14.1145,12.497965,10,21,2008,21,8,48,3.982666,1.00E+25,1.00E+25
882053.678,7852800.918,,7,SM,0.0355,14.1499,14.1499,12.762404,10,21,2008,21,8,58,4.463257,1.00E+25,1.00E+25
881997.965,7852810.274,,7,SM,0.0349,14.1848,14.1848,12.569424,10,21,2008,21,9,8,4.943848,1.00E+25,1.00E+25
881941.386,7852820.615,,7,SM,0.0355,14.2204,14.2204,12.796482,10,21,2008,21,9,18,5.424561,1.00E+25,1.00E+25
881885.624,7852826.943,,7,SM,0.0347,14.2551,14.2551,12.485956,10,21,2008,21,9,28,5.424561,1.00E+25,1.00E+25
881829.714,7852823.801,,7,SM,0.0346,14.2897,14.2897,12.45814,10,21,2008,21,9,38,5.905273,1.00E+25,1.00E+25
881774.041,7852814.845,,7,SM,0.0348,14.3245,14.3245,12.544895,10,21,2008,21,9,48,4.463257,1.00E+25,1.00E+25
881717.448,7852813.100,,7,SM,0.035,14.3595,14.3595,12.595948,10,21,2008,21,9,58,3.982666,1.00E+25,1.00E+25
881661.023,7852816.296,,7,SM,0.0349,14.3944,14.3944,12.573527,10,21,2008,21,10,8,3.982666,1.00E+25,1.00E+25
881604.078,7852819.973,,7,SM,0.0353,14.4297,14.4297,12.696184,10,21,2008,21,10,18,4.463257,1.00E+25,1.00E+25
881546.369,7852821.442,,7,SM,0.0357,14.4654,14.4654,12.84262,10,21,2008,21,10,28,4.463257,1.00E+25,1.00E+25
881491.202,7852825.047,,7,SM,0.0342,14.4995,14.4995,12.299727,10,21,2008,21,10,38,4.463257,1.00E+25,1.00E+25
881433.888,7852820.540,,7,SM,0.0355,14.5351,14.5351,12.790559,10,21,2008,21,10,48,4.463257,1.00E+25,1.00E+25
881376.427,7852821.678,,7,SM,0.0355,14.5706,14.5706,12.785864,10,21,2008,21,10,58,5.424561,1.00E+25,1.00E+25
867057.731,7855287.164,OBH,,,,,,,,,,,,,,,
