X,Y,LATITUDE,LONGITUDE,LABEL,ATTR_1,ATTR_10,ATTR_11,ATTR_12,ATTR_13,ATTR_14,ATTR_15,ATTR_2,ATTR_3,ATTR_4,ATTR_5,ATTR_6,ATTR_7,ATTR_8,ATTR_9
824433.702,7844419.839,70° 29' 41.48" N,150° 16' 03.00" W,,7,SM,14.9613,0,48.0881,2.78681,19327,24,2008,15,52,53,-10.917847,1.00E+25,1.00E+25
824404.011,7844415.728,70° 29' 41.49" N,150° 16' 05.90" W,,7,SM,0.0185,0.0185,48.1066,6.671881,10,24,2008,15,53,3,-12.359863,1.00E+25,1.00E+25
824375.499,7844410.848,70° 29' 41.47" N,150° 16' 08.69" W,,7,SM,0.0179,0.0364,48.1245,6.438578,10,24,2008,15,53,13,-11.398438,1.00E+25,1.00E+25
824350.120,7844403.413,70° 29' 41.35" N,150° 16' 11.21" W,,7,SM,0.0164,0.0528,48.1409,5.886096,10,24,2008,15,53,23,-10.437256,1.00E+25,1.00E+25
824323.644,7844394.880,70° 29' 41.20" N,150° 16' 13.86" W,,7,SM,0.0172,0.07,48.1581,6.191613,10,24,2008,15,53,33,-10.917847,1.00E+25,1.00E+25
824295.699,7844387.827,70° 29' 41.10" N,150° 16' 16.62" W,,7,SM,0.0178,0.0878,48.1759,6.415485,10,24,2008,15,53,43,-11.87915,1.00E+25,1.00E+25
824270.603,7844396.230,70° 29' 41.48" N,150° 16' 18.90" W,,7,SM,0.0164,0.1042,48.1922,5.891176,10,24,2008,15,53,53,-12.359863,1.00E+25,1.00E+25
824249.085,7844402.519,70° 29' 41.78" N,150° 16' 20.87" W,,7,SM,0.0139,0.118,48.2061,4.990897,10,24,2008,15,54,3,-15.243652,1.00E+25,1.00E+25
824223.915,7844407.527,70° 29' 42.06" N,150° 16' 23.21" W,,7,SM,0.0159,0.1339,48.222,5.712151,10,24,2008,15,54,13,-15.243652,1.00E+25,1.00E+25
824185.584,7844412.323,70° 29' 42.39" N,150° 16' 26.80" W,,7,SM,0.0239,0.1578,48.2459,8.598959,10,24,2008,15,54,23,-15.724365,1.00E+25,1.00E+25
824130.983,7844423.606,70° 29' 43.00" N,150° 16' 31.86" W,,7,SM,0.0345,0.1922,48.2803,12.411007,10,24,2008,15,54,33,-13.321045,1.00E+25,1.00E+25
824050.792,7844461.088,70° 29' 44.57" N,150° 16' 39.00" W,,7,SM,0.0547,0.247,48.3351,19.707217,10,24,2008,15,54,43,-9.956543,1.00E+25,1.00E+25
823964.945,7844524.646,70° 29' 46.99" N,150° 16' 46.32" W,,7,SM,0.0661,0.3131,48.4011,23.783202,10,24,2008,15,54,53,-10.917847,1.00E+25,1.00E+25
823883.529,7844608.026,70° 29' 50.03" N,150° 16' 52.94" W,,7,SM,0.0721,0.3851,48.4732,25.951855,10,24,2008,15,55,3,-13.801758,1.00E+25,1.00E+25
823802.790,7844701.097,70° 29' 53.37" N,150° 16' 59.37" W,,7,SM,0.0762,0.4614,48.5494,27.439041,10,24,2008,15,55,13,-11.87915,1.00E+25,1.00E+25
823725.874,7844800.365,70° 29' 56.89" N,150° 17' 05.34" W,,7,SM,0.0777,0.539,48.6271,27.967332,10,24,2008,15,55,23,-10.437256,1.00E+25,1.00E+25
823662.897,7844881.902,70° 29' 59.78" N,150° 17' 10.23" W,,7,SM,0.0637,0.6028,48.6909,22.94507,10,24,2008,15,55,33,-11.398438,1.00E+25,1.00E+25
823619.290,7844950.256,70° 30' 02.17" N,150° 17' 13.46" W,,7,SM,0.0502,0.6529,48.741,18.057901,10,24,2008,15,55,43,-12.359863,1.00E+25,1.00E+25
823594.825,7844899.146,70° 30' 00.65" N,150° 17' 16.50" W,,7,SM,0.0351,0.688,48.7761,12.61858,10,24,2008,15,55,53,-12.359863,1.00E+25,1.00E+25
823613.854,7844792.643,70° 29' 57.16" N,150° 17' 16.15" W,,7,SM,0.0669,0.7549,48.843,24.099314,10,24,2008,15,56,3,-13.321045,1.00E+25,1.00E+25
823694.578,7844686.965,70° 29' 53.42" N,150° 17' 09.90" W,,7,SM,0.0823,0.8372,48.9253,29.6164,10,24,2008,15,56,13,-10.917847,1.00E+25,1.00E+25
823824.154,7844623.702,70° 29' 50.80" N,150° 16' 58.40" W,,7,SM,0.0892,0.9264,49.0145,32.102762,10,24,2008,15,56,23,-10.917847,1.00E+25,1.00E+25
823962.765,7844583.188,70° 29' 48.87" N,150° 16' 45.72" W,,7,SM,0.0893,1.0157,49.1038,32.14695,10,24,2008,15,56,33,-8.995239,1.00E+25,1.00E+25
824102.972,7844611.176,70° 29' 49.12" N,150° 16' 31.94" W,,7,SM,0.0884,1.1041,49.1922,31.822953,10,24,2008,15,56,43,-8.514648,1.00E+25,1.00E+25
824222.317,7844692.568,70° 29' 51.16" N,150° 16' 19.42" W,,7,SM,0.0893,1.1934,49.2815,32.158222,10,24,2008,15,56,53,-7.07251,1.00E+25,1.00E+25
824317.854,7844800.798,70° 29' 54.17" N,150° 16' 08.80" W,,7,SM,0.0893,1.2827,49.3708,32.142818,10,24,2008,15,57,3,-8.514648,1.00E+25,1.00E+25
824404.229,7844915.416,70° 29' 57.43" N,150° 15' 58.97" W,,7,SM,0.0888,1.3715,49.4595,31.956434,10,24,2008,15,57,13,-10.437256,1.00E+25,1.00E+25
824479.980,7845034.330,70° 30' 00.88" N,150° 15' 50.09" W,,7,SM,0.0872,1.4587,49.5468,31.395956,10,24,2008,15,57,23,-9.47583,1.00E+25,1.00E+25
824543.852,7845150.210,70° 30' 04.28" N,150° 15' 42.38" W,,7,SM,0.0818,1.5405,49.6286,29.465308,10,24,2008,15,57,33,-9.47583,1.00E+25,1.00E+25
824599.647,7845261.538,70° 30' 07.57" N,150° 15' 35.51" W,,7,SM,0.077,1.6175,49.7056,27.730972,10,24,2008,15,57,43,-9.956543,1.00E+25,1.00E+25
824636.079,7845379.841,70° 30' 11.18" N,150° 15' 30.39" W,,7,SM,0.0766,1.6941,49.7822,27.5692,10,24,2008,15,57,53,-8.995239,1.00E+25,1.00E+25
824651.676,7845503.211,70° 30' 15.04" N,150° 15' 27.20" W,,7,SM,0.0769,1.7711,49.8592,27.697453,10,24,2008,15,58,3,-9.956543,1.00E+25,1.00E+25
824655.252,7845629.728,70° 30' 19.06" N,150° 15' 25.10" W,,7,SM,0.0783,1.8494,49.9375,28.192089,10,24,2008,15,58,13,-8.514648,1.00E+25,1.00E+25
824651.458,7845749.912,70° 30' 22.91" N,150° 15' 23.80" W,,7,SM,0.0744,1.9238,50.0119,26.783536,10,24,2008,15,58,23,-12.840454,1.00E+25,1.00E+25
824632.904,7845869.648,70° 30' 26.82" N,150° 15' 23.91" W,,7,SM,0.075,1.9987,50.0868,26.989145,10,24,2008,15,58,33,-10.917847,1.00E+25,1.00E+25
824618.297,7845990.332,70° 30' 30.74" N,150° 15' 23.64" W,,7,SM,0.0752,2.074,50.1621,27.078255,10,24,2008,15,58,43,-9.47583,1.00E+25,1.00E+25
824615.291,7846110.254,70° 30' 34.58" N,150° 15' 22.26" W,,7,SM,0.0742,2.1482,50.2363,26.720262,10,24,2008,15,58,53,-9.956543,1.00E+25,1.00E+25
824621.507,7846230.197,70° 30' 38.38" N,150° 15' 20.01" W,,7,SM,0.0743,2.2225,50.3106,26.752025,10,24,2008,15,59,3,-7.07251,1.00E+25,1.00E+25
824638.024,7846348.812,70° 30' 42.08" N,150° 15' 16.79" W,,7,SM,0.0741,2.2966,50.3847,26.674641,10,24,2008,15,59,13,-6.591919,1.00E+25,1.00E+25
824664.104,7846464.678,70° 30' 45.66" N,150° 15' 12.69" W,,7,SM,0.0735,2.3701,50.4582,26.45183,10,24,2008,15,59,23,-11.398438,1.00E+25,1.00E+25
824686.214,7846580.157,70° 30' 49.24" N,150° 15' 08.97" W,,7,SM,0.0727,2.4428,50.5309,26.187867,10,24,2008,15,59,33,-14.763062,1.00E+25,1.00E+25
824706.304,7846695.721,70° 30' 52.84" N,150° 15' 05.45" W,,7,SM,0.0726,2.5154,50.6035,26.125239,10,24,2008,15,59,43,-18.127808,1.00E+25,1.00E+25
824717.290,7846812.972,70° 30' 56.53" N,150° 15' 02.78" W,,7,SM,0.0729,2.5882,50.6763,26.230765,10,24,2008,15,59,53,-14.282471,1.00E+25,1.00E+25
824724.445,7846930.233,70° 31' 00.23" N,150° 15' 00.46" W,,7,SM,0.0727,2.6609,50.749,26.167051,10,24,2008,16,0,3,-12.359863,1.00E+25,1.00E+25
824747.943,7847042.531,70° 31' 03.71" N,150° 14' 56.66" W,,7,SM,0.071,2.7319,50.82,25.55365,10,24,2008,16,0,13,-11.87915,1.00E+25,1.00E+25
824792.391,7847147.150,70° 31' 06.84" N,150° 14' 50.96" W,,7,SM,0.0703,2.8022,50.8903,25.314226,10,24,2008,16,0,23,-10.437256,1.00E+25,1.00E+25
824817.987,7847257.498,70° 31' 10.24" N,150° 14' 46.98" W,,7,SM,0.0701,2.8723,50.9604,25.229552,10,24,2008,16,0,33,-9.956543,1.00E+25,1.00E+25
824847.555,7847368.987,70° 31' 13.66" N,150° 14' 42.61" W,,7,SM,0.0714,2.9437,51.0318,25.689362,10,24,2008,16,0,43,-12.359863,1.00E+25,1.00E+25
824887.735,7847476.940,70° 31' 16.92" N,150° 14' 37.27" W,,7,SM,0.0713,3.0149,51.103,25.653485,10,24,2008,16,0,53,-9.956543,1.00E+25,1.00E+25
824937.314,7847583.251,70° 31' 20.08" N,150° 14' 31.05" W,,7,SM,0.0726,3.0875,51.1756,26.122758,10,24,2008,16,1,3,-5.149902,1.00E+25,1.00E+25
824996.530,7847692.280,70° 31' 23.29" N,150° 14' 23.88" W,,7,SM,0.0767,3.1642,51.2523,27.629327,10,24,2008,16,1,13,-5.149902,1.00E+25,1.00E+25
825056.093,7847804.936,70° 31' 26.60" N,150° 14' 16.62" W,,7,SM,0.0788,3.2431,51.3312,28.377544,10,24,2008,16,1,23,-6.591919,1.00E+25,1.00E+25
825100.303,7847926.459,70° 31' 30.28" N,150° 14' 10.70" W,,7,SM,0.08,3.3231,51.4112,28.799571,10,24,2008,16,1,33,-7.07251,1.00E+25,1.00E+25
825117.603,7848054.792,70° 31' 34.29" N,150° 14' 07.26" W,,7,SM,0.0801,3.4032,51.4913,28.842583,10,24,2008,16,1,43,-12.840454,1.00E+25,1.00E+25
825120.472,7848184.413,70° 31' 38.41" N,150° 14' 05.19" W,,7,SM,0.0802,3.4834,51.5715,28.87891,10,24,2008,16,1,53,-15.243652,1.00E+25,1.00E+25
825095.270,7848312.022,70° 31' 42.60" N,150° 14' 05.82" W,,7,SM,0.0805,3.5639,51.652,28.973352,10,24,2008,16,2,3,-15.243652,1.00E+25,1.00E+25
825062.985,7848439.165,70° 31' 46.81" N,150° 14' 07.14" W,,7,SM,0.0812,3.6451,51.7331,29.219245,10,24,2008,16,2,13,-13.321045,1.00E+25,1.00E+25
825025.759,7848564.086,70° 31' 50.96" N,150° 14' 08.97" W,,7,SM,0.0807,3.7257,51.8138,29.034484,10,24,2008,16,2,23,-10.917847,1.00E+25,1.00E+25
824974.451,7848684.893,70° 31' 55.06" N,150° 14' 12.19" W,,7,SM,0.0812,3.8069,51.895,29.233873,10,24,2008,16,2,33,-6.591919,1.00E+25,1.00E+25
824936.819,7848807.874,70° 31' 59.15" N,150° 14' 14.08" W,,7,SM,0.0796,3.8865,51.9746,28.646973,10,24,2008,16,2,43,-4.669312,1.00E+25,1.00E+25
824914.667,7848933.107,70° 32' 03.25" N,150° 14' 14.46" W,,7,SM,0.0787,3.9652,52.0533,28.327832,10,24,2008,16,2,53,-5.149902,1.00E+25,1.00E+25
824905.031,7849059.404,70° 32' 07.33" N,150° 14' 13.63" W,,7,SM,0.0784,4.0435,52.1316,28.214054,10,24,2008,16,3,3,-4.188599,1.00E+25,1.00E+25
824910.169,7849186.722,70° 32' 11.36" N,150° 14' 11.37" W,,7,SM,0.0788,4.1224,52.2105,28.381781,10,24,2008,16,3,13,-4.188599,1.00E+25,1.00E+25
824916.225,7849314.173,70° 32' 15.40" N,150° 14' 09.01" W,,7,SM,0.0789,4.2013,52.2894,28.420474,10,24,2008,16,3,23,0.618042,1.00E+25,1.00E+25
824922.647,7849442.994,70° 32' 19.48" N,150° 14' 06.61" W,,7,SM,0.0798,4.2811,52.3692,28.729054,10,24,2008,16,3,33,6.866455,1.00E+25,1.00E+25
824929.880,7849571.368,70° 32' 23.54" N,150° 14' 04.13" W,,7,SM,0.0796,4.3607,52.4488,28.639518,10,24,2008,16,3,43,7.347168,1.00E+25,1.00E+25
824937.146,7849699.937,70° 32' 27.61" N,150° 14' 01.65" W,,7,SM,0.0797,4.4404,52.5285,28.682831,10,24,2008,16,3,53,7.347168,1.00E+25,1.00E+25
824895.484,7849824.776,70° 32' 31.79" N,150° 14' 03.90" W,,7,SM,0.0814,4.5218,52.6099,29.314452,10,24,2008,16,4,3,-14.282471,1.00E+25,1.00E+25
824889.896,7849959.375,70° 32' 36.11" N,150° 14' 02.56" W,,7,SM,0.0834,4.6051,52.6932,30.006762,10,24,2008,16,4,13,-19.088989,1.00E+25,1.00E+25
824881.602,7850087.562,70° 32' 40.24" N,150° 14' 01.57" W,,7,SM,0.0795,4.6846,52.7727,28.612594,10,24,2008,16,4,23,-19.088989,1.00E+25,1.00E+25
824879.130,7850213.210,70° 32' 44.26" N,150° 14' 00.06" W,,7,SM,0.0778,4.7624,52.8505,27.992624,10,24,2008,16,4,33,-19.088989,1.00E+25,1.00E+25
824869.793,7850338.612,70° 32' 48.30" N,150° 13' 59.20" W,,7,SM,0.0778,4.8402,52.9283,28.010053,10,24,2008,16,4,43,-19.088989,1.00E+25,1.00E+25
824843.050,7850459.603,70° 32' 52.28" N,150° 14' 00.08" W,,7,SM,0.0767,4.9169,53.0049,27.600495,10,24,2008,16,4,53,-19.088989,1.00E+25,1.00E+25
824807.991,7850580.889,70° 32' 56.32" N,150° 14' 01.75" W,,7,SM,0.0781,4.995,53.0831,28.121557,10,24,2008,16,5,3,-19.088989,1.00E+25,1.00E+25
824761.190,7850698.022,70° 33' 00.27" N,150° 14' 04.60" W,,7,SM,0.078,5.073,53.1611,28.095409,10,24,2008,16,5,13,-17.647095,1.00E+25,1.00E+25
824710.786,7850815.385,70° 33' 04.25" N,150° 14' 07.79" W,,7,SM,0.079,5.152,53.2401,28.449469,10,24,2008,16,5,23,-12.840454,1.00E+25,1.00E+25
824670.974,7850935.792,70° 33' 08.27" N,150° 14' 09.93" W,,7,SM,0.0785,5.2305,53.3186,28.247669,10,24,2008,16,5,33,-11.398438,1.00E+25,1.00E+25
824633.635,7851057.312,70° 33' 12.32" N,150° 14' 11.81" W,,7,SM,0.0787,5.3092,53.3972,28.316433,10,24,2008,16,5,43,-10.917847,1.00E+25,1.00E+25
824594.688,7851179.538,70° 33' 16.40" N,150° 14' 13.84" W,,7,SM,0.0794,5.3885,53.4766,28.573457,10,24,2008,16,5,53,-8.514648,1.00E+25,1.00E+25
824562.948,7851303.940,70° 33' 20.52" N,150° 14' 15.15" W,,7,SM,0.0794,5.468,53.5561,28.597521,10,24,2008,16,6,3,-5.149902,1.00E+25,1.00E+25
824543.058,7851430.441,70° 33' 24.65" N,150° 14' 15.29" W,,7,SM,0.0792,5.5472,53.6353,28.523661,10,24,2008,16,6,13,-3.707886,1.00E+25,1.00E+25
824514.141,7851555.253,70° 33' 28.76" N,150° 14' 16.32" W,,7,SM,0.0793,5.6265,53.7146,28.537696,10,24,2008,16,6,23,-3.707886,1.00E+25,1.00E+25
824472.999,7851675.844,70° 33' 32.80" N,150° 14' 18.58" W,,7,SM,0.0788,5.7053,53.7934,28.380714,10,24,2008,16,6,33,-3.707886,1.00E+25,1.00E+25
824454.007,7851801.346,70° 33' 36.89" N,150° 14' 18.66" W,,7,SM,0.0785,5.7838,53.8719,28.273487,10,24,2008,16,6,43,-4.669312,1.00E+25,1.00E+25
824441.664,7851928.944,70° 33' 41.02" N,150° 14' 18.06" W,,7,SM,0.0793,5.8632,53.9513,28.554425,10,24,2008,16,6,53,-8.995239,1.00E+25,1.00E+25
824424.621,7852056.987,70° 33' 45.19" N,150° 14' 17.91" W,,7,SM,0.0799,5.9431,54.0312,28.772541,10,24,2008,16,7,3,-8.995239,1.00E+25,1.00E+25
824413.540,7852186.649,70° 33' 49.37" N,150° 14' 17.17" W,,7,SM,0.0805,6.0236,54.1117,28.986816,10,24,2008,16,7,13,-7.553101,1.00E+25,1.00E+25
824409.969,7852317.214,70° 33' 53.56" N,150° 14' 15.69" W,,7,SM,0.0808,6.1044,54.1925,29.093423,10,24,2008,16,7,23,-6.591919,1.00E+25,1.00E+25
824406.648,7852449.508,70° 33' 57.79" N,150° 14' 14.17" W,,7,SM,0.0819,6.1863,54.2744,29.476903,10,24,2008,16,7,33,-0.343384,1.00E+25,1.00E+25
824397.030,7852580.699,70° 34' 02.02" N,150° 14' 13.26" W,,7,SM,0.0814,6.2677,54.3558,29.300605,10,24,2008,16,7,43,1.579346,1.00E+25,1.00E+25
824368.063,7852707.197,70° 34' 06.19" N,150° 14' 14.28" W,,7,SM,0.0803,6.348,54.4361,28.906058,10,24,2008,16,7,53,0.618042,1.00E+25,1.00E+25
824323.266,7852828.008,70° 34' 10.25" N,150° 14' 16.89" W,,7,SM,0.0797,6.4277,54.5158,28.699741,10,24,2008,16,8,3,-0.343384,1.00E+25,1.00E+25
824276.523,7852946.280,70° 34' 14.24" N,150° 14' 19.72" W,,7,SM,0.0787,6.5064,54.5945,28.32626,10,24,2008,16,8,13,0.137451,1.00E+25,1.00E+25
824241.330,7853065.667,70° 34' 18.22" N,150° 14' 21.43" W,,7,SM,0.077,6.5834,54.6715,27.723855,10,24,2008,16,8,23,-0.824097,1.00E+25,1.00E+25
824221.236,7853191.009,70° 34' 22.31" N,150° 14' 21.61" W,,7,SM,0.0785,6.6619,54.75,28.276028,10,24,2008,16,8,33,-0.824097,1.00E+25,1.00E+25
824213.507,7853317.396,70° 34' 26.38" N,150° 14' 20.59" W,,7,SM,0.0783,6.7403,54.8284,28.204747,10,24,2008,16,8,43,-1.304688,1.00E+25,1.00E+25
824192.936,7853441.730,70° 34' 30.44" N,150° 14' 20.83" W,,7,SM,0.078,6.8183,54.9064,28.07114,10,24,2008,16,8,53,-1.785278,1.00E+25,1.00E+25
824159.093,7853561.312,70° 34' 34.41" N,150° 14' 22.41" W,,7,SM,0.0769,6.8952,54.9833,27.682373,10,24,2008,16,9,3,-1.785278,1.00E+25,1.00E+25
824091.323,7853663.741,70° 34' 37.99" N,150° 14' 27.48" W,,7,SM,0.076,6.9711,55.0592,27.353744,10,24,2008,16,9,13,-1.785278,1.00E+25,1.00E+25
824019.630,7853750.555,70° 34' 41.09" N,150° 14' 33.14" W,,7,SM,0.0697,7.0408,55.1289,25.074099,10,24,2008,16,9,23,-0.343384,1.00E+25,1.00E+25
823957.682,7853837.093,70° 34' 44.14" N,150° 14' 37.87" W,,7,SM,0.0658,7.1066,55.1947,23.702321,10,24,2008,16,9,33,-1.304688,1.00E+25,1.00E+25
823910.293,7853930.261,70° 34' 47.33" N,150° 14' 41.12" W,,7,SM,0.0647,7.1713,55.2594,23.281229,10,24,2008,16,9,43,-1.785278,1.00E+25,1.00E+25
823876.392,7854028.397,70° 34' 50.62" N,150° 14' 43.00" W,,7,SM,0.0642,7.2355,55.3236,23.126492,10,24,2008,16,9,53,-2.265991,1.00E+25,1.00E+25
823859.238,7854131.411,70° 34' 53.99" N,150° 14' 43.21" W,,7,SM,0.0646,7.3002,55.3883,23.261827,10,24,2008,16,10,3,-2.746704,1.00E+25,1.00E+25
823863.592,7854228.521,70° 34' 57.07" N,150° 14' 41.44" W,,7,SM,0.0601,7.3603,55.4484,21.652092,10,24,2008,16,10,13,-4.188599,1.00E+25,1.00E+25
823942.085,7854236.915,70° 34' 56.97" N,150° 14' 33.80" W,,7,SM,0.0488,7.4091,55.4972,15.973466,11,24,2008,16,10,24,-4.669312,1.00E+25,1.00E+25
824014.136,7854179.867,70° 34' 54.82" N,150° 14' 27.69" W,,7,SM,0.0568,7.466,55.554,20.462931,10,24,2008,16,10,34,-5.630493,1.00E+25,1.00E+25
824105.812,7854196.575,70° 34' 54.92" N,150° 14' 18.66" W,,7,SM,0.0576,7.5236,55.6117,20.742191,10,24,2008,16,10,44,-4.669312,1.00E+25,1.00E+25
824187.789,7854245.166,70° 34' 56.09" N,150° 14' 10.12" W,,7,SM,0.0589,7.5825,55.6706,23.569933,9,24,2008,16,10,53,-4.669312,1.00E+25,1.00E+25
824298.008,7854311.222,70° 34' 57.69" N,150° 13' 58.63" W,,7,SM,0.0795,7.662,55.75,26.003353,11,24,2008,16,11,4,-7.07251,1.00E+25,1.00E+25
824412.033,7854338.153,70° 34' 58.02" N,150° 13' 47.32" W,,7,SM,0.0724,7.7344,55.8225,26.078666,10,24,2008,16,11,14,-6.591919,1.00E+25,1.00E+25
824529.873,7854324.270,70° 34' 57.03" N,150° 13' 36.22" W,,7,SM,0.0734,7.8078,55.8958,26.411475,10,24,2008,16,11,24,-7.07251,1.00E+25,1.00E+25
824649.584,7854309.160,70° 34' 55.99" N,150° 13' 24.95" W,,7,SM,0.0746,7.8824,55.9705,26.858065,10,24,2008,16,11,34,-8.033936,1.00E+25,1.00E+25
824771.557,7854306.047,70° 34' 55.33" N,150° 13' 13.30" W,,7,SM,0.0754,7.9578,56.0459,27.157862,10,24,2008,16,11,44,-8.514648,1.00E+25,1.00E+25
824886.592,7854340.673,70° 34' 55.90" N,150° 13' 01.78" W,,7,SM,0.0743,8.0321,56.1202,26.739814,10,24,2008,16,11,54,-5.149902,1.00E+25,1.00E+25
824994.037,7854402.036,70° 34' 57.35" N,150° 12' 50.62" W,,7,SM,0.0765,8.1086,56.1967,27.543037,10,24,2008,16,12,4,-7.553101,1.00E+25,1.00E+25
825101.656,7854464.747,70° 34' 58.85" N,150° 12' 39.43" W,,7,SM,0.077,8.1856,56.2737,27.72669,10,24,2008,16,12,14,-7.553101,1.00E+25,1.00E+25
825212.782,7854516.690,70° 34' 59.99" N,150° 12' 28.05" W,,7,SM,0.0758,8.2615,56.3495,27.304401,10,24,2008,16,12,24,-6.591919,1.00E+25,1.00E+25
825331.102,7854552.761,70° 35' 00.59" N,150° 12' 16.19" W,,7,SM,0.0765,8.3379,56.426,27.532152,10,24,2008,16,12,34,-8.995239,1.00E+25,1.00E+25
825451.687,7854580.142,70° 35' 00.91" N,150° 12' 04.25" W,,7,SM,0.0765,8.4144,56.5025,27.523136,10,24,2008,16,12,44,-9.956543,1.00E+25,1.00E+25
825571.646,7854603.676,70° 35' 01.10" N,150° 11' 52.42" W,,7,SM,0.0756,8.49,56.5781,27.209004,10,24,2008,16,12,54,-9.47583,1.00E+25,1.00E+25
825687.668,7854622.880,70° 35' 01.17" N,150° 11' 41.02" W,,7,SM,0.0727,8.5627,56.6508,26.175294,10,24,2008,16,13,4,-11.87915,1.00E+25,1.00E+25
825791.042,7854645.133,70° 35' 01.40" N,150° 11' 30.80" W,,7,SM,0.0654,8.6281,56.7161,23.535957,10,24,2008,16,13,14,-13.321045,1.00E+25,1.00E+25
825885.493,7854679.628,70° 35' 02.06" N,150° 11' 21.26" W,,7,SM,0.0622,8.6902,56.7783,22.38147,10,24,2008,16,13,24,-9.47583,1.00E+25,1.00E+25
825975.441,7854718.360,70° 35' 02.87" N,150° 11' 12.09" W,,7,SM,0.0606,8.7508,56.8389,21.799057,10,24,2008,16,13,34,-8.995239,1.00E+25,1.00E+25
826062.497,7854760.622,70° 35' 03.82" N,150° 11' 03.15" W,,7,SM,0.0598,8.8106,56.8987,21.540264,10,24,2008,16,13,44,-5.630493,1.00E+25,1.00E+25
826146.938,7854800.626,70° 35' 04.70" N,150° 10' 54.49" W,,7,SM,0.0578,8.8684,56.9565,20.798296,10,24,2008,16,13,54,0.137451,1.00E+25,1.00E+25
826250.640,7854821.444,70° 35' 04.88" N,150° 10' 44.26" W,,7,SM,0.0654,8.9338,57.0219,21.402254,11,24,2008,16,14,5,1.098633,1.00E+25,1.00E+25
826347.211,7854833.700,70° 35' 04.82" N,150° 10' 34.82" W,,7,SM,0.0602,8.994,57.0821,21.666962,10,24,2008,16,14,15,-0.343384,1.00E+25,1.00E+25
826431.726,7854843.253,70° 35' 04.73" N,150° 10' 26.59" W,,7,SM,0.0526,9.0466,57.1346,21.034339,9,24,2008,16,14,24,-0.824097,1.00E+25,1.00E+25
826537.118,7854856.808,70° 35' 04.67" N,150° 10' 16.29" W,,7,SM,0.0657,9.1122,57.2003,21.500977,11,24,2008,16,14,35,3.02124,1.00E+25,1.00E+25
826639.805,7854882.011,70° 35' 04.99" N,150° 10' 06.09" W,,7,SM,0.0654,9.1776,57.2657,21.394205,11,24,2008,16,14,46,0.618042,1.00E+25,1.00E+25
826731.894,7854909.051,70° 35' 05.42" N,150° 09' 56.88" W,,7,SM,0.0593,9.237,57.3251,21.362563,10,24,2008,16,14,56,-3.227295,1.00E+25,1.00E+25
826833.962,7854938.876,70° 35' 05.90" N,150° 09' 46.67" W,,7,SM,0.0657,9.3027,57.3908,21.516459,11,24,2008,16,15,7,-5.630493,1.00E+25,1.00E+25
826925.831,7854967.397,70° 35' 06.38" N,150° 09' 37.46" W,,7,SM,0.0595,9.3622,57.4503,21.411153,10,24,2008,16,15,17,-5.630493,1.00E+25,1.00E+25
827027.454,7854991.710,70° 35' 06.68" N,150° 09' 27.38" W,,7,SM,0.0646,9.4268,57.5149,21.142811,11,24,2008,16,15,28,-6.591919,1.00E+25,1.00E+25
827120.714,7855006.900,70° 35' 06.73" N,150° 09' 18.22" W,,7,SM,0.0584,9.4852,57.5733,21.03117,10,24,2008,16,15,38,-5.149902,1.00E+25,1.00E+25
827220.279,7855029.039,70° 35' 06.97" N,150° 09' 08.36" W,,7,SM,0.0631,9.5483,57.6364,20.637669,11,24,2008,16,15,49,-5.149902,1.00E+25,1.00E+25
827317.538,7855065.142,70° 35' 07.66" N,150° 08' 58.53" W,,7,SM,0.0641,9.6124,57.7005,20.99255,11,24,2008,16,16,0,-4.188599,1.00E+25,1.00E+25
827414.967,7855102.213,70° 35' 08.39" N,150° 08' 48.66" W,,7,SM,0.0645,9.6769,57.7649,21.093554,11,24,2008,16,16,11,-6.111206,1.00E+25,1.00E+25
827506.481,7855130.144,70° 35' 08.85" N,150° 08' 39.50" W,,7,SM,0.0592,9.736,57.8241,21.296154,10,24,2008,16,16,21,-6.111206,1.00E+25,1.00E+25
827598.460,7855157.018,70° 35' 09.28" N,150° 08' 30.30" W,,7,SM,0.0592,9.7953,57.8834,21.328403,10,24,2008,16,16,31,-8.033936,1.00E+25,1.00E+25
827701.118,7855180.200,70° 35' 09.53" N,150° 08' 20.13" W,,7,SM,0.0651,9.8603,57.9484,21.294967,11,24,2008,16,16,42,-9.956543,1.00E+25,1.00E+25
827805.847,7855198.234,70° 35' 09.62" N,150° 08' 09.83" W,,7,SM,0.0657,9.926,58.0141,21.502705,11,24,2008,16,16,53,-9.47583,1.00E+25,1.00E+25
827899.665,7855215.986,70° 35' 09.74" N,150° 08' 00.59" W,,7,SM,0.059,9.9851,58.0732,21.252226,10,24,2008,16,17,3,-3.707886,1.00E+25,1.00E+25
827984.458,7855229.592,70° 35' 09.78" N,150° 07' 52.26" W,,7,SM,0.0531,10.0382,58.1262,21.237693,9,24,2008,16,17,12,-2.746704,1.00E+25,1.00E+25
828076.581,7855254.627,70° 35' 10.15" N,150° 07' 43.08" W,,7,SM,0.059,10.0972,58.1853,21.247532,10,24,2008,16,17,22,-4.188599,1.00E+25,1.00E+25
828161.701,7855297.447,70° 35' 11.11" N,150° 07' 34.31" W,,7,SM,0.0589,10.1561,58.2442,21.209324,10,24,2008,16,17,32,-3.227295,1.00E+25,1.00E+25
828243.216,7855346.890,70° 35' 12.31" N,150° 07' 25.80" W,,7,SM,0.0589,10.215,58.3031,21.221864,10,24,2008,16,17,42,-3.707886,1.00E+25,1.00E+25
828323.774,7855396.006,70° 35' 13.49" N,150° 07' 17.38" W,,7,SM,0.0583,10.2734,58.3615,21.002383,10,24,2008,16,17,52,-3.227295,1.00E+25,1.00E+25
828413.973,7855421.714,70° 35' 13.89" N,150° 07' 08.37" W,,7,SM,0.058,10.3314,58.4195,20.87592,10,24,2008,16,18,2,-4.188599,1.00E+25,1.00E+25
828506.787,7855428.433,70° 35' 13.67" N,150° 06' 59.37" W,,7,SM,0.0575,10.3889,58.477,20.711356,10,24,2008,16,18,12,-1.785278,1.00E+25,1.00E+25
828599.509,7855433.637,70° 35' 13.40" N,150° 06' 50.41" W,,7,SM,0.0574,10.4463,58.5344,20.670011,10,24,2008,16,18,22,2.540649,1.00E+25,1.00E+25
828695.864,7855443.897,70° 35' 13.27" N,150° 06' 41.03" W,,7,SM,0.0599,10.5062,58.5943,21.567813,10,24,2008,16,18,32,0.618042,1.00E+25,1.00E+25
828789.590,7855455.466,70° 35' 13.20" N,150° 06' 31.87" W,,7,SM,0.0584,10.5646,58.6527,21.018774,10,24,2008,16,18,42,0.137451,1.00E+25,1.00E+25
828882.493,7855480.652,70° 35' 13.57" N,150° 06' 22.61" W,,7,SM,0.0595,10.6241,58.7122,21.42441,10,24,2008,16,18,52,-0.343384,1.00E+25,1.00E+25
828972.718,7855511.278,70° 35' 14.12" N,150° 06' 13.53" W,,7,SM,0.0589,10.683,58.7711,21.206922,10,24,2008,16,19,2,-0.343384,1.00E+25,1.00E+25
829059.585,7855547.245,70° 35' 14.86" N,150° 06' 04.69" W,,7,SM,0.0581,10.7412,58.8293,20.926768,10,24,2008,16,19,12,-0.824097,1.00E+25,1.00E+25
829142.273,7855593.698,70° 35' 15.95" N,150° 05' 56.10" W,,7,SM,0.0586,10.7998,58.8879,21.111374,10,24,2008,16,19,22,-1.785278,1.00E+25,1.00E+25
829224.861,7855636.567,70° 35' 16.93" N,150° 05' 47.58" W,,7,SM,0.0575,10.8573,58.9454,20.712298,10,24,2008,16,19,32,-1.304688,1.00E+25,1.00E+25
829313.047,7855664.838,70° 35' 17.41" N,150° 05' 38.72" W,,7,SM,0.0573,10.9146,59.0027,20.611981,10,24,2008,16,19,42,1.098633,1.00E+25,1.00E+25
829403.836,7855695.379,70° 35' 17.96" N,150° 05' 29.58" W,,7,SM,0.0592,10.9738,59.0619,21.320455,10,24,2008,16,19,52,3.982666,1.00E+25,1.00E+25
829496.124,7855710.718,70° 35' 18.01" N,150° 05' 20.52" W,,7,SM,0.0578,11.0317,59.1198,20.821963,10,24,2008,16,20,2,0.618042,1.00E+25,1.00E+25
829590.784,7855713.805,70° 35' 17.66" N,150° 05' 11.40" W,,7,SM,0.0586,11.0902,59.1783,21.080242,10,24,2008,16,20,12,-2.746704,1.00E+25,1.00E+25
829685.978,7855712.460,70° 35' 17.17" N,150° 05' 02.29" W,,7,SM,0.0589,11.1491,59.2372,21.189684,10,24,2008,16,20,22,-5.149902,1.00E+25,1.00E+25
829781.102,7855712.426,70° 35' 16.72" N,150° 04' 53.17" W,,7,SM,0.0588,11.2079,59.296,21.172461,10,24,2008,16,20,32,-4.669312,1.00E+25,1.00E+25
829879.234,7855721.685,70° 35' 16.55" N,150° 04' 43.63" W,,7,SM,0.0609,11.2688,59.3569,21.938222,10,24,2008,16,20,42,-3.227295,1.00E+25,1.00E+25
829971.368,7855743.982,70° 35' 16.83" N,150° 04' 34.48" W,,7,SM,0.0586,11.3274,59.4155,21.098245,10,24,2008,16,20,52,-5.149902,1.00E+25,1.00E+25
830062.423,7855774.402,70° 35' 17.37" N,150° 04' 25.32" W,,7,SM,0.0594,11.3868,59.4749,21.367589,10,24,2008,16,21,2,-7.553101,1.00E+25,1.00E+25
830153.693,7855810.127,70° 35' 18.08" N,150° 04' 16.06" W,,7,SM,0.0606,11.4474,59.5355,21.815136,10,24,2008,16,21,12,-8.033936,1.00E+25,1.00E+25
830243.671,7855847.358,70° 35' 18.84" N,150° 04' 06.90" W,,7,SM,0.0602,11.5076,59.5957,21.674326,10,24,2008,16,21,22,-10.437256,1.00E+25,1.00E+25
830334.871,7855874.237,70° 35' 19.27" N,150° 03' 57.77" W,,7,SM,0.0588,11.5664,59.6545,21.161789,10,24,2008,16,21,32,-8.995239,1.00E+25,1.00E+25
830428.197,7855891.839,70° 35' 19.39" N,150° 03' 48.58" W,,7,SM,0.0587,11.6251,59.7132,21.137615,10,24,2008,16,21,42,-8.514648,1.00E+25,1.00E+25
830520.789,7855904.257,70° 35' 19.34" N,150° 03' 39.52" W,,7,SM,0.0578,11.6829,59.7709,20.792695,10,24,2008,16,21,52,-8.033936,1.00E+25,1.00E+25
830614.975,7855913.528,70° 35' 19.19" N,150° 03' 30.36" W,,7,SM,0.0585,11.7414,59.8295,21.064209,10,24,2008,16,22,2,-8.514648,1.00E+25,1.00E+25
830707.807,7855934.455,70° 35' 19.42" N,150° 03' 21.16" W,,7,SM,0.0588,11.8002,59.8883,21.180019,10,24,2008,16,22,12,-10.437256,1.00E+25,1.00E+25
830808.267,7855962.166,70° 35' 19.83" N,150° 03' 11.14" W,,7,SM,0.0644,11.8646,59.9527,21.085939,11,24,2008,16,22,23,-7.07251,1.00E+25,1.00E+25
830900.940,7855982.889,70° 35' 20.05" N,150° 03' 01.96" W,,7,SM,0.0587,11.9233,60.0114,21.135568,10,24,2008,16,22,33,-6.111206,1.00E+25,1.00E+25
830996.109,7855994.393,70° 35' 19.97" N,150° 02' 52.67" W,,7,SM,0.0593,11.9826,60.0707,21.335709,10,24,2008,16,22,43,-8.514648,1.00E+25,1.00E+25
831092.188,7856007.352,70° 35' 19.93" N,150° 02' 43.27" W,,7,SM,0.0599,12.0425,60.1306,21.577782,10,24,2008,16,22,53,-7.553101,1.00E+25,1.00E+25
831185.030,7856032.819,70° 35' 20.30" N,150° 02' 34.01" W,,7,SM,0.0595,12.1021,60.1902,21.427387,10,24,2008,16,23,3,-8.514648,1.00E+25,1.00E+25
831273.715,7856065.198,70° 35' 20.91" N,150° 02' 25.04" W,,7,SM,0.0584,12.1604,60.2485,21.013497,10,24,2008,16,23,13,-8.514648,1.00E+25,1.00E+25
831372.051,7856101.275,70° 35' 21.59" N,150° 02' 15.10" W,,7,SM,0.0648,12.2252,60.3133,21.193847,11,24,2008,16,23,24,-9.956543,1.00E+25,1.00E+25
831460.748,7856132.722,70° 35' 22.18" N,150° 02' 06.15" W,,7,SM,0.0582,12.2834,60.3715,20.94537,10,24,2008,16,23,34,-10.917847,1.00E+25,1.00E+25
831558.875,7856171.412,70° 35' 22.94" N,150° 01' 56.19" W,,7,SM,0.0652,12.3486,60.4367,21.343306,11,24,2008,16,23,45,-10.437256,1.00E+25,1.00E+25
831647.773,7856209.485,70° 35' 23.74" N,150° 01' 47.12" W,,7,SM,0.0598,12.4084,60.4965,21.524312,10,24,2008,16,23,55,-11.87915,1.00E+25,1.00E+25
831735.323,7856249.430,70° 35' 24.59" N,150° 01' 38.16" W,,7,SM,0.0595,12.4679,60.556,21.419358,10,24,2008,16,24,5,-12.359863,1.00E+25,1.00E+25
831814.851,7856281.034,70° 35' 25.22" N,150° 01' 30.08" W,,7,SM,0.0529,12.5208,60.6089,21.163914,9,24,2008,16,24,14,-11.87915,1.00E+25,1.00E+25
831915.459,7856315.217,70° 35' 25.84" N,150° 01' 19.95" W,,7,SM,0.0657,12.5865,60.6746,21.499809,11,24,2008,16,24,25,-8.995239,1.00E+25,1.00E+25
832007.942,7856343.867,70° 35' 26.31" N,150° 01' 10.67" W,,7,SM,0.0599,12.6463,60.7344,21.548808,10,24,2008,16,24,35,-8.995239,1.00E+25,1.00E+25
832101.921,7856365.403,70° 35' 26.55" N,150° 01' 01.35" W,,7,SM,0.0596,12.7059,60.794,21.458978,10,24,2008,16,24,45,-9.956543,1.00E+25,1.00E+25
832195.977,7856384.322,70° 35' 26.71" N,150° 00' 52.07" W,,7,SM,0.0593,12.7653,60.8533,21.353093,10,24,2008,16,24,55,-11.398438,1.00E+25,1.00E+25
832288.221,7856395.258,70° 35' 26.62" N,150° 00' 43.07" W,,7,SM,0.0574,12.8227,60.9108,20.673949,10,24,2008,16,25,5,-11.398438,1.00E+25,1.00E+25
832384.536,7856394.008,70° 35' 26.12" N,150° 00' 33.85" W,,7,SM,0.0596,12.8822,60.9703,21.438557,10,24,2008,16,25,15,-12.840454,1.00E+25,1.00E+25
832477.771,7856381.953,70° 35' 25.29" N,150° 00' 25.08" W,,7,SM,0.0581,12.9404,61.0285,20.924831,10,24,2008,16,25,25,-12.840454,1.00E+25,1.00E+25
832574.527,7856383.225,70° 35' 24.87" N,150° 00' 15.79" W,,7,SM,0.0598,13.0002,61.0883,21.536507,10,24,2008,16,25,35,-12.359863,1.00E+25,1.00E+25
832678.849,7856397.110,70° 35' 24.82" N,150° 00' 05.59" W,,7,SM,0.0651,13.0653,61.1533,21.294029,11,24,2008,16,25,46,-11.87915,1.00E+25,1.00E+25
832786.778,7856414.927,70° 35' 24.87" N,149° 59' 54.99" W,,7,SM,0.0676,13.1329,61.221,22.133055,11,24,2008,16,25,57,-13.321045,1.00E+25,1.00E+25
832881.211,7856434.683,70° 35' 25.05" N,149° 59' 45.65" W,,7,SM,0.0596,13.1925,61.2806,21.472622,10,24,2008,16,26,7,-13.321045,1.00E+25,1.00E+25
832975.704,7856454.453,70° 35' 25.23" N,149° 59' 36.31" W,,7,SM,0.0597,13.2522,61.3403,21.486322,10,24,2008,16,26,17,-9.956543,1.00E+25,1.00E+25
833070.194,7856468.393,70° 35' 25.22" N,149° 59' 27.05" W,,7,SM,0.059,13.3113,61.3993,21.25744,10,24,2008,16,26,27,-8.033936,1.00E+25,1.00E+25
833165.579,7856486.799,70° 35' 25.36" N,149° 59' 17.64" W,,7,SM,0.0601,13.3713,61.4594,21.621042,10,24,2008,16,26,37,-7.07251,1.00E+25,1.00E+25
833262.035,7856507.251,70° 35' 25.55" N,149° 59' 08.10" W,,7,SM,0.061,13.4323,61.5204,21.944969,10,24,2008,16,26,47,-6.591919,1.00E+25,1.00E+25
833354.951,7856518.333,70° 35' 25.46" N,149° 58' 59.04" W,,7,SM,0.0578,13.4901,61.5782,20.825753,10,24,2008,16,26,57,-7.07251,1.00E+25,1.00E+25
833448.588,7856527.079,70° 35' 25.29" N,149° 58' 49.93" W,,7,SM,0.0581,13.5483,61.6364,20.931374,10,24,2008,16,27,7,-4.188599,1.00E+25,1.00E+25
833540.820,7856545.219,70° 35' 25.43" N,149° 58' 40.83" W,,7,SM,0.0581,13.6064,61.6945,20.920907,10,24,2008,16,27,17,-5.630493,1.00E+25,1.00E+25
833633.655,7856564.769,70° 35' 25.61" N,149° 58' 31.65" W,,7,SM,0.0587,13.665,61.7531,21.114877,10,24,2008,16,27,27,-4.669312,1.00E+25,1.00E+25
833737.425,7856586.527,70° 35' 25.81" N,149° 58' 21.39" W,,7,SM,0.0655,13.7306,61.8187,21.452397,11,24,2008,16,27,38,-5.149902,1.00E+25,1.00E+25
833829.845,7856605.082,70° 35' 25.95" N,149° 58' 12.27" W,,7,SM,0.0583,13.7889,61.877,20.979739,10,24,2008,16,27,48,-3.707886,1.00E+25,1.00E+25
833923.144,7856613.611,70° 35' 25.78" N,149° 58' 03.20" W,,7,SM,0.0579,13.8468,61.9349,20.85105,10,24,2008,16,27,58,-3.227295,1.00E+25,1.00E+25
834027.521,7856629.639,70° 35' 25.79" N,149° 57' 52.96" W,,7,SM,0.0653,13.9121,62.0002,21.366328,11,24,2008,16,28,9,-2.265991,1.00E+25,1.00E+25
834121.278,7856645.961,70° 35' 25.86" N,149° 57' 43.74" W,,7,SM,0.0588,13.9709,62.059,21.180407,10,24,2008,16,28,19,-1.785278,1.00E+25,1.00E+25
834206.534,7856659.695,70° 35' 25.90" N,149° 57' 35.37" W,,7,SM,0.0534,14.0243,62.1124,21.354886,9,24,2008,16,28,28,-1.785278,1.00E+25,1.00E+25
834311.907,7856667.416,70° 35' 25.64" N,149° 57' 25.16" W,,7,SM,0.0653,14.0896,62.1777,21.377617,11,24,2008,16,28,39,-3.227295,1.00E+25,1.00E+25
834407.979,7856673.746,70° 35' 25.38" N,149° 57' 15.86" W,,7,SM,0.0595,14.1491,62.2372,21.42803,10,24,2008,16,28,49,-1.785278,1.00E+25,1.00E+25
834514.500,7856676.756,70° 35' 24.96" N,149° 57' 05.61" W,,7,SM,0.0659,14.215,62.3031,21.561337,11,24,2008,16,29,0,0.618042,1.00E+25,1.00E+25
834609.211,7856691.737,70° 35' 24.99" N,149° 56' 56.31" W,,7,SM,0.0593,14.2743,62.3624,21.340777,10,24,2008,16,29,10,-0.824097,1.00E+25,1.00E+25
834712.056,7856717.543,70° 35' 25.32" N,149° 56' 46.08" W,,7,SM,0.0656,14.3398,62.4279,21.454224,11,24,2008,16,29,21,-2.265991,1.00E+25,1.00E+25
834803.892,7856742.076,70° 35' 25.66" N,149° 56' 36.92" W,,7,SM,0.0588,14.3986,62.4867,21.155503,10,24,2008,16,29,31,-2.265991,1.00E+25,1.00E+25
834904.618,7856771.149,70° 35' 26.10" N,149° 56' 26.85" W,,7,SM,0.0648,14.4634,62.5515,21.212147,11,24,2008,16,29,42,-1.304688,1.00E+25,1.00E+25
834991.595,7856764.279,70° 35' 25.47" N,149° 56' 18.61" W,,7,SM,0.0539,14.5174,62.6055,19.418953,10,24,2008,16,29,52,-1.785278,1.00E+25,1.00E+25
835096.521,7856733.009,70° 35' 23.97" N,149° 56' 09.01" W,,7,SM,0.0677,14.5851,62.6732,22.154719,11,24,2008,16,30,3,-3.707886,1.00E+25,1.00E+25
835196.003,7856774.520,70° 35' 24.81" N,149° 55' 58.87" W,,7,SM,0.0666,14.6517,62.7398,21.810921,11,24,2008,16,30,14,-4.669312,1.00E+25,1.00E+25
835276.330,7856835.550,70° 35' 26.37" N,149° 55' 50.29" W,,7,SM,0.0624,14.7141,62.8022,22.45637,10,24,2008,16,30,24,-3.227295,1.00E+25,1.00E+25
835360.955,7856896.291,70° 35' 27.90" N,149° 55' 41.30" W,,7,SM,0.0644,14.7785,62.8666,23.186934,10,24,2008,16,30,34,-4.669312,1.00E+25,1.00E+25
835450.770,7856955.370,70° 35' 29.36" N,149° 55' 31.84" W,,7,SM,0.0665,14.845,62.9331,23.929367,10,24,2008,16,30,44,-3.707886,1.00E+25,1.00E+25
835543.345,7857011.482,70° 35' 30.70" N,149° 55' 22.16" W,,7,SM,0.0669,14.9119,63,24.095364,10,24,2008,16,30,54,-5.149902,1.00E+25,1.00E+25
835640.292,7857062.234,70° 35' 31.85" N,149° 55' 12.13" W,,7,SM,0.0677,14.9796,63.0676,24.356192,10,24,2008,16,31,4,-5.149902,1.00E+25,1.00E+25
835744.118,7857101.792,70° 35' 32.61" N,149° 55' 01.61" W,,7,SM,0.0687,15.0482,63.1363,24.72891,10,24,2008,16,31,14,-8.033936,1.00E+25,1.00E+25
835858.040,7857140.809,70° 35' 33.31" N,149° 54' 50.12" W,,7,SM,0.0744,15.1227,63.2108,24.364273,11,24,2008,16,31,25,-7.07251,1.00E+25,1.00E+25
835973.997,7857165.079,70° 35' 33.53" N,149° 54' 38.66" W,,7,SM,0.0732,15.1959,63.284,23.969561,11,24,2008,16,31,36,-5.630493,1.00E+25,1.00E+25
836081.073,7857187.638,70° 35' 33.73" N,149° 54' 28.07" W,,7,SM,0.0676,15.2636,63.3517,24.353831,10,24,2008,16,31,46,-6.111206,1.00E+25,1.00E+25
836196.370,7857208.810,70° 35' 33.85" N,149° 54' 16.71" W,,7,SM,0.0725,15.3361,63.4241,23.71758,11,24,2008,16,31,57,-3.227295,1.00E+25,1.00E+25
836309.303,7857206.664,70° 35' 33.24" N,149° 54' 05.91" W,,7,SM,0.0698,15.4059,63.494,25.139562,10,24,2008,16,32,7,-3.707886,1.00E+25,1.00E+25
836420.003,7857197.786,70° 35' 32.42" N,149° 53' 55.43" W,,7,SM,0.0687,15.4745,63.5626,24.716936,10,24,2008,16,32,17,-5.149902,1.00E+25,1.00E+25
836530.755,7857192.309,70° 35' 31.71" N,149° 53' 44.90" W,,7,SM,0.0686,15.5431,63.6312,24.679227,10,24,2008,16,32,27,-4.188599,1.00E+25,1.00E+25
836631.066,7857197.496,70° 35' 31.40" N,149° 53' 35.21" W,,7,SM,0.0621,15.6052,63.6933,24.839573,9,24,2008,16,32,36,-6.111206,1.00E+25,1.00E+25
836749.128,7857217.797,70° 35' 31.47" N,149° 53' 23.60" W,,7,SM,0.0741,15.6793,63.7673,24.237294,11,24,2008,16,32,47,-5.149902,1.00E+25,1.00E+25
836857.325,7857242.070,70° 35' 31.73" N,149° 53' 12.87" W,,7,SM,0.0686,15.7478,63.8359,24.678246,10,24,2008,16,32,57,-4.188599,1.00E+25,1.00E+25
836965.397,7857266.330,70° 35' 31.98" N,149° 53' 02.16" W,,7,SM,0.0685,15.8163,63.9044,24.650679,10,24,2008,16,33,7,-4.188599,1.00E+25,1.00E+25
837072.420,7857285.918,70° 35' 32.09" N,149° 52' 51.62" W,,7,SM,0.0673,15.8835,63.9716,24.21484,10,24,2008,16,33,17,-2.746704,1.00E+25,1.00E+25
837181.709,7857301.713,70° 35' 32.06" N,149° 52' 40.92" W,,7,SM,0.0683,15.9518,64.0399,24.57582,10,24,2008,16,33,27,-2.746704,1.00E+25,1.00E+25
837287.680,7857322.471,70° 35' 32.21" N,149° 52' 30.46" W,,7,SM,0.0668,16.0186,64.1067,24.032807,10,24,2008,16,33,37,-1.785278,1.00E+25,1.00E+25
837393.336,7857349.022,70° 35' 32.55" N,149° 52' 19.95" W,,7,SM,0.0673,16.0859,64.174,24.245747,10,24,2008,16,33,47,-1.785278,1.00E+25,1.00E+25
837498.953,7857379.149,70° 35' 33.00" N,149° 52' 09.39" W,,7,SM,0.0679,16.1538,64.2419,24.442973,10,24,2008,16,33,57,-4.669312,1.00E+25,1.00E+25
837598.882,7857426.117,70° 35' 34.01" N,149° 51' 59.13" W,,7,SM,0.0683,16.2221,64.3102,24.575246,10,24,2008,16,34,7,-5.149902,1.00E+25,1.00E+25
837708.491,7857475.686,70° 35' 35.06" N,149° 51' 47.90" W,,7,SM,0.0744,16.2964,64.3845,24.340417,11,24,2008,16,34,18,-5.149902,1.00E+25,1.00E+25
837810.712,7857516.988,70° 35' 35.88" N,149° 51' 37.50" W,,7,SM,0.0682,16.3646,64.4527,24.537924,10,24,2008,16,34,28,-7.07251,1.00E+25,1.00E+25
837912.856,7857557.152,70° 35' 36.67" N,149° 51' 27.13" W,,7,SM,0.0679,16.4325,64.5206,24.427568,10,24,2008,16,34,38,-7.07251,1.00E+25,1.00E+25
838023.749,7857601.098,70° 35' 37.53" N,149° 51' 15.86" W,,7,SM,0.0737,16.5062,64.5943,24.134758,11,24,2008,16,34,49,-7.553101,1.00E+25,1.00E+25
838140.668,7857641.636,70° 35' 38.26" N,149° 51' 04.06" W,,7,SM,0.0765,16.5827,64.6708,25.037157,11,24,2008,16,35,0,-8.514648,1.00E+25,1.00E+25
838246.335,7857677.080,70° 35' 38.88" N,149° 50' 53.42" W,,7,SM,0.0689,16.6516,64.7397,24.805597,10,24,2008,16,35,10,-8.033936,1.00E+25,1.00E+25
838350.778,7857714.416,70° 35' 39.56" N,149° 50' 42.87" W,,7,SM,0.0686,16.7202,64.8083,24.685114,10,24,2008,16,35,20,-7.553101,1.00E+25,1.00E+25
838453.871,7857756.070,70° 35' 40.39" N,149° 50' 32.38" W,,7,SM,0.0687,16.7889,64.877,24.747079,10,24,2008,16,35,30,-7.07251,1.00E+25,1.00E+25
838555.240,7857801.234,70° 35' 41.34" N,149° 50' 22.00" W,,7,SM,0.0686,16.8575,64.9456,24.699083,10,24,2008,16,35,40,-6.591919,1.00E+25,1.00E+25
838656.818,7857846.245,70° 35' 42.28" N,149° 50' 11.61" W,,7,SM,0.0687,16.9262,65.0143,24.727684,10,24,2008,16,35,50,-7.07251,1.00E+25,1.00E+25
838759.811,7857890.160,70° 35' 43.18" N,149° 50' 01.10" W,,7,SM,0.0692,16.9954,65.0835,24.919256,10,24,2008,16,36,0,-7.07251,1.00E+25,1.00E+25
838863.015,7857934.300,70° 35' 44.09" N,149° 49' 50.56" W,,7,SM,0.0694,17.0648,65.1529,24.982674,10,24,2008,16,36,10,-8.033936,1.00E+25,1.00E+25
838972.738,7857993.182,70° 35' 45.43" N,149° 49' 39.19" W,,7,SM,0.077,17.1418,65.2299,25.195921,11,24,2008,16,36,21,-8.033936,1.00E+25,1.00E+25
839066.086,7858051.460,70° 35' 46.83" N,149° 49' 29.39" W,,7,SM,0.068,17.2099,65.298,24.493694,10,24,2008,16,36,31,-8.514648,1.00E+25,1.00E+25
839155.062,7858109.640,70° 35' 48.26" N,149° 49' 20.01" W,,7,SM,0.0657,17.2756,65.3637,23.662513,10,24,2008,16,36,41,-8.033936,1.00E+25,1.00E+25
839240.567,7858159.765,70° 35' 49.44" N,149° 49' 11.08" W,,7,SM,0.0613,17.3369,65.425,24.51155,9,24,2008,16,36,50,-8.033936,1.00E+25,1.00E+25
839349.173,7858216.429,70° 35' 50.72" N,149° 48' 59.84" W,,7,SM,0.0757,17.4126,65.5007,24.785807,11,24,2008,16,37,1,-7.553101,1.00E+25,1.00E+25
839445.570,7858266.904,70° 35' 51.86" N,149° 48' 49.87" W,,7,SM,0.0673,17.4799,65.568,24.219015,10,24,2008,16,37,11,-7.07251,1.00E+25,1.00E+25
839544.154,7858316.590,70° 35' 52.96" N,149° 48' 39.69" W,,7,SM,0.0683,17.5481,65.6362,24.570523,10,24,2008,16,37,21,-6.591919,1.00E+25,1.00E+25
839654.405,7858360.340,70° 35' 53.82" N,149° 48' 28.48" W,,7,SM,0.0733,17.6215,65.7096,23.999161,11,24,2008,16,37,32,-7.07251,1.00E+25,1.00E+25
839754.246,7858401.755,70° 35' 54.65" N,149° 48' 18.31" W,,7,SM,0.0668,17.6883,65.7764,24.056253,10,24,2008,16,37,42,-8.033936,1.00E+25,1.00E+25
839852.783,7858448.812,70° 35' 55.67" N,149° 48' 08.17" W,,7,SM,0.0675,17.7558,65.8439,24.303463,10,24,2008,16,37,52,-7.553101,1.00E+25,1.00E+25
839954.157,7858489.152,70° 35' 56.46" N,149° 47' 57.86" W,,7,SM,0.0675,17.8233,65.9113,24.28289,10,24,2008,16,38,2,-8.995239,1.00E+25,1.00E+25
840067.376,7858529.802,70° 35' 57.21" N,149° 47' 46.42" W,,7,SM,0.0744,17.8976,65.9857,24.338724,11,24,2008,16,38,13,-8.995239,1.00E+25,1.00E+25
840162.291,7858582.912,70° 35' 58.44" N,149° 47' 36.54" W,,7,SM,0.0672,17.9649,66.053,24.207064,10,24,2008,16,38,23,-9.47583,1.00E+25,1.00E+25
840273.244,7858616.636,70° 35' 58.97" N,149° 47' 25.41" W,,7,SM,0.0717,18.0366,66.1246,23.462759,11,24,2008,16,38,34,-8.033936,1.00E+25,1.00E+25
840377.345,7858632.558,70° 35' 58.97" N,149° 47' 15.20" W,,7,SM,0.0651,18.1017,66.1897,23.437002,10,24,2008,16,38,44,-9.47583,1.00E+25,1.00E+25
840489.220,7858657.396,70° 35' 59.22" N,149° 47' 04.11" W,,7,SM,0.0708,18.1725,66.2606,23.185562,11,24,2008,16,38,55,-9.956543,1.00E+25,1.00E+25
840592.352,7858686.174,70° 35' 59.63" N,149° 46' 53.80" W,,7,SM,0.0662,18.2387,66.3268,23.829485,10,24,2008,16,39,5,-9.956543,1.00E+25,1.00E+25
840696.759,7858714.400,70° 36' 00.02" N,149° 46' 43.38" W,,7,SM,0.0669,18.3056,66.3936,24.069988,10,24,2008,16,39,15,-11.87915,1.00E+25,1.00E+25
840802.883,7858731.405,70° 36' 00.05" N,149° 46' 32.96" W,,7,SM,0.0664,18.372,66.4601,23.919186,10,24,2008,16,39,25,-9.47583,1.00E+25,1.00E+25
840907.081,7858765.070,70° 36' 00.61" N,149° 46' 22.47" W,,7,SM,0.0677,18.4397,66.5278,24.369797,10,24,2008,16,39,35,-10.437256,1.00E+25,1.00E+25
840995.860,7858803.344,70° 36' 01.40" N,149° 46' 13.40" W,,7,SM,0.0598,18.4995,66.5875,23.907438,9,24,2008,16,39,44,-10.917847,1.00E+25,1.00E+25
841103.005,7858855.738,70° 36' 02.54" N,149° 46' 02.36" W,,7,SM,0.0737,18.5732,66.6613,24.131561,11,24,2008,16,39,55,-9.47583,1.00E+25,1.00E+25
841215.305,7858893.673,70° 36' 03.20" N,149° 45' 51.04" W,,7,SM,0.0733,18.6465,66.7346,23.982034,11,24,2008,16,40,6,-7.07251,1.00E+25,1.00E+25
841319.572,7858916.636,70° 36' 03.42" N,149° 45' 40.71" W,,7,SM,0.066,18.7125,66.8006,23.760551,10,24,2008,16,40,16,-7.553101,1.00E+25,1.00E+25
841426.916,7858934.614,70° 36' 03.47" N,149° 45' 30.15" W,,7,SM,0.0673,18.7798,66.8678,24.222685,10,24,2008,16,40,26,-8.514648,1.00E+25,1.00E+25
841544.416,7858959.053,70° 36' 03.68" N,149° 45' 18.53" W,,7,SM,0.0742,18.8539,66.942,24.280494,11,24,2008,16,40,37,-9.956543,1.00E+25,1.00E+25
841649.556,7858981.600,70° 36' 03.88" N,149° 45' 08.12" W,,7,SM,0.0665,18.9204,67.0085,23.931384,10,24,2008,16,40,47,-8.995239,1.00E+25,1.00E+25
841755.751,7859005.445,70° 36' 04.12" N,149° 44' 57.59" W,,7,SM,0.0673,18.9877,67.0758,24.221981,10,24,2008,16,40,57,-9.956543,1.00E+25,1.00E+25
841860.793,7859029.870,70° 36' 04.38" N,149° 44' 47.16" W,,7,SM,0.0667,19.0544,67.1425,24.000408,10,24,2008,16,41,7,-9.956543,1.00E+25,1.00E+25
841965.722,7859055.415,70° 36' 04.68" N,149° 44' 36.73" W,,7,SM,0.0668,19.1211,67.2092,24.034218,10,24,2008,16,41,17,-9.47583,1.00E+25,1.00E+25
842071.396,7859079.383,70° 36' 04.93" N,149° 44' 26.25" W,,7,SM,0.067,19.1881,67.2762,24.114706,10,24,2008,16,41,27,-10.437256,1.00E+25,1.00E+25
842177.748,7859098.941,70° 36' 05.03" N,149° 44' 15.76" W,,7,SM,0.0668,19.255,67.3431,24.064995,10,24,2008,16,41,37,-10.437256,1.00E+25,1.00E+25
842285.730,7859119.698,70° 36' 05.16" N,149° 44' 05.11" W,,7,SM,0.068,19.3229,67.411,24.470941,10,24,2008,16,41,47,-10.437256,1.00E+25,1.00E+25
842393.471,7859138.350,70° 36' 05.23" N,149° 43' 54.51" W,,7,SM,0.0676,19.3905,67.4786,24.334257,10,24,2008,16,41,57,-13.321045,1.00E+25,1.00E+25
842497.578,7859159.462,70° 36' 05.39" N,149° 43' 44.22" W,,7,SM,0.0657,19.4562,67.5443,23.640467,10,24,2008,16,42,7,-13.321045,1.00E+25,1.00E+25
842602.836,7859184.900,70° 36' 05.69" N,149° 43' 33.75" W,,7,SM,0.0669,19.5232,67.6112,24.098947,10,24,2008,16,42,17,-11.87915,1.00E+25,1.00E+25
842704.395,7859212.786,70° 36' 06.08" N,149° 43' 23.60" W,,7,SM,0.0651,19.5883,67.6763,23.438724,10,24,2008,16,42,27,-8.514648,1.00E+25,1.00E+25
842809.169,7859241.739,70° 36' 06.48" N,149° 43' 13.13" W,,7,SM,0.0672,19.6555,67.7435,24.191515,10,24,2008,16,42,37,-8.514648,1.00E+25,1.00E+25
842910.632,7859266.606,70° 36' 06.78" N,149° 43' 03.04" W,,7,SM,0.0646,19.72,67.8081,23.24807,10,24,2008,16,42,47,-8.033936,1.00E+25,1.00E+25
843015.161,7859287.809,70° 36' 06.94" N,149° 42' 52.71" W,,7,SM,0.0659,19.786,67.8741,23.736238,10,24,2008,16,42,57,-9.47583,1.00E+25,1.00E+25
843124.547,7859307.129,70° 36' 07.02" N,149° 42' 41.94" W,,7,SM,0.0687,19.8546,67.9427,24.720787,10,24,2008,16,43,7,-13.801758,1.00E+25,1.00E+25
843227.346,7859342.390,70° 36' 07.64" N,149° 42' 31.57" W,,7,SM,0.0672,19.9218,68.0099,24.18597,10,24,2008,16,43,17,-14.282471,1.00E+25,1.00E+25
843328.683,7859383.457,70° 36' 08.45" N,149° 42' 21.25" W,,7,SM,0.0676,19.9894,68.0775,24.334221,10,24,2008,16,43,27,-15.243652,1.00E+25,1.00E+25
843426.090,7859430.890,70° 36' 09.48" N,149° 42' 11.21" W,,7,SM,0.067,20.0564,68.1445,24.112882,10,24,2008,16,43,37,-13.801758,1.00E+25,1.00E+25
843520.238,7859457.673,70° 36' 09.87" N,149° 42' 01.79" W,,7,SM,0.0605,20.1169,68.205,21.783449,10,24,2008,16,43,47,-12.840454,1.00E+25,1.00E+25
843557.508,7859405.229,70° 36' 08.01" N,149° 41' 58.99" W,,7,SM,0.0398,20.1567,68.2448,14.326886,10,24,2008,16,43,57,-12.359863,1.00E+25,1.00E+25
843489.198,7859361.528,70° 36' 06.96" N,149° 42' 06.19" W,,7,SM,0.0501,20.2068,68.2949,18.049097,10,24,2008,16,44,7,-12.359863,1.00E+25,1.00E+25
843389.417,7859338.776,70° 36' 06.72" N,149° 42' 16.09" W,,7,SM,0.0633,20.2701,68.3582,22.775943,10,24,2008,16,44,17,-9.956543,1.00E+25,1.00E+25
843286.751,7859320.103,70° 36' 06.63" N,149° 42' 26.20" W,,7,SM,0.0645,20.3346,68.4227,23.222541,10,24,2008,16,44,27,-10.437256,1.00E+25,1.00E+25
843183.489,7859281.755,70° 36' 05.92" N,149° 42' 36.67" W,,7,SM,0.0681,20.4027,68.4908,24.514451,10,24,2008,16,44,37,-10.437256,1.00E+25,1.00E+25
843088.447,7859228.672,70° 36' 04.70" N,149° 42' 46.56" W,,7,SM,0.0673,20.47,68.5581,24.229058,10,24,2008,16,44,47,-8.995239,1.00E+25,1.00E+25
843009.422,7859165.067,70° 36' 03.06" N,149° 42' 55.07" W,,7,SM,0.0627,20.5327,68.6208,22.579775,10,24,2008,16,44,57,-6.111206,1.00E+25,1.00E+25
842928.804,7859104.045,70° 36' 01.51" N,149° 43' 03.70" W,,7,SM,0.0625,20.5952,68.6833,22.504812,10,24,2008,16,45,7,-7.07251,1.00E+25,1.00E+25
842846.194,7859037.258,70° 35' 59.79" N,149° 43' 12.61" W,,7,SM,0.0657,20.6609,68.749,23.645988,10,24,2008,16,45,17,-5.630493,1.00E+25,1.00E+25
842752.469,7858975.919,70° 35' 58.29" N,149° 43' 22.49" W,,7,SM,0.0693,20.7302,68.8183,24.930799,10,24,2008,16,45,27,-4.188599,1.00E+25,1.00E+25
842656.315,7858931.161,70° 35' 57.34" N,149° 43' 32.37" W,,7,SM,0.0656,20.7958,68.8838,23.605207,10,24,2008,16,45,37,-5.630493,1.00E+25,1.00E+25
842556.893,7858891.742,70° 35' 56.57" N,149° 43' 42.48" W,,7,SM,0.0661,20.8619,68.95,23.80257,10,24,2008,16,45,47,-5.149902,1.00E+25,1.00E+25
842483.442,7858824.311,70° 35' 54.78" N,149° 43' 50.52" W,,7,SM,0.0617,20.9235,69.0116,22.195131,10,24,2008,16,45,57,-4.669312,1.00E+25,1.00E+25
842440.953,7858730.195,70° 35' 51.99" N,149° 43' 55.98" W,,7,SM,0.0639,20.9874,69.0755,22.992462,10,24,2008,16,46,7,-3.707886,1.00E+25,1.00E+25
842410.767,7858633.831,70° 35' 49.07" N,149° 44' 00.29" W,,7,SM,0.0625,21.0499,69.1379,22.486619,10,24,2008,16,46,17,-1.304688,1.00E+25,1.00E+25
842382.571,7858535.891,70° 35' 46.09" N,149° 44' 04.44" W,,7,SM,0.063,21.1129,69.201,22.69534,10,24,2008,16,46,27,-2.265991,1.00E+25,1.00E+25
842349.165,7858438.845,70° 35' 43.16" N,149° 44' 09.07" W,,7,SM,0.0635,21.1764,69.2645,22.854538,10,24,2008,16,46,37,-2.746704,1.00E+25,1.00E+25
842326.561,7858337.059,70° 35' 40.03" N,149° 44' 12.73" W,,7,SM,0.0645,21.2409,69.329,23.218838,10,24,2008,16,46,47,-3.707886,1.00E+25,1.00E+25
842309.759,7858237.861,70° 35' 36.95" N,149° 44' 15.81" W,,7,SM,0.0622,21.3031,69.3912,22.405767,10,24,2008,16,46,57,-2.265991,1.00E+25,1.00E+25
842295.895,7858134.595,70° 35' 33.73" N,149° 44' 18.66" W,,7,SM,0.0645,21.3676,69.4557,23.203496,10,24,2008,16,47,7,-0.824097,1.00E+25,1.00E+25
842288.428,7858030.054,70° 35' 30.44" N,149° 44' 20.91" W,,7,SM,0.0648,21.4324,69.5205,23.341288,10,24,2008,16,47,17,-0.824097,1.00E+25,1.00E+25
842290.689,7857924.937,70° 35' 27.08" N,149° 44' 22.24" W,,7,SM,0.065,21.4975,69.5855,23.415942,10,24,2008,16,47,27,-1.304688,1.00E+25,1.00E+25
842296.606,7857821.701,70° 35' 23.76" N,149° 44' 23.20" W,,7,SM,0.064,21.5614,69.6495,23.029588,10,24,2008,16,47,37,-1.785278,1.00E+25,1.00E+25
842305.976,7857718.808,70° 35' 20.43" N,149° 44' 23.82" W,,7,SM,0.0639,21.6253,69.7134,23.01043,10,24,2008,16,47,47,-1.785278,1.00E+25,1.00E+25
842316.481,7857616.277,70° 35' 17.12" N,149° 44' 24.32" W,,7,SM,0.0638,21.6891,69.7772,22.954371,10,24,2008,16,47,57,-2.746704,1.00E+25,1.00E+25
842323.280,7857510.540,70° 35' 13.71" N,149° 44' 25.23" W,,7,SM,0.0655,21.7547,69.8427,23.597459,10,24,2008,16,48,7,-3.707886,1.00E+25,1.00E+25
842319.110,7857406.883,70° 35' 10.43" N,149° 44' 27.15" W,,7,SM,0.0642,21.8188,69.9069,23.103784,10,24,2008,16,48,17,-4.188599,1.00E+25,1.00E+25
842289.830,7857308.030,70° 35' 07.43" N,149° 44' 31.41" W,,7,SM,0.0638,21.8826,69.9707,22.95844,10,24,2008,16,48,27,-3.227295,1.00E+25,1.00E+25
842203.099,7857259.292,70° 35' 06.30" N,149° 44' 40.44" W,,7,SM,0.0615,21.9441,70.0322,22.142316,10,24,2008,16,48,37,-5.149902,1.00E+25,1.00E+25
842096.966,7857247.126,70° 35' 06.43" N,149° 44' 50.78" W,,7,SM,0.066,22.0101,70.0982,23.77464,10,24,2008,16,48,47,-7.07251,1.00E+25,1.00E+25
841990.298,7857241.285,70° 35' 06.77" N,149° 45' 01.08" W,,7,SM,0.066,22.0762,70.1643,23.774222,10,24,2008,16,48,57,-4.669312,1.00E+25,1.00E+25
841907.237,7857188.606,70° 35' 05.49" N,149° 45' 09.81" W,,7,SM,0.0608,22.137,70.2251,21.891919,10,24,2008,16,49,7,-4.669312,1.00E+25,1.00E+25
841874.524,7857100.156,70° 35' 02.84" N,149° 45' 14.25" W,,7,SM,0.0583,22.1953,70.2834,20.99966,10,24,2008,16,49,17,-4.669312,1.00E+25,1.00E+25
841879.666,7856996.050,70° 34' 59.49" N,149° 45' 15.28" W,,7,SM,0.0645,22.2598,70.3479,23.213756,10,24,2008,16,49,27,-5.149902,1.00E+25,1.00E+25
841881.788,7856894.495,70° 34' 56.25" N,149° 45' 16.57" W,,7,SM,0.0628,22.3227,70.4107,22.622596,10,24,2008,16,49,37,-5.149902,1.00E+25,1.00E+25
841878.908,7856786.332,70° 34' 52.82" N,149° 45' 18.44" W,,7,SM,0.0669,22.3896,70.4777,24.097129,10,24,2008,16,49,47,-4.188599,1.00E+25,1.00E+25
841872.191,7856674.569,70° 34' 49.29" N,149° 45' 20.73" W,,7,SM,0.0693,22.4589,70.5469,24.935377,10,24,2008,16,49,57,-0.824097,1.00E+25,1.00E+25
841862.578,7856566.128,70° 34' 45.88" N,149° 45' 23.24" W,,7,SM,0.0673,22.5262,70.6143,24.244945,10,24,2008,16,50,7,0.618042,1.00E+25,1.00E+25
841847.152,7856464.139,70° 34' 42.71" N,149° 45' 26.22" W,,7,SM,0.0638,22.59,70.6781,22.971301,10,24,2008,16,50,17,0.137451,1.00E+25,1.00E+25
841820.948,7856370.666,70° 34' 39.86" N,149° 45' 30.10" W,,7,SM,0.06,22.6501,70.7382,24.019181,9,24,2008,16,50,26,1.579346,1.00E+25,1.00E+25
841779.929,7856258.160,70° 34' 36.47" N,149° 45' 35.68" W,,7,SM,0.0741,22.7241,70.8122,24.241346,11,24,2008,16,50,37,-0.824097,1.00E+25,1.00E+25
841740.825,7856157.249,70° 34' 33.45" N,149° 45' 40.90" W,,7,SM,0.0669,22.7911,70.8792,24.098525,10,24,2008,16,50,47,-3.707886,1.00E+25,1.00E+25
841702.030,7856057.141,70° 34' 30.45" N,149° 45' 46.09" W,,7,SM,0.0664,22.8575,70.9456,23.906913,10,24,2008,16,50,57,-7.553101,1.00E+25,1.00E+25
841663.177,7855960.225,70° 34' 27.55" N,149° 45' 51.23" W,,7,SM,0.0646,22.9221,71.0102,23.249568,10,24,2008,16,51,7,-7.07251,1.00E+25,1.00E+25
841627.212,7855862.059,70° 34' 24.60" N,149° 45' 56.12" W,,7,SM,0.0647,22.9867,71.0748,23.28035,10,24,2008,16,51,17,-7.553101,1.00E+25,1.00E+25
841591.365,7855761.842,70° 34' 21.58" N,149° 46' 01.02" W,,7,SM,0.0658,23.0526,71.1407,23.700747,10,24,2008,16,51,27,-7.07251,1.00E+25,1.00E+25
841551.590,7855660.646,70° 34' 18.55" N,149° 46' 06.31" W,,7,SM,0.0673,23.1198,71.2079,24.211535,10,24,2008,16,51,37,-5.149902,1.00E+25,1.00E+25
841511.633,7855559.801,70° 34' 15.53" N,149° 46' 11.61" W,,7,SM,0.0671,23.1869,71.275,24.15404,10,24,2008,16,51,47,-5.149902,1.00E+25,1.00E+25
841471.341,7855459.470,70° 34' 12.53" N,149° 46' 16.94" W,,7,SM,0.0669,23.2538,71.3419,24.07502,10,24,2008,16,51,57,-5.149902,1.00E+25,1.00E+25
841429.899,7855360.471,70° 34' 09.58" N,149° 46' 22.36" W,,7,SM,0.0664,23.3202,71.4083,23.897476,10,24,2008,16,52,7,-5.630493,1.00E+25,1.00E+25
841383.339,7855263.327,70° 34' 06.71" N,149° 46' 28.24" W,,7,SM,0.0666,23.3868,71.4749,23.986253,10,24,2008,16,52,17,-8.514648,1.00E+25,1.00E+25
841333.443,7855168.309,70° 34' 03.93" N,149° 46' 34.41" W,,7,SM,0.0664,23.4532,71.5413,23.896092,10,24,2008,16,52,27,-8.995239,1.00E+25,1.00E+25
841293.251,7855070.071,70° 34' 00.99" N,149° 46' 39.69" W,,7,SM,0.0657,23.5188,71.6069,23.634763,10,24,2008,16,52,37,-7.553101,1.00E+25,1.00E+25
841284.139,7854964.542,70° 33' 57.68" N,149° 46' 42.11" W,,7,SM,0.0655,23.5844,71.6724,23.589431,10,24,2008,16,52,47,-7.07251,1.00E+25,1.00E+25
841277.778,7854856.609,70° 33' 54.27" N,149° 46' 44.30" W,,7,SM,0.0669,23.6512,71.7393,24.079239,10,24,2008,16,52,57,-5.149902,1.00E+25,1.00E+25
841265.432,7854749.644,70° 33' 50.92" N,149° 46' 47.05" W,,7,SM,0.0666,23.7179,71.8059,23.97967,10,24,2008,16,53,7,-5.149902,1.00E+25,1.00E+25
841245.254,7854644.681,70° 33' 47.67" N,149° 46' 50.52" W,,7,SM,0.0661,23.784,71.8721,23.802886,10,24,2008,16,53,17,-3.227295,1.00E+25,1.00E+25
841226.538,7854539.566,70° 33' 44.42" N,149° 46' 53.85" W,,7,SM,0.066,23.85,71.9381,23.777081,10,24,2008,16,53,27,-3.227295,1.00E+25,1.00E+25
841259.480,7854437.838,70° 33' 41.01" N,149° 46' 52.19" W,,7,SM,0.0662,23.9162,72.0043,23.814184,10,24,2008,16,53,37,0.137451,1.00E+25,1.00E+25
841320.443,7854343.977,70° 33' 37.73" N,149° 46' 47.73" W,,7,SM,0.0692,23.9854,72.0735,24.923588,10,24,2008,16,53,47,3.982666,1.00E+25,1.00E+25
841398.567,7854259.335,70° 33' 34.65" N,149° 46' 41.49" W,,7,SM,0.0712,24.0566,72.1447,25.647362,10,24,2008,16,53,57,4.463257,1.00E+25,1.00E+25
841485.019,7854184.632,70° 33' 31.85" N,149° 46' 34.32" W,,7,SM,0.0707,24.1273,72.2154,25.438814,10,24,2008,16,54,7,5.905273,1.00E+25,1.00E+25
841578.056,7854119.414,70° 33' 29.31" N,149° 46' 26.37" W,,7,SM,0.0703,24.1976,72.2857,25.294558,10,24,2008,16,54,17,4.943848,1.00E+25,1.00E+25
841670.061,7854052.346,70° 33' 26.73" N,149° 46' 18.56" W,,7,SM,0.0704,24.268,72.3561,25.348126,10,24,2008,16,54,27,3.02124,1.00E+25,1.00E+25
841756.730,7853976.366,70° 33' 23.88" N,149° 46' 11.38" W,,7,SM,0.0713,24.3393,72.4274,25.66151,10,24,2008,16,54,37,3.02124,1.00E+25,1.00E+25
841826.182,7853886.261,70° 33' 20.67" N,149° 46' 06.06" W,,7,SM,0.0704,24.4096,72.4977,25.332554,10,24,2008,16,54,47,-0.343384,1.00E+25,1.00E+25
841869.278,7853784.776,70° 33' 17.23" N,149° 46' 03.42" W,,7,SM,0.0682,24.4778,72.5659,24.554894,10,24,2008,16,54,57,2.060059,1.00E+25,1.00E+25
841897.581,7853677.067,70° 33' 13.66" N,149° 46' 02.30" W,,7,SM,0.0689,24.5467,72.6348,24.802417,10,24,2008,16,55,7,3.501953,1.00E+25,1.00E+25
841898.414,7853569.291,70° 33' 10.22" N,149° 46' 03.80" W,,7,SM,0.0667,24.6134,72.7015,24.003592,10,24,2008,16,55,17,2.540649,1.00E+25,1.00E+25
841854.792,7853472.780,70° 33' 07.36" N,149° 46' 09.38" W,,7,SM,0.0655,24.6789,72.767,23.583003,10,24,2008,16,55,27,5.424561,1.00E+25,1.00E+25
841770.238,7853395.611,70° 33' 05.31" N,149° 46' 18.60" W,,7,SM,0.0708,24.7497,72.8378,25.482149,10,24,2008,16,55,37,5.905273,1.00E+25,1.00E+25
841690.502,7853315.605,70° 33' 03.15" N,149° 46' 27.39" W,,7,SM,0.0698,24.8195,72.9076,25.143929,10,24,2008,16,55,47,5.424561,1.00E+25,1.00E+25
841636.652,7853219.795,70° 33' 00.36" N,149° 46' 33.95" W,,7,SM,0.068,24.8875,72.9756,24.47089,10,24,2008,16,55,57,1.579346,1.00E+25,1.00E+25
841598.097,7853114.652,70° 32' 57.20" N,149° 46' 39.17" W,,7,SM,0.0693,24.9568,73.0449,24.937394,10,24,2008,16,56,7,-6.591919,1.00E+25,1.00E+25
841551.498,7853012.800,70° 32' 54.18" N,149° 46' 45.12" W,,7,SM,0.0693,25.0261,73.1142,24.939625,10,24,2008,16,56,17,-6.111206,1.00E+25,1.00E+25
841477.074,7852928.723,70° 32' 51.87" N,149° 46' 53.46" W,,7,SM,0.0694,25.0955,73.1836,24.996761,10,24,2008,16,56,27,-4.188599,1.00E+25,1.00E+25
841381.047,7852863.564,70° 32' 50.26" N,149° 47' 03.60" W,,7,SM,0.0717,25.1673,73.2553,25.829686,10,24,2008,16,56,37,-5.149902,1.00E+25,1.00E+25
841278.981,7852805.019,70° 32' 48.89" N,149° 47' 14.21" W,,7,SM,0.0727,25.24,73.3281,26.188323,10,24,2008,16,56,47,-4.669312,1.00E+25,1.00E+25
841171.927,7852762.664,70° 32' 48.06" N,149° 47' 25.07" W,,7,SM,0.0712,25.3112,73.3993,25.622578,10,24,2008,16,56,57,0.137451,1.00E+25,1.00E+25
841059.715,7852746.265,70° 32' 48.09" N,149° 47' 36.03" W,,7,SM,0.0701,25.3813,73.4694,25.238743,10,24,2008,16,57,7,1.098633,1.00E+25,1.00E+25
840948.055,7852721.294,70° 32' 47.84" N,149° 47' 47.08" W,,7,SM,0.0707,25.452,73.5401,25.463513,10,24,2008,16,57,17,3.501953,1.00E+25,1.00E+25
840854.965,7852657.740,70° 32' 46.26" N,149° 47' 56.90" W,,7,SM,0.0697,25.5217,73.6098,25.088304,10,24,2008,16,57,27,3.02124,1.00E+25,1.00E+25
840830.183,7852556.606,70° 32' 43.16" N,149° 48' 00.75" W,,7,SM,0.0644,25.5861,73.6742,23.188182,10,24,2008,16,57,37,4.463257,1.00E+25,1.00E+25
840850.236,7852447.068,70° 32' 39.57" N,149° 48' 00.43" W,,7,SM,0.0689,25.655,73.7431,24.801496,10,24,2008,16,57,47,3.982666,1.00E+25,1.00E+25
840864.695,7852333.474,70° 32' 35.88" N,149° 48' 00.71" W,,7,SM,0.0708,25.7259,73.8139,25.50336,10,24,2008,16,57,57,2.540649,1.00E+25,1.00E+25
840837.776,7852226.554,70° 32' 32.61" N,149° 48' 04.84" W,,7,SM,0.0682,25.7941,73.8821,24.553356,10,24,2008,16,58,7,2.060059,1.00E+25,1.00E+25
840748.425,7852163.014,70° 32' 31.02" N,149° 48' 14.31" W,,7,SM,0.0678,25.8618,73.9499,24.404015,10,24,2008,16,58,17,4.463257,1.00E+25,1.00E+25
840648.258,7852112.328,70° 32' 29.89" N,149° 48' 24.62" W,,7,SM,0.0694,25.9312,74.0193,24.985676,10,24,2008,16,58,27,6.866455,1.00E+25,1.00E+25
840544.315,7852067.848,70° 32' 28.98" N,149° 48' 35.21" W,,7,SM,0.0699,26.0011,74.0892,25.16259,10,24,2008,16,58,37,5.424561,1.00E+25,1.00E+25
840449.798,7852008.055,70° 32' 27.53" N,149° 48' 45.11" W,,7,SM,0.0691,26.0703,74.1584,24.893534,10,24,2008,16,58,47,5.424561,1.00E+25,1.00E+25
840369.873,7851927.895,70° 32' 25.37" N,149° 48' 53.92" W,,7,SM,0.07,26.1403,74.2284,25.199216,10,24,2008,16,58,57,3.982666,1.00E+25,1.00E+25
840310.686,7851831.884,70° 32' 22.59" N,149° 49' 00.98" W,,7,SM,0.0698,26.21,74.2981,25.112146,10,24,2008,16,59,7,6.385864,1.00E+25,1.00E+25
840256.328,7851731.338,70° 32' 19.65" N,149° 49' 07.64" W,,7,SM,0.0707,26.2807,74.3688,25.449373,10,24,2008,16,59,17,5.424561,1.00E+25,1.00E+25
840196.371,7851633.708,70° 32' 16.83" N,149° 49' 14.79" W,,7,SM,0.0709,26.3516,74.4397,25.508887,10,24,2008,16,59,27,4.463257,1.00E+25,1.00E+25
840129.795,7851540.344,70° 32' 14.18" N,149° 49' 22.51" W,,7,SM,0.0709,26.4225,74.5106,25.52977,10,24,2008,16,59,37,2.540649,1.00E+25,1.00E+25
840057.779,7851452.556,70° 32' 11.73" N,149° 49' 30.67" W,,7,SM,0.0702,26.4927,74.5808,25.278302,10,24,2008,16,59,47,-0.343384,1.00E+25,1.00E+25
839986.538,7851363.384,70° 32' 09.24" N,149° 49' 38.78" W,,7,SM,0.0706,26.5633,74.6514,25.410427,10,24,2008,16,59,57,1.098633,1.00E+25,1.00E+25
839918.088,7851273.133,70° 32' 06.69" N,149° 49' 46.63" W,,7,SM,0.07,26.6334,74.7215,25.217922,10,24,2008,17,0,7,0.618042,1.00E+25,1.00E+25
839850.622,7851183.411,70° 32' 04.16" N,149° 49' 54.38" W,,7,SM,0.0694,26.7028,74.7909,24.9924,10,24,2008,17,0,17,1.098633,1.00E+25,1.00E+25
839781.044,7851094.313,70° 32' 01.66" N,149° 50' 02.33" W,,7,SM,0.0699,26.7727,74.8608,25.167625,10,24,2008,17,0,27,1.098633,1.00E+25,1.00E+25
839713.000,7851003.756,70° 31' 59.10" N,149° 50' 10.15" W,,7,SM,0.07,26.8427,74.9308,25.21789,10,24,2008,17,0,37,-2.265991,1.00E+25,1.00E+25
839645.618,7850912.550,70° 31' 56.52" N,149° 50' 17.91" W,,7,SM,0.0701,26.9129,75.001,25.246541,10,24,2008,17,0,47,-1.785278,1.00E+25,1.00E+25
839578.548,7850822.525,70° 31' 53.98" N,149° 50' 25.63" W,,7,SM,0.0694,26.9823,75.0704,24.993281,10,24,2008,17,0,57,0.618042,1.00E+25,1.00E+25
839511.682,7850731.968,70° 31' 51.42" N,149° 50' 33.33" W,,7,SM,0.0696,27.0519,75.14,25.061774,10,24,2008,17,1,7,-1.785278,1.00E+25,1.00E+25
839446.758,7850642.651,70° 31' 48.89" N,149° 50' 40.83" W,,7,SM,0.0683,27.1202,75.2083,24.583939,10,24,2008,17,1,17,-1.785278,1.00E+25,1.00E+25
839381.113,7850552.661,70° 31' 46.34" N,149° 50' 48.41" W,,7,SM,0.0689,27.1891,75.2772,24.799102,10,24,2008,17,1,27,-2.265991,1.00E+25,1.00E+25
839317.214,7850461.058,70° 31' 43.73" N,149° 50' 55.84" W,,7,SM,0.0691,27.2582,75.3463,24.86626,10,24,2008,17,1,37,-4.669312,1.00E+25,1.00E+25
839253.249,7850371.519,70° 31' 41.18" N,149° 51' 03.25" W,,7,SM,0.0681,27.3262,75.4143,24.499445,10,24,2008,17,1,47,-4.188599,1.00E+25,1.00E+25
839187.919,7850283.468,70° 31' 38.69" N,149° 51' 10.77" W,,7,SM,0.0678,27.394,75.4821,24.409391,10,24,2008,17,1,57,-3.227295,1.00E+25,1.00E+25
839121.859,7850196.064,70° 31' 36.23" N,149° 51' 18.35" W,,7,SM,0.0678,27.4618,75.5499,24.39192,10,24,2008,17,2,7,-0.343384,1.00E+25,1.00E+25
839056.567,7850106.895,70° 31' 33.70" N,149° 51' 25.88" W,,7,SM,0.0683,27.5301,75.6182,24.605646,10,24,2008,17,2,17,-0.343384,1.00E+25,1.00E+25
838993.403,7850017.300,70° 31' 31.15" N,149° 51' 33.21" W,,7,SM,0.0678,27.5979,75.686,24.406164,10,24,2008,17,2,27,0.618042,1.00E+25,1.00E+25
838924.994,7849931.618,70° 31' 28.75" N,149° 51' 40.99" W,,7,SM,0.0678,27.6657,75.7538,24.409599,10,24,2008,17,2,37,3.501953,1.00E+25,1.00E+25
838854.446,7849848.815,70° 31' 26.45" N,149° 51' 48.93" W,,7,SM,0.0673,27.733,75.8211,24.217387,10,24,2008,17,2,47,8.308594,1.00E+25,1.00E+25
838781.789,7849766.638,70° 31' 24.18" N,149° 51' 57.06" W,,7,SM,0.0678,27.8008,75.8889,24.419989,10,24,2008,17,2,57,10.711792,1.00E+25,1.00E+25
838712.635,7849681.605,70° 31' 21.81" N,149° 52' 04.89" W,,7,SM,0.0678,27.8686,75.9567,24.400597,10,24,2008,17,3,7,11.192505,1.00E+25,1.00E+25
838650.796,7849590.154,70° 31' 19.19" N,149° 52' 12.12" W,,7,SM,0.0683,27.9369,76.025,24.579409,10,24,2008,17,3,17,8.789185,1.00E+25,1.00E+25
838595.179,7849495.317,70° 31' 16.44" N,149° 52' 18.81" W,,7,SM,0.068,28.0049,76.093,24.47896,10,24,2008,17,3,27,5.424561,1.00E+25,1.00E+25
838537.543,7849400.931,70° 31' 13.71" N,149° 52' 25.68" W,,7,SM,0.0684,28.0733,76.1614,24.623911,10,24,2008,17,3,37,3.501953,1.00E+25,1.00E+25
838488.921,7849303.394,70° 31' 10.83" N,149° 52' 31.73" W,,7,SM,0.0674,28.1407,76.2288,24.267118,10,24,2008,17,3,47,3.501953,1.00E+25,1.00E+25
838434.427,7849208.922,70° 31' 08.09" N,149° 52' 38.30" W,,7,SM,0.0675,28.2081,76.2962,24.28324,10,24,2008,17,3,57,2.540649,1.00E+25,1.00E+25
838369.472,7849120.023,70° 31' 05.57" N,149° 52' 45.79" W,,7,SM,0.0681,28.2762,76.3643,24.512762,10,24,2008,17,4,7,3.02124,1.00E+25,1.00E+25
838313.503,7849026.087,70° 31' 02.84" N,149° 52' 52.49" W,,7,SM,0.0676,28.3439,76.432,24.346293,10,24,2008,17,4,17,4.463257,1.00E+25,1.00E+25
838280.415,7848919.611,70° 30' 59.61" N,149° 52' 57.19" W,,7,SM,0.069,28.4128,76.5009,24.829391,10,24,2008,17,4,27,1.579346,1.00E+25,1.00E+25
838277.095,7848808.230,70° 30' 56.07" N,149° 52' 59.12" W,,7,SM,0.0689,28.4818,76.5699,24.817731,10,24,2008,17,4,37,-0.343384,1.00E+25,1.00E+25
838272.233,7848698.308,70° 30' 52.59" N,149° 53' 01.17" W,,7,SM,0.0681,28.5498,76.6379,24.505154,10,24,2008,17,4,47,-0.824097,1.00E+25,1.00E+25
838251.911,7848585.483,70° 30' 49.10" N,149° 53' 04.74" W,,7,SM,0.0709,28.6208,76.7089,25.531051,10,24,2008,17,4,57,-3.707886,1.00E+25,1.00E+25
838245.322,7848473.231,70° 30' 45.55" N,149° 53' 06.99" W,,7,SM,0.0696,28.6903,76.7784,25.043349,10,24,2008,17,5,7,-5.630493,1.00E+25,1.00E+25
838214.917,7848367.166,70° 30' 42.32" N,149° 53' 11.42" W,,7,SM,0.0683,28.7586,76.8467,24.57123,10,24,2008,17,5,17,-6.111206,1.00E+25,1.00E+25
838250.296,7848271.615,70° 30' 39.10" N,149° 53' 09.42" W,,7,SM,0.063,28.8216,76.9097,22.6927,10,24,2008,17,5,27,-6.111206,1.00E+25,1.00E+25
838355.038,7848233.618,70° 30' 37.38" N,149° 52' 59.97" W,,7,SM,0.0689,28.8905,76.9786,24.801483,10,24,2008,17,5,37,-10.917847,1.00E+25,1.00E+25
838468.030,7848201.769,70° 30' 35.82" N,149° 52' 49.65" W,,7,SM,0.0726,28.9631,77.0512,26.130393,10,24,2008,17,5,47,-13.801758,1.00E+25,1.00E+25
838559.953,7848170.876,70° 30' 34.40" N,149° 52' 41.32" W,,7,SM,0.06,29.0231,77.1111,21.58528,10,24,2008,17,5,57,-10.437256,1.00E+25,1.00E+25
838592.315,7848160.150,70° 30' 33.90" N,149° 52' 38.39" W,,7,SM,0.0211,29.0441,77.1322,18.971685,4,24,2008,17,6,1,-11.398438,1.00E+25,1.00E+25
829008.774,7855544.258,70° 35' 15.00" N,150° 06' 09.60" W,OBH_VA,,,,,,,,,,,,,,,
