2014-08-10 10:10, Full
2014-08-25 06:13, New
2014-09-08 17:38, Full
2014-09-23 22:13, New
2014-10-08 02:50, Full
2014-10-23 13:56, New
2014-11-06 14:22, Full
2014-11-22 04:32, New
2014-12-06 04:27, Full
2014-12-21 17:36, New
2015-01-04 20:54, Full
2015-01-20 05:14, New
2015-02-03 15:10, Full
2015-02-18 15:49, New
2015-03-05 10:06, Full
2015-03-20 01:38, New
2015-04-04 04:07, Full
2015-04-18 10:59, New
2015-05-03 19:44, Full
2015-05-17 20:15, New
2015-06-02 08:21, Full
2015-06-16 06:07, New
2015-07-01 18:22, Full
2015-07-15 17:26, New
