70.49485667,-150.267515,7,24,2008,15,52,53,-10.917847,1.00E+25,1.00E+25,SM,14.9613,0,48.0881,2.78681,19327
70.49485833,-150.2683183,7,24,2008,15,53,3,-12.359863,1.00E+25,1.00E+25,SM,0.0185,0.0185,48.1066,6.671881,10
70.49485167,-150.2690933,7,24,2008,15,53,13,-11.398438,1.00E+25,1.00E+25,SM,0.0179,0.0364,48.1245,6.438578,10
70.49481833,-150.269795,7,24,2008,15,53,23,-10.437256,1.00E+25,1.00E+25,SM,0.0164,0.0528,48.1409,5.886096,10
70.49477667,-150.27053,7,24,2008,15,53,33,-10.917847,1.00E+25,1.00E+25,SM,0.0172,0.07,48.1581,6.191613,10
70.49475,-150.2712983,7,24,2008,15,53,43,-11.87915,1.00E+25,1.00E+25,SM,0.0178,0.0878,48.1759,6.415485,10
70.49485667,-150.2719317,7,24,2008,15,53,53,-12.359863,1.00E+25,1.00E+25,SM,0.0164,0.1042,48.1922,5.891176,10
70.49494,-150.2724783,7,24,2008,15,54,3,-15.243652,1.00E+25,1.00E+25,SM,0.0139,0.118,48.2061,4.990897,10
70.49501667,-150.2731267,7,24,2008,15,54,13,-15.243652,1.00E+25,1.00E+25,SM,0.0159,0.1339,48.222,5.712151,10
70.49510833,-150.274125,7,24,2008,15,54,23,-15.724365,1.00E+25,1.00E+25,SM,0.0239,0.1578,48.2459,8.598959,10
70.49527833,-150.27553,7,24,2008,15,54,33,-13.321045,1.00E+25,1.00E+25,SM,0.0345,0.1922,48.2803,12.411007,10
70.49571333,-150.2775133,7,24,2008,15,54,43,-9.956543,1.00E+25,1.00E+25,SM,0.0547,0.247,48.3351,19.707217,10
70.49638667,-150.2795467,7,24,2008,15,54,53,-10.917847,1.00E+25,1.00E+25,SM,0.0661,0.3131,48.4011,23.783202,10
70.49723,-150.2813867,7,24,2008,15,55,3,-13.801758,1.00E+25,1.00E+25,SM,0.0721,0.3851,48.4732,25.951855,10
70.49815833,-150.2831717,7,24,2008,15,55,13,-11.87915,1.00E+25,1.00E+25,SM,0.0762,0.4614,48.5494,27.439041,10
70.49913667,-150.2848317,7,24,2008,15,55,23,-10.437256,1.00E+25,1.00E+25,SM,0.0777,0.539,48.6271,27.967332,10
70.49994,-150.28619,7,24,2008,15,55,33,-11.398438,1.00E+25,1.00E+25,SM,0.0637,0.6028,48.6909,22.94507,10
70.50060167,-150.287085,7,24,2008,15,55,43,-12.359863,1.00E+25,1.00E+25,SM,0.0502,0.6529,48.741,18.057901,10
70.50018,-150.28793,7,24,2008,15,55,53,-12.359863,1.00E+25,1.00E+25,SM,0.0351,0.688,48.7761,12.61858,10
70.49921167,-150.2878333,7,24,2008,15,56,3,-13.321045,1.00E+25,1.00E+25,SM,0.0669,0.7549,48.843,24.099314,10
70.49817167,-150.2860967,7,24,2008,15,56,13,-10.917847,1.00E+25,1.00E+25,SM,0.0823,0.8372,48.9253,29.6164,10
70.497445,-150.2829017,7,24,2008,15,56,23,-10.917847,1.00E+25,1.00E+25,SM,0.0892,0.9264,49.0145,32.102762,10
70.49690833,-150.27938,7,24,2008,15,56,33,-8.995239,1.00E+25,1.00E+25,SM,0.0893,1.0157,49.1038,32.14695,10
70.49697667,-150.2755533,7,24,2008,15,56,43,-8.514648,1.00E+25,1.00E+25,SM,0.0884,1.1041,49.1922,31.822953,10
70.497545,-150.272075,7,24,2008,15,56,53,-7.07251,1.00E+25,1.00E+25,SM,0.0893,1.1934,49.2815,32.158222,10
70.49838167,-150.269125,7,24,2008,15,57,3,-8.514648,1.00E+25,1.00E+25,SM,0.0893,1.2827,49.3708,32.142818,10
70.49928667,-150.2663933,7,24,2008,15,57,13,-10.437256,1.00E+25,1.00E+25,SM,0.0888,1.3715,49.4595,31.956434,10
70.50024333,-150.2639267,7,24,2008,15,57,23,-9.47583,1.00E+25,1.00E+25,SM,0.0872,1.4587,49.5468,31.395956,10
70.50118833,-150.2617867,7,24,2008,15,57,33,-9.47583,1.00E+25,1.00E+25,SM,0.0818,1.5405,49.6286,29.465308,10
70.50210333,-150.2598783,7,24,2008,15,57,43,-9.956543,1.00E+25,1.00E+25,SM,0.077,1.6175,49.7056,27.730972,10
70.503105,-150.2584567,7,24,2008,15,57,53,-8.995239,1.00E+25,1.00E+25,SM,0.0766,1.6941,49.7822,27.5692,10
70.50417833,-150.2575683,7,24,2008,15,58,3,-9.956543,1.00E+25,1.00E+25,SM,0.0769,1.7711,49.8592,27.697453,10
70.505295,-150.2569867,7,24,2008,15,58,13,-8.514648,1.00E+25,1.00E+25,SM,0.0783,1.8494,49.9375,28.192089,10
70.506365,-150.256625,7,24,2008,15,58,23,-12.840454,1.00E+25,1.00E+25,SM,0.0744,1.9238,50.0119,26.783536,10
70.50745,-150.2566567,7,24,2008,15,58,33,-10.917847,1.00E+25,1.00E+25,SM,0.075,1.9987,50.0868,26.989145,10
70.50853833,-150.25658,7,24,2008,15,58,43,-9.47583,1.00E+25,1.00E+25,SM,0.0752,2.074,50.1621,27.078255,10
70.509605,-150.2561983,7,24,2008,15,58,53,-9.956543,1.00E+25,1.00E+25,SM,0.0742,2.1482,50.2363,26.720262,10
70.51066,-150.2555717,7,24,2008,15,59,3,-7.07251,1.00E+25,1.00E+25,SM,0.0743,2.2225,50.3106,26.752025,10
70.51169,-150.2546767,7,24,2008,15,59,13,-6.591919,1.00E+25,1.00E+25,SM,0.0741,2.2966,50.3847,26.674641,10
70.51268333,-150.2535383,7,24,2008,15,59,23,-11.398438,1.00E+25,1.00E+25,SM,0.0735,2.3701,50.4582,26.45183,10
70.51367833,-150.2525067,7,24,2008,15,59,33,-14.763062,1.00E+25,1.00E+25,SM,0.0727,2.4428,50.5309,26.187867,10
70.51467667,-150.2515283,7,24,2008,15,59,43,-18.127808,1.00E+25,1.00E+25,SM,0.0726,2.5154,50.6035,26.125239,10
70.51570167,-150.250785,7,24,2008,15,59,53,-14.282471,1.00E+25,1.00E+25,SM,0.0729,2.5882,50.6763,26.230765,10
70.51673167,-150.2501433,7,24,2008,16,0,3,-12.359863,1.00E+25,1.00E+25,SM,0.0727,2.6609,50.749,26.167051,10
70.51769667,-150.2490867,7,24,2008,16,0,13,-11.87915,1.00E+25,1.00E+25,SM,0.071,2.7319,50.82,25.55365,10
70.51856667,-150.2475033,7,24,2008,16,0,23,-10.437256,1.00E+25,1.00E+25,SM,0.0703,2.8022,50.8903,25.314226,10
70.51951167,-150.2463983,7,24,2008,16,0,33,-9.956543,1.00E+25,1.00E+25,SM,0.0701,2.8723,50.9604,25.229552,10
70.52046167,-150.2451833,7,24,2008,16,0,43,-12.359863,1.00E+25,1.00E+25,SM,0.0714,2.9437,51.0318,25.689362,10
70.52136667,-150.2437,7,24,2008,16,0,53,-9.956543,1.00E+25,1.00E+25,SM,0.0713,3.0149,51.103,25.653485,10
70.522245,-150.2419733,7,24,2008,16,1,3,-5.149902,1.00E+25,1.00E+25,SM,0.0726,3.0875,51.1756,26.122758,10
70.523135,-150.23998,7,24,2008,16,1,13,-5.149902,1.00E+25,1.00E+25,SM,0.0767,3.1642,51.2523,27.629327,10
70.52405667,-150.2379633,7,24,2008,16,1,23,-6.591919,1.00E+25,1.00E+25,SM,0.0788,3.2431,51.3312,28.377544,10
70.52507667,-150.23632,7,24,2008,16,1,33,-7.07251,1.00E+25,1.00E+25,SM,0.08,3.3231,51.4112,28.799571,10
70.52619167,-150.235365,7,24,2008,16,1,43,-12.840454,1.00E+25,1.00E+25,SM,0.0801,3.4032,51.4913,28.842583,10
70.52733667,-150.2347883,7,24,2008,16,1,53,-15.243652,1.00E+25,1.00E+25,SM,0.0802,3.4834,51.5715,28.87891,10
70.5285,-150.234965,7,24,2008,16,2,3,-15.243652,1.00E+25,1.00E+25,SM,0.0805,3.5639,51.652,28.973352,10
70.52966833,-150.2353317,7,24,2008,16,2,13,-13.321045,1.00E+25,1.00E+25,SM,0.0812,3.6451,51.7331,29.219245,10
70.53082333,-150.2358383,7,24,2008,16,2,23,-10.917847,1.00E+25,1.00E+25,SM,0.0807,3.7257,51.8138,29.034484,10
70.53196,-150.236735,7,24,2008,16,2,33,-6.591919,1.00E+25,1.00E+25,SM,0.0812,3.8069,51.895,29.233873,10
70.53309833,-150.23726,7,24,2008,16,2,43,-4.669312,1.00E+25,1.00E+25,SM,0.0796,3.8865,51.9746,28.646973,10
70.53423667,-150.237365,7,24,2008,16,2,53,-5.149902,1.00E+25,1.00E+25,SM,0.0787,3.9652,52.0533,28.327832,10
70.53536833,-150.2371333,7,24,2008,16,3,3,-4.188599,1.00E+25,1.00E+25,SM,0.0784,4.0435,52.1316,28.214054,10
70.53649,-150.236505,7,24,2008,16,3,13,-4.188599,1.00E+25,1.00E+25,SM,0.0788,4.1224,52.2105,28.381781,10
70.53761167,-150.2358517,7,24,2008,16,3,23,0.618042,1.00E+25,1.00E+25,SM,0.0789,4.2013,52.2894,28.420474,10
70.538745,-150.2351833,7,24,2008,16,3,33,6.866455,1.00E+25,1.00E+25,SM,0.0798,4.2811,52.3692,28.729054,10
70.53987333,-150.234495,7,24,2008,16,3,43,7.347168,1.00E+25,1.00E+25,SM,0.0796,4.3607,52.4488,28.639518,10
70.54100333,-150.233805,7,24,2008,16,3,53,7.347168,1.00E+25,1.00E+25,SM,0.0797,4.4404,52.5285,28.682831,10
70.54216333,-150.23443,7,24,2008,16,4,3,-14.282471,1.00E+25,1.00E+25,SM,0.0814,4.5218,52.6099,29.314452,10
70.54336333,-150.2340583,7,24,2008,16,4,13,-19.088989,1.00E+25,1.00E+25,SM,0.0834,4.6051,52.6932,30.006762,10
70.54451,-150.2337833,7,24,2008,16,4,23,-19.088989,1.00E+25,1.00E+25,SM,0.0795,4.6846,52.7727,28.612594,10
70.54562667,-150.2333633,7,24,2008,16,4,33,-19.088989,1.00E+25,1.00E+25,SM,0.0778,4.7624,52.8505,27.992624,10
70.54675,-150.2331267,7,24,2008,16,4,43,-19.088989,1.00E+25,1.00E+25,SM,0.0778,4.8402,52.9283,28.010053,10
70.54785667,-150.23337,7,24,2008,16,4,53,-19.088989,1.00E+25,1.00E+25,SM,0.0767,4.9169,53.0049,27.600495,10
70.54897667,-150.2338333,7,24,2008,16,5,3,-19.088989,1.00E+25,1.00E+25,SM,0.0781,4.995,53.0831,28.121557,10
70.550075,-150.234625,7,24,2008,16,5,13,-17.647095,1.00E+25,1.00E+25,SM,0.078,5.073,53.1611,28.095409,10
70.55118,-150.2355117,7,24,2008,16,5,23,-12.840454,1.00E+25,1.00E+25,SM,0.079,5.152,53.2401,28.449469,10
70.55229833,-150.236105,7,24,2008,16,5,33,-11.398438,1.00E+25,1.00E+25,SM,0.0785,5.2305,53.3186,28.247669,10
70.55342333,-150.2366283,7,24,2008,16,5,43,-10.917847,1.00E+25,1.00E+25,SM,0.0787,5.3092,53.3972,28.316433,10
70.55455667,-150.2371917,7,24,2008,16,5,53,-8.514648,1.00E+25,1.00E+25,SM,0.0794,5.3885,53.4766,28.573457,10
70.5557,-150.237555,7,24,2008,16,6,3,-5.149902,1.00E+25,1.00E+25,SM,0.0794,5.468,53.5561,28.597521,10
70.55684667,-150.237595,7,24,2008,16,6,13,-3.707886,1.00E+25,1.00E+25,SM,0.0792,5.5472,53.6353,28.523661,10
70.55799,-150.2378817,7,24,2008,16,6,23,-3.707886,1.00E+25,1.00E+25,SM,0.0793,5.6265,53.7146,28.537696,10
70.55911167,-150.23851,7,24,2008,16,6,33,-3.707886,1.00E+25,1.00E+25,SM,0.0788,5.7053,53.7934,28.380714,10
70.56024833,-150.23853,7,24,2008,16,6,43,-4.669312,1.00E+25,1.00E+25,SM,0.0785,5.7838,53.8719,28.273487,10
70.561395,-150.238365,7,24,2008,16,6,53,-8.995239,1.00E+25,1.00E+25,SM,0.0793,5.8632,53.9513,28.554425,10
70.56255167,-150.2383233,7,24,2008,16,7,3,-8.995239,1.00E+25,1.00E+25,SM,0.0799,5.9431,54.0312,28.772541,10
70.563715,-150.2381167,7,24,2008,16,7,13,-7.553101,1.00E+25,1.00E+25,SM,0.0805,6.0236,54.1117,28.986816,10
70.56487667,-150.2377067,7,24,2008,16,7,23,-6.591919,1.00E+25,1.00E+25,SM,0.0808,6.1044,54.1925,29.093423,10
70.56605333,-150.2372833,7,24,2008,16,7,33,-0.343384,1.00E+25,1.00E+25,SM,0.0819,6.1863,54.2744,29.476903,10
70.56722833,-150.2370317,7,24,2008,16,7,43,1.579346,1.00E+25,1.00E+25,SM,0.0814,6.2677,54.3558,29.300605,10
70.56838667,-150.2373133,7,24,2008,16,7,53,0.618042,1.00E+25,1.00E+25,SM,0.0803,6.348,54.4361,28.906058,10
70.569515,-150.2380383,7,24,2008,16,8,3,-0.343384,1.00E+25,1.00E+25,SM,0.0797,6.4277,54.5158,28.699741,10
70.57062333,-150.238825,7,24,2008,16,8,13,0.137451,1.00E+25,1.00E+25,SM,0.0787,6.5064,54.5945,28.32626,10
70.57172667,-150.2393,7,24,2008,16,8,23,-0.824097,1.00E+25,1.00E+25,SM,0.077,6.5834,54.6715,27.723855,10
70.57286333,-150.23935,7,24,2008,16,8,33,-0.824097,1.00E+25,1.00E+25,SM,0.0785,6.6619,54.75,28.276028,10
70.57399333,-150.2390667,7,24,2008,16,8,43,-1.304688,1.00E+25,1.00E+25,SM,0.0783,6.7403,54.8284,28.204747,10
70.57512167,-150.2391333,7,24,2008,16,8,53,-1.785278,1.00E+25,1.00E+25,SM,0.078,6.8183,54.9064,28.07114,10
70.576225,-150.2395717,7,24,2008,16,9,3,-1.785278,1.00E+25,1.00E+25,SM,0.0769,6.8952,54.9833,27.682373,10
70.57722,-150.24098,7,24,2008,16,9,13,-1.785278,1.00E+25,1.00E+25,SM,0.076,6.9711,55.0592,27.353744,10
70.57808167,-150.2425533,7,24,2008,16,9,23,-0.343384,1.00E+25,1.00E+25,SM,0.0697,7.0408,55.1289,25.074099,10
70.57892833,-150.2438683,7,24,2008,16,9,33,-1.304688,1.00E+25,1.00E+25,SM,0.0658,7.1066,55.1947,23.702321,10
70.579815,-150.24477,7,24,2008,16,9,43,-1.785278,1.00E+25,1.00E+25,SM,0.0647,7.1713,55.2594,23.281229,10
70.58072833,-150.2452933,7,24,2008,16,9,53,-2.265991,1.00E+25,1.00E+25,SM,0.0642,7.2355,55.3236,23.126492,10
70.58166333,-150.2453517,7,24,2008,16,10,3,-2.746704,1.00E+25,1.00E+25,SM,0.0646,7.3002,55.3883,23.261827,10
70.58251833,-150.24486,7,24,2008,16,10,13,-4.188599,1.00E+25,1.00E+25,SM,0.0601,7.3603,55.4484,21.652092,10
70.58249167,-150.2427367,7,24,2008,16,10,24,-4.669312,1.00E+25,1.00E+25,SM,0.0488,7.4091,55.4972,15.973466,11
70.58189333,-150.2410383,7,24,2008,16,10,34,-5.630493,1.00E+25,1.00E+25,SM,0.0568,7.466,55.554,20.462931,10
70.58192333,-150.2385317,7,24,2008,16,10,44,-4.669312,1.00E+25,1.00E+25,SM,0.0576,7.5236,55.6117,20.742191,10
70.58224833,-150.23616,7,24,2008,16,10,53,-4.669312,1.00E+25,1.00E+25,SM,0.0589,7.5825,55.6706,23.569933,9
70.58269167,-150.2329683,7,24,2008,16,11,4,-7.07251,1.00E+25,1.00E+25,SM,0.0795,7.662,55.75,26.003353,11
70.58278333,-150.2298267,7,24,2008,16,11,14,-6.591919,1.00E+25,1.00E+25,SM,0.0724,7.7344,55.8225,26.078666,10
70.58250833,-150.2267417,7,24,2008,16,11,24,-7.07251,1.00E+25,1.00E+25,SM,0.0734,7.8078,55.8958,26.411475,10
70.58222,-150.2236117,7,24,2008,16,11,34,-8.033936,1.00E+25,1.00E+25,SM,0.0746,7.8824,55.9705,26.858065,10
70.582035,-150.220375,7,24,2008,16,11,44,-8.514648,1.00E+25,1.00E+25,SM,0.0754,7.9578,56.0459,27.157862,10
70.58219333,-150.2171767,7,24,2008,16,11,54,-5.149902,1.00E+25,1.00E+25,SM,0.0743,8.0321,56.1202,26.739814,10
70.58259833,-150.2140767,7,24,2008,16,12,4,-7.553101,1.00E+25,1.00E+25,SM,0.0765,8.1086,56.1967,27.543037,10
70.583015,-150.2109667,7,24,2008,16,12,14,-7.553101,1.00E+25,1.00E+25,SM,0.077,8.1856,56.2737,27.72669,10
70.58333167,-150.207805,7,24,2008,16,12,24,-6.591919,1.00E+25,1.00E+25,SM,0.0758,8.2615,56.3495,27.304401,10
70.58349833,-150.2045133,7,24,2008,16,12,34,-8.995239,1.00E+25,1.00E+25,SM,0.0765,8.3379,56.426,27.532152,10
70.583585,-150.201195,7,24,2008,16,12,44,-9.956543,1.00E+25,1.00E+25,SM,0.0765,8.4144,56.5025,27.523136,10
70.58363833,-150.1979083,7,24,2008,16,12,54,-9.47583,1.00E+25,1.00E+25,SM,0.0756,8.49,56.5781,27.209004,10
70.58365833,-150.1947433,7,24,2008,16,13,4,-11.87915,1.00E+25,1.00E+25,SM,0.0727,8.5627,56.6508,26.175294,10
70.58372167,-150.1919033,7,24,2008,16,13,14,-13.321045,1.00E+25,1.00E+25,SM,0.0654,8.6281,56.7161,23.535957,10
70.583905,-150.1892533,7,24,2008,16,13,24,-9.47583,1.00E+25,1.00E+25,SM,0.0622,8.6902,56.7783,22.38147,10
70.58413167,-150.1867067,7,24,2008,16,13,34,-8.995239,1.00E+25,1.00E+25,SM,0.0606,8.7508,56.8389,21.799057,10
70.58439333,-150.1842233,7,24,2008,16,13,44,-5.630493,1.00E+25,1.00E+25,SM,0.0598,8.8106,56.8987,21.540264,10
70.58463833,-150.1818183,7,24,2008,16,13,54,0.137451,1.00E+25,1.00E+25,SM,0.0578,8.8684,56.9565,20.798296,10
70.58468833,-150.178975,7,24,2008,16,14,5,1.098633,1.00E+25,1.00E+25,SM,0.0654,8.9338,57.0219,21.402254,11
70.58467167,-150.176355,7,24,2008,16,14,15,-0.343384,1.00E+25,1.00E+25,SM,0.0602,8.994,57.0821,21.666962,10
70.58464667,-150.1740667,7,24,2008,16,14,24,-0.824097,1.00E+25,1.00E+25,SM,0.0526,9.0466,57.1346,21.034339,9
70.58463,-150.1712067,7,24,2008,16,14,35,3.02124,1.00E+25,1.00E+25,SM,0.0657,9.1122,57.2003,21.500977,11
70.58472,-150.1683733,7,24,2008,16,14,46,0.618042,1.00E+25,1.00E+25,SM,0.0654,9.1776,57.2657,21.394205,11
70.58484,-150.165815,7,24,2008,16,14,56,-3.227295,1.00E+25,1.00E+25,SM,0.0593,9.237,57.3251,21.362563,10
70.58497167,-150.16298,7,24,2008,16,15,7,-5.630493,1.00E+25,1.00E+25,SM,0.0657,9.3027,57.3908,21.516459,11
70.585105,-150.1604217,7,24,2008,16,15,17,-5.630493,1.00E+25,1.00E+25,SM,0.0595,9.3622,57.4503,21.411153,10
70.58518833,-150.15762,7,24,2008,16,15,28,-6.591919,1.00E+25,1.00E+25,SM,0.0646,9.4268,57.5149,21.142811,11
70.58520167,-150.1550767,7,24,2008,16,15,38,-5.149902,1.00E+25,1.00E+25,SM,0.0584,9.4852,57.5733,21.03117,10
70.58526833,-150.1523383,7,24,2008,16,15,49,-5.149902,1.00E+25,1.00E+25,SM,0.0631,9.5483,57.6364,20.637669,11
70.58546167,-150.1496067,7,24,2008,16,16,0,-4.188599,1.00E+25,1.00E+25,SM,0.0641,9.6124,57.7005,20.99255,11
70.58566333,-150.1468667,7,24,2008,16,16,11,-6.111206,1.00E+25,1.00E+25,SM,0.0645,9.6769,57.7649,21.093554,11
70.58579167,-150.14432,7,24,2008,16,16,21,-6.111206,1.00E+25,1.00E+25,SM,0.0592,9.736,57.8241,21.296154,10
70.58591,-150.141765,7,24,2008,16,16,31,-8.033936,1.00E+25,1.00E+25,SM,0.0592,9.7953,57.8834,21.328403,10
70.58598167,-150.13894,7,24,2008,16,16,42,-9.956543,1.00E+25,1.00E+25,SM,0.0651,9.8603,57.9484,21.294967,11
70.586005,-150.13608,7,24,2008,16,16,53,-9.47583,1.00E+25,1.00E+25,SM,0.0657,9.926,58.0141,21.502705,11
70.58604,-150.1335117,7,24,2008,16,17,3,-3.707886,1.00E+25,1.00E+25,SM,0.059,9.9851,58.0732,21.252226,10
70.58605,-150.1312,7,24,2008,16,17,12,-2.746704,1.00E+25,1.00E+25,SM,0.0531,10.0382,58.1262,21.237693,9
70.58615167,-150.1286483,7,24,2008,16,17,22,-4.188599,1.00E+25,1.00E+25,SM,0.059,10.0972,58.1853,21.247532,10
70.58642,-150.1262133,7,24,2008,16,17,32,-3.227295,1.00E+25,1.00E+25,SM,0.0589,10.1561,58.2442,21.209324,10
70.58675167,-150.1238483,7,24,2008,16,17,42,-3.707886,1.00E+25,1.00E+25,SM,0.0589,10.215,58.3031,21.221864,10
70.58708167,-150.12151,7,24,2008,16,17,52,-3.227295,1.00E+25,1.00E+25,SM,0.0583,10.2734,58.3615,21.002383,10
70.58719167,-150.1190067,7,24,2008,16,18,2,-4.188599,1.00E+25,1.00E+25,SM,0.058,10.3314,58.4195,20.87592,10
70.58713,-150.1165083,7,24,2008,16,18,12,-1.785278,1.00E+25,1.00E+25,SM,0.0575,10.3889,58.477,20.711356,10
70.587055,-150.1140183,7,24,2008,16,18,22,2.540649,1.00E+25,1.00E+25,SM,0.0574,10.4463,58.5344,20.670011,10
70.58702,-150.1114117,7,24,2008,16,18,32,0.618042,1.00E+25,1.00E+25,SM,0.0599,10.5062,58.5943,21.567813,10
70.587,-150.10887,7,24,2008,16,18,42,0.137451,1.00E+25,1.00E+25,SM,0.0584,10.5646,58.6527,21.018774,10
70.58710167,-150.1062967,7,24,2008,16,18,52,-0.343384,1.00E+25,1.00E+25,SM,0.0595,10.6241,58.7122,21.42441,10
70.587255,-150.1037733,7,24,2008,16,19,2,-0.343384,1.00E+25,1.00E+25,SM,0.0589,10.683,58.7711,21.206922,10
70.58746,-150.1013183,7,24,2008,16,19,12,-0.824097,1.00E+25,1.00E+25,SM,0.0581,10.7412,58.8293,20.926768,10
70.58776333,-150.0989333,7,24,2008,16,19,22,-1.785278,1.00E+25,1.00E+25,SM,0.0586,10.7998,58.8879,21.111374,10
70.588035,-150.096565,7,24,2008,16,19,32,-1.304688,1.00E+25,1.00E+25,SM,0.0575,10.8573,58.9454,20.712298,10
70.58817,-150.094105,7,24,2008,16,19,42,1.098633,1.00E+25,1.00E+25,SM,0.0573,10.9146,59.0027,20.611981,10
70.58832167,-150.0915667,7,24,2008,16,19,52,3.982666,1.00E+25,1.00E+25,SM,0.0592,10.9738,59.0619,21.320455,10
70.58833667,-150.0890483,7,24,2008,16,20,2,0.618042,1.00E+25,1.00E+25,SM,0.0578,11.0317,59.1198,20.821963,10
70.58824,-150.086515,7,24,2008,16,20,12,-2.746704,1.00E+25,1.00E+25,SM,0.0586,11.0902,59.1783,21.080242,10
70.58810333,-150.083985,7,24,2008,16,20,22,-5.149902,1.00E+25,1.00E+25,SM,0.0589,11.1491,59.2372,21.189684,10
70.58797833,-150.0814517,7,24,2008,16,20,32,-4.669312,1.00E+25,1.00E+25,SM,0.0588,11.2079,59.296,21.172461,10
70.58793167,-150.0788017,7,24,2008,16,20,42,-3.227295,1.00E+25,1.00E+25,SM,0.0609,11.2688,59.3569,21.938222,10
70.58800833,-150.07626,7,24,2008,16,20,52,-5.149902,1.00E+25,1.00E+25,SM,0.0586,11.3274,59.4155,21.098245,10
70.58815833,-150.073715,7,24,2008,16,21,2,-7.553101,1.00E+25,1.00E+25,SM,0.0594,11.3868,59.4749,21.367589,10
70.588355,-150.0711433,7,24,2008,16,21,12,-8.033936,1.00E+25,1.00E+25,SM,0.0606,11.4474,59.5355,21.815136,10
70.58856667,-150.0686,7,24,2008,16,21,22,-10.437256,1.00E+25,1.00E+25,SM,0.0602,11.5076,59.5957,21.674326,10
70.588685,-150.066065,7,24,2008,16,21,32,-8.995239,1.00E+25,1.00E+25,SM,0.0588,11.5664,59.6545,21.161789,10
70.58871833,-150.06351,7,24,2008,16,21,42,-8.514648,1.00E+25,1.00E+25,SM,0.0587,11.6251,59.7132,21.137615,10
70.58870667,-150.060995,7,24,2008,16,21,52,-8.033936,1.00E+25,1.00E+25,SM,0.0578,11.6829,59.7709,20.792695,10
70.588665,-150.05845,7,24,2008,16,22,2,-8.514648,1.00E+25,1.00E+25,SM,0.0585,11.7414,59.8295,21.064209,10
70.58872833,-150.055895,7,24,2008,16,22,12,-10.437256,1.00E+25,1.00E+25,SM,0.0588,11.8002,59.8883,21.180019,10
70.58884167,-150.05311,7,24,2008,16,22,23,-7.07251,1.00E+25,1.00E+25,SM,0.0644,11.8646,59.9527,21.085939,11
70.58890333,-150.05056,7,24,2008,16,22,33,-6.111206,1.00E+25,1.00E+25,SM,0.0587,11.9233,60.0114,21.135568,10
70.58888,-150.04798,7,24,2008,16,22,43,-8.514648,1.00E+25,1.00E+25,SM,0.0593,11.9826,60.0707,21.335709,10
70.58886833,-150.04537,7,24,2008,16,22,53,-7.553101,1.00E+25,1.00E+25,SM,0.0599,12.0425,60.1306,21.577782,10
70.58897167,-150.0427967,7,24,2008,16,23,3,-8.514648,1.00E+25,1.00E+25,SM,0.0595,12.1021,60.1902,21.427387,10
70.58914167,-150.0403067,7,24,2008,16,23,13,-8.514648,1.00E+25,1.00E+25,SM,0.0584,12.1604,60.2485,21.013497,10
70.58933167,-150.037545,7,24,2008,16,23,24,-9.956543,1.00E+25,1.00E+25,SM,0.0648,12.2252,60.3133,21.193847,11
70.58949333,-150.0350583,7,24,2008,16,23,34,-10.917847,1.00E+25,1.00E+25,SM,0.0582,12.2834,60.3715,20.94537,10
70.58970667,-150.0322917,7,24,2008,16,23,45,-10.437256,1.00E+25,1.00E+25,SM,0.0652,12.3486,60.4367,21.343306,11
70.58992667,-150.0297733,7,24,2008,16,23,55,-11.87915,1.00E+25,1.00E+25,SM,0.0598,12.4084,60.4965,21.524312,10
70.590165,-150.0272833,7,24,2008,16,24,5,-12.359863,1.00E+25,1.00E+25,SM,0.0595,12.4679,60.556,21.419358,10
70.59034,-150.02504,7,24,2008,16,24,14,-11.87915,1.00E+25,1.00E+25,SM,0.0529,12.5208,60.6089,21.163914,9
70.59051,-150.022225,7,24,2008,16,24,25,-8.995239,1.00E+25,1.00E+25,SM,0.0657,12.5865,60.6746,21.499809,11
70.59064167,-150.0196483,7,24,2008,16,24,35,-8.995239,1.00E+25,1.00E+25,SM,0.0599,12.6463,60.7344,21.548808,10
70.59070833,-150.01706,7,24,2008,16,24,45,-9.956543,1.00E+25,1.00E+25,SM,0.0596,12.7059,60.794,21.458978,10
70.59075167,-150.01448,7,24,2008,16,24,55,-11.398438,1.00E+25,1.00E+25,SM,0.0593,12.7653,60.8533,21.353093,10
70.59072667,-150.01198,7,24,2008,16,25,5,-11.398438,1.00E+25,1.00E+25,SM,0.0574,12.8227,60.9108,20.673949,10
70.59058833,-150.00942,7,24,2008,16,25,15,-12.840454,1.00E+25,1.00E+25,SM,0.0596,12.8822,60.9703,21.438557,10
70.59035833,-150.006985,7,24,2008,16,25,25,-12.840454,1.00E+25,1.00E+25,SM,0.0581,12.9404,61.0285,20.924831,10
70.59024167,-150.0044033,7,24,2008,16,25,35,-12.359863,1.00E+25,1.00E+25,SM,0.0598,13.0002,61.0883,21.536507,10
70.59022667,-150.00157,7,24,2008,16,25,46,-11.87915,1.00E+25,1.00E+25,SM,0.0651,13.0653,61.1533,21.294029,11
70.59024167,-149.998625,7,24,2008,16,25,57,-13.321045,1.00E+25,1.00E+25,SM,0.0676,13.1329,61.221,22.133055,11
70.59029167,-149.9960317,7,24,2008,16,26,7,-13.321045,1.00E+25,1.00E+25,SM,0.0596,13.1925,61.2806,21.472622,10
70.59034167,-149.9934367,7,24,2008,16,26,17,-9.956543,1.00E+25,1.00E+25,SM,0.0597,13.2522,61.3403,21.486322,10
70.59034,-149.990865,7,24,2008,16,26,27,-8.033936,1.00E+25,1.00E+25,SM,0.059,13.3113,61.3993,21.25744,10
70.59037667,-149.9882517,7,24,2008,16,26,37,-7.07251,1.00E+25,1.00E+25,SM,0.0601,13.3713,61.4594,21.621042,10
70.59043,-149.9856017,7,24,2008,16,26,47,-6.591919,1.00E+25,1.00E+25,SM,0.061,13.4323,61.5204,21.944969,10
70.590405,-149.9830833,7,24,2008,16,26,57,-7.07251,1.00E+25,1.00E+25,SM,0.0578,13.4901,61.5782,20.825753,10
70.59035833,-149.980555,7,24,2008,16,27,7,-4.188599,1.00E+25,1.00E+25,SM,0.0581,13.5483,61.6364,20.931374,10
70.59039667,-149.9780267,7,24,2008,16,27,17,-5.630493,1.00E+25,1.00E+25,SM,0.0581,13.6064,61.6945,20.920907,10
70.59044667,-149.9754767,7,24,2008,16,27,27,-4.669312,1.00E+25,1.00E+25,SM,0.0587,13.665,61.7531,21.114877,10
70.59050167,-149.9726267,7,24,2008,16,27,38,-5.149902,1.00E+25,1.00E+25,SM,0.0655,13.7306,61.8187,21.452397,11
70.59054333,-149.9700917,7,24,2008,16,27,48,-3.707886,1.00E+25,1.00E+25,SM,0.0583,13.7889,61.877,20.979739,10
70.590495,-149.9675733,7,24,2008,16,27,58,-3.227295,1.00E+25,1.00E+25,SM,0.0579,13.8468,61.9349,20.85105,10
70.59049833,-149.96473,7,24,2008,16,28,9,-2.265991,1.00E+25,1.00E+25,SM,0.0653,13.9121,62.0002,21.366328,11
70.59051833,-149.9621683,7,24,2008,16,28,19,-1.785278,1.00E+25,1.00E+25,SM,0.0588,13.9709,62.059,21.180407,10
70.59052667,-149.9598433,7,24,2008,16,28,28,-1.785278,1.00E+25,1.00E+25,SM,0.0534,14.0243,62.1124,21.354886,9
70.590455,-149.9570067,7,24,2008,16,28,39,-3.227295,1.00E+25,1.00E+25,SM,0.0653,14.0896,62.1777,21.377617,11
70.59038333,-149.9544233,7,24,2008,16,28,49,-1.785278,1.00E+25,1.00E+25,SM,0.0595,14.1491,62.2372,21.42803,10
70.59026833,-149.951575,7,24,2008,16,29,0,0.618042,1.00E+25,1.00E+25,SM,0.0659,14.215,62.3031,21.561337,11
70.590275,-149.9489933,7,24,2008,16,29,10,-0.824097,1.00E+25,1.00E+25,SM,0.0593,14.2743,62.3624,21.340777,10
70.59036667,-149.9461517,7,24,2008,16,29,21,-2.265991,1.00E+25,1.00E+25,SM,0.0656,14.3398,62.4279,21.454224,11
70.59046167,-149.9436083,7,24,2008,16,29,31,-2.265991,1.00E+25,1.00E+25,SM,0.0588,14.3986,62.4867,21.155503,10
70.590585,-149.94081,7,24,2008,16,29,42,-1.304688,1.00E+25,1.00E+25,SM,0.0648,14.4634,62.5515,21.212147,11
70.59040833,-149.9385217,7,24,2008,16,29,52,-1.785278,1.00E+25,1.00E+25,SM,0.0539,14.5174,62.6055,19.418953,10
70.58999167,-149.9358533,7,24,2008,16,30,3,-3.707886,1.00E+25,1.00E+25,SM,0.0677,14.5851,62.6732,22.154719,11
70.59022667,-149.9330383,7,24,2008,16,30,14,-4.669312,1.00E+25,1.00E+25,SM,0.0666,14.6517,62.7398,21.810921,11
70.59066,-149.930655,7,24,2008,16,30,24,-3.227295,1.00E+25,1.00E+25,SM,0.0624,14.7141,62.8022,22.45637,10
70.591085,-149.9281583,7,24,2008,16,30,34,-4.669312,1.00E+25,1.00E+25,SM,0.0644,14.7785,62.8666,23.186934,10
70.59148833,-149.92553,7,24,2008,16,30,44,-3.707886,1.00E+25,1.00E+25,SM,0.0665,14.845,62.9331,23.929367,10
70.59186167,-149.92284,7,24,2008,16,30,54,-5.149902,1.00E+25,1.00E+25,SM,0.0669,14.9119,63,24.095364,10
70.59218167,-149.920055,7,24,2008,16,31,4,-5.149902,1.00E+25,1.00E+25,SM,0.0677,14.9796,63.0676,24.356192,10
70.59239333,-149.9171317,7,24,2008,16,31,14,-8.033936,1.00E+25,1.00E+25,SM,0.0687,15.0482,63.1363,24.72891,10
70.59258667,-149.9139417,7,24,2008,16,31,25,-7.07251,1.00E+25,1.00E+25,SM,0.0744,15.1227,63.2108,24.364273,11
70.59264667,-149.9107567,7,24,2008,16,31,36,-5.630493,1.00E+25,1.00E+25,SM,0.0732,15.1959,63.284,23.969561,11
70.59270333,-149.907815,7,24,2008,16,31,46,-6.111206,1.00E+25,1.00E+25,SM,0.0676,15.2636,63.3517,24.353831,10
70.59273667,-149.90466,7,24,2008,16,31,57,-3.227295,1.00E+25,1.00E+25,SM,0.0725,15.3361,63.4241,23.71758,11
70.59256667,-149.9016617,7,24,2008,16,32,7,-3.707886,1.00E+25,1.00E+25,SM,0.0698,15.4059,63.494,25.139562,10
70.59234,-149.89875,7,24,2008,16,32,17,-5.149902,1.00E+25,1.00E+25,SM,0.0687,15.4745,63.5626,24.716936,10
70.59214333,-149.8958233,7,24,2008,16,32,27,-4.188599,1.00E+25,1.00E+25,SM,0.0686,15.5431,63.6312,24.679227,10
70.592055,-149.8931317,7,24,2008,16,32,36,-6.111206,1.00E+25,1.00E+25,SM,0.0621,15.6052,63.6933,24.839573,9
70.59207667,-149.8899067,7,24,2008,16,32,47,-5.149902,1.00E+25,1.00E+25,SM,0.0741,15.6793,63.7673,24.237294,11
70.59214667,-149.8869283,7,24,2008,16,32,57,-4.188599,1.00E+25,1.00E+25,SM,0.0686,15.7478,63.8359,24.678246,10
70.59221667,-149.8839533,7,24,2008,16,33,7,-4.188599,1.00E+25,1.00E+25,SM,0.0685,15.8163,63.9044,24.650679,10
70.59224667,-149.881025,7,24,2008,16,33,17,-2.746704,1.00E+25,1.00E+25,SM,0.0673,15.8835,63.9716,24.21484,10
70.59224,-149.8780517,7,24,2008,16,33,27,-2.746704,1.00E+25,1.00E+25,SM,0.0683,15.9518,64.0399,24.57582,10
70.59228167,-149.8751467,7,24,2008,16,33,37,-1.785278,1.00E+25,1.00E+25,SM,0.0668,16.0186,64.1067,24.032807,10
70.592375,-149.8722267,7,24,2008,16,33,47,-1.785278,1.00E+25,1.00E+25,SM,0.0673,16.0859,64.174,24.245747,10
70.5925,-149.8692933,7,24,2008,16,33,57,-4.669312,1.00E+25,1.00E+25,SM,0.0679,16.1538,64.2419,24.442973,10
70.59278167,-149.8664433,7,24,2008,16,34,7,-5.149902,1.00E+25,1.00E+25,SM,0.0683,16.2221,64.3102,24.575246,10
70.59307333,-149.863325,7,24,2008,16,34,18,-5.149902,1.00E+25,1.00E+25,SM,0.0744,16.2964,64.3845,24.340417,11
70.59330167,-149.8604367,7,24,2008,16,34,28,-7.07251,1.00E+25,1.00E+25,SM,0.0682,16.3646,64.4527,24.537924,10
70.59352,-149.857555,7,24,2008,16,34,38,-7.07251,1.00E+25,1.00E+25,SM,0.0679,16.4325,64.5206,24.427568,10
70.59376,-149.854425,7,24,2008,16,34,49,-7.553101,1.00E+25,1.00E+25,SM,0.0737,16.5062,64.5943,24.134758,11
70.59396167,-149.8511483,7,24,2008,16,35,0,-8.514648,1.00E+25,1.00E+25,SM,0.0765,16.5827,64.6708,25.037157,11
70.59413333,-149.8481917,7,24,2008,16,35,10,-8.033936,1.00E+25,1.00E+25,SM,0.0689,16.6516,64.7397,24.805597,10
70.59432333,-149.84526,7,24,2008,16,35,20,-7.553101,1.00E+25,1.00E+25,SM,0.0686,16.7202,64.8083,24.685114,10
70.59455333,-149.8423467,7,24,2008,16,35,30,-7.07251,1.00E+25,1.00E+25,SM,0.0687,16.7889,64.877,24.747079,10
70.59481667,-149.839465,7,24,2008,16,35,40,-6.591919,1.00E+25,1.00E+25,SM,0.0686,16.8575,64.9456,24.699083,10
70.59507833,-149.8365783,7,24,2008,16,35,50,-7.07251,1.00E+25,1.00E+25,SM,0.0687,16.9262,65.0143,24.727684,10
70.59532833,-149.8336583,7,24,2008,16,36,0,-7.07251,1.00E+25,1.00E+25,SM,0.0692,16.9954,65.0835,24.919256,10
70.59558,-149.8307317,7,24,2008,16,36,10,-8.033936,1.00E+25,1.00E+25,SM,0.0694,17.0648,65.1529,24.982674,10
70.59595333,-149.8275717,7,24,2008,16,36,21,-8.033936,1.00E+25,1.00E+25,SM,0.077,17.1418,65.2299,25.195921,11
70.59634333,-149.82485,7,24,2008,16,36,31,-8.514648,1.00E+25,1.00E+25,SM,0.068,17.2099,65.298,24.493694,10
70.59673833,-149.822245,7,24,2008,16,36,41,-8.033936,1.00E+25,1.00E+25,SM,0.0657,17.2756,65.3637,23.662513,10
70.59706667,-149.819765,7,24,2008,16,36,50,-8.033936,1.00E+25,1.00E+25,SM,0.0613,17.3369,65.425,24.51155,9
70.59742167,-149.8166433,7,24,2008,16,37,1,-7.553101,1.00E+25,1.00E+25,SM,0.0757,17.4126,65.5007,24.785807,11
70.59773833,-149.8138717,7,24,2008,16,37,11,-7.07251,1.00E+25,1.00E+25,SM,0.0673,17.4799,65.568,24.219015,10
70.598045,-149.811045,7,24,2008,16,37,21,-6.591919,1.00E+25,1.00E+25,SM,0.0683,17.5481,65.6362,24.570523,10
70.59828333,-149.8079317,7,24,2008,16,37,32,-7.07251,1.00E+25,1.00E+25,SM,0.0733,17.6215,65.7096,23.999161,11
70.598515,-149.805105,7,24,2008,16,37,42,-8.033936,1.00E+25,1.00E+25,SM,0.0668,17.6883,65.7764,24.056253,10
70.59879833,-149.80229,7,24,2008,16,37,52,-7.553101,1.00E+25,1.00E+25,SM,0.0675,17.7558,65.8439,24.303463,10
70.59901833,-149.7994267,7,24,2008,16,38,2,-8.995239,1.00E+25,1.00E+25,SM,0.0675,17.8233,65.9113,24.28289,10
70.599225,-149.7962467,7,24,2008,16,38,13,-8.995239,1.00E+25,1.00E+25,SM,0.0744,17.8976,65.9857,24.338724,11
70.59956667,-149.7935033,7,24,2008,16,38,23,-9.47583,1.00E+25,1.00E+25,SM,0.0672,17.9649,66.053,24.207064,10
70.599715,-149.7904117,7,24,2008,16,38,34,-8.033936,1.00E+25,1.00E+25,SM,0.0717,18.0366,66.1246,23.462759,11
70.599715,-149.787575,7,24,2008,16,38,44,-9.47583,1.00E+25,1.00E+25,SM,0.0651,18.1017,66.1897,23.437002,10
70.59978333,-149.784495,7,24,2008,16,38,55,-9.956543,1.00E+25,1.00E+25,SM,0.0708,18.1725,66.2606,23.185562,11
70.59989833,-149.7816317,7,24,2008,16,39,5,-9.956543,1.00E+25,1.00E+25,SM,0.0662,18.2387,66.3268,23.829485,10
70.60000667,-149.7787367,7,24,2008,16,39,15,-11.87915,1.00E+25,1.00E+25,SM,0.0669,18.3056,66.3936,24.069988,10
70.60001333,-149.7758417,7,24,2008,16,39,25,-9.47583,1.00E+25,1.00E+25,SM,0.0664,18.372,66.4601,23.919186,10
70.60017,-149.77293,7,24,2008,16,39,35,-10.437256,1.00E+25,1.00E+25,SM,0.0677,18.4397,66.5278,24.369797,10
70.60038833,-149.77041,7,24,2008,16,39,44,-10.917847,1.00E+25,1.00E+25,SM,0.0598,18.4995,66.5875,23.907438,9
70.60070667,-149.7673433,7,24,2008,16,39,55,-9.47583,1.00E+25,1.00E+25,SM,0.0737,18.5732,66.6613,24.131561,11
70.60089,-149.7641983,7,24,2008,16,40,6,-7.07251,1.00E+25,1.00E+25,SM,0.0733,18.6465,66.7346,23.982034,11
70.60095167,-149.7613283,7,24,2008,16,40,16,-7.553101,1.00E+25,1.00E+25,SM,0.066,18.7125,66.8006,23.760551,10
70.600965,-149.7583967,7,24,2008,16,40,26,-8.514648,1.00E+25,1.00E+25,SM,0.0673,18.7798,66.8678,24.222685,10
70.60102167,-149.7551683,7,24,2008,16,40,37,-9.956543,1.00E+25,1.00E+25,SM,0.0742,18.8539,66.942,24.280494,11
70.60107833,-149.7522767,7,24,2008,16,40,47,-8.995239,1.00E+25,1.00E+25,SM,0.0665,18.9204,67.0085,23.931384,10
70.601145,-149.7493517,7,24,2008,16,40,57,-9.956543,1.00E+25,1.00E+25,SM,0.0673,18.9877,67.0758,24.221981,10
70.60121833,-149.746455,7,24,2008,16,41,7,-9.956543,1.00E+25,1.00E+25,SM,0.0667,19.0544,67.1425,24.000408,10
70.60130167,-149.7435567,7,24,2008,16,41,17,-9.47583,1.00E+25,1.00E+25,SM,0.0668,19.1211,67.2092,24.034218,10
70.60137,-149.740645,7,24,2008,16,41,27,-10.437256,1.00E+25,1.00E+25,SM,0.067,19.1881,67.2762,24.114706,10
70.60139833,-149.7377333,7,24,2008,16,41,37,-10.437256,1.00E+25,1.00E+25,SM,0.0668,19.255,67.3431,24.064995,10
70.601435,-149.7347733,7,24,2008,16,41,47,-10.437256,1.00E+25,1.00E+25,SM,0.068,19.3229,67.411,24.470941,10
70.60145333,-149.7318283,7,24,2008,16,41,57,-13.321045,1.00E+25,1.00E+25,SM,0.0676,19.3905,67.4786,24.334257,10
70.60149833,-149.72897,7,24,2008,16,42,7,-13.321045,1.00E+25,1.00E+25,SM,0.0657,19.4562,67.5443,23.640467,10
70.60158,-149.7260633,7,24,2008,16,42,17,-11.87915,1.00E+25,1.00E+25,SM,0.0669,19.5232,67.6112,24.098947,10
70.60168833,-149.723245,7,24,2008,16,42,27,-8.514648,1.00E+25,1.00E+25,SM,0.0651,19.5883,67.6763,23.438724,10
70.60180167,-149.7203367,7,24,2008,16,42,37,-8.514648,1.00E+25,1.00E+25,SM,0.0672,19.6555,67.7435,24.191515,10
70.60188333,-149.7175333,7,24,2008,16,42,47,-8.033936,1.00E+25,1.00E+25,SM,0.0646,19.72,67.8081,23.24807,10
70.60192833,-149.7146633,7,24,2008,16,42,57,-9.47583,1.00E+25,1.00E+25,SM,0.0659,19.786,67.8741,23.736238,10
70.60195,-149.7116717,7,24,2008,16,43,7,-13.801758,1.00E+25,1.00E+25,SM,0.0687,19.8546,67.9427,24.720787,10
70.60212167,-149.70879,7,24,2008,16,43,17,-14.282471,1.00E+25,1.00E+25,SM,0.0672,19.9218,68.0099,24.18597,10
70.60234667,-149.7059233,7,24,2008,16,43,27,-15.243652,1.00E+25,1.00E+25,SM,0.0676,19.9894,68.0775,24.334221,10
70.60263333,-149.703135,7,24,2008,16,43,37,-13.801758,1.00E+25,1.00E+25,SM,0.067,20.0564,68.1445,24.112882,10
70.60274167,-149.7005183,7,24,2008,16,43,47,-12.840454,1.00E+25,1.00E+25,SM,0.0605,20.1169,68.205,21.783449,10
70.60222667,-149.6997417,7,24,2008,16,43,57,-12.359863,1.00E+25,1.00E+25,SM,0.0398,20.1567,68.2448,14.326886,10
70.60193333,-149.70174,7,24,2008,16,44,7,-12.359863,1.00E+25,1.00E+25,SM,0.0501,20.2068,68.2949,18.049097,10
70.60186833,-149.70449,7,24,2008,16,44,17,-9.956543,1.00E+25,1.00E+25,SM,0.0633,20.2701,68.3582,22.775943,10
70.60184333,-149.7073,7,24,2008,16,44,27,-10.437256,1.00E+25,1.00E+25,SM,0.0645,20.3346,68.4227,23.222541,10
70.601645,-149.7102067,7,24,2008,16,44,37,-10.437256,1.00E+25,1.00E+25,SM,0.0681,20.4027,68.4908,24.514451,10
70.601305,-149.712955,7,24,2008,16,44,47,-8.995239,1.00E+25,1.00E+25,SM,0.0673,20.47,68.5581,24.229058,10
70.60085,-149.71532,7,24,2008,16,44,57,-6.111206,1.00E+25,1.00E+25,SM,0.0627,20.5327,68.6208,22.579775,10
70.60042,-149.7177167,7,24,2008,16,45,7,-7.07251,1.00E+25,1.00E+25,SM,0.0625,20.5952,68.6833,22.504812,10
70.59994167,-149.72019,7,24,2008,16,45,17,-5.630493,1.00E+25,1.00E+25,SM,0.0657,20.6609,68.749,23.645988,10
70.59952667,-149.7229367,7,24,2008,16,45,27,-4.188599,1.00E+25,1.00E+25,SM,0.0693,20.7302,68.8183,24.930799,10
70.59926167,-149.72568,7,24,2008,16,45,37,-5.630493,1.00E+25,1.00E+25,SM,0.0656,20.7958,68.8838,23.605207,10
70.59904833,-149.7284883,7,24,2008,16,45,47,-5.149902,1.00E+25,1.00E+25,SM,0.0661,20.8619,68.95,23.80257,10
70.59855167,-149.73072,7,24,2008,16,45,57,-4.669312,1.00E+25,1.00E+25,SM,0.0617,20.9235,69.0116,22.195131,10
70.59777667,-149.7322367,7,24,2008,16,46,7,-3.707886,1.00E+25,1.00E+25,SM,0.0639,20.9874,69.0755,22.992462,10
70.596965,-149.733435,7,24,2008,16,46,17,-1.304688,1.00E+25,1.00E+25,SM,0.0625,21.0499,69.1379,22.486619,10
70.59613667,-149.7345867,7,24,2008,16,46,27,-2.265991,1.00E+25,1.00E+25,SM,0.063,21.1129,69.201,22.69534,10
70.59532333,-149.7358733,7,24,2008,16,46,37,-2.746704,1.00E+25,1.00E+25,SM,0.0635,21.1764,69.2645,22.854538,10
70.59445333,-149.7368917,7,24,2008,16,46,47,-3.707886,1.00E+25,1.00E+25,SM,0.0645,21.2409,69.329,23.218838,10
70.59359833,-149.737745,7,24,2008,16,46,57,-2.265991,1.00E+25,1.00E+25,SM,0.0622,21.3031,69.3912,22.405767,10
70.59270333,-149.7385367,7,24,2008,16,47,7,-0.824097,1.00E+25,1.00E+25,SM,0.0645,21.3676,69.4557,23.203496,10
70.59178833,-149.7391633,7,24,2008,16,47,17,-0.824097,1.00E+25,1.00E+25,SM,0.0648,21.4324,69.5205,23.341288,10
70.590855,-149.7395333,7,24,2008,16,47,27,-1.304688,1.00E+25,1.00E+25,SM,0.065,21.4975,69.5855,23.415942,10
70.58993333,-149.7397983,7,24,2008,16,47,37,-1.785278,1.00E+25,1.00E+25,SM,0.064,21.5614,69.6495,23.029588,10
70.58901,-149.73997,7,24,2008,16,47,47,-1.785278,1.00E+25,1.00E+25,SM,0.0639,21.6253,69.7134,23.01043,10
70.58808833,-149.74011,7,24,2008,16,47,57,-2.746704,1.00E+25,1.00E+25,SM,0.0638,21.6891,69.7772,22.954371,10
70.58714333,-149.7403617,7,24,2008,16,48,7,-3.707886,1.00E+25,1.00E+25,SM,0.0655,21.7547,69.8427,23.597459,10
70.58623167,-149.7408967,7,24,2008,16,48,17,-4.188599,1.00E+25,1.00E+25,SM,0.0642,21.8188,69.9069,23.103784,10
70.58539667,-149.74208,7,24,2008,16,48,27,-3.227295,1.00E+25,1.00E+25,SM,0.0638,21.8826,69.9707,22.95844,10
70.58508333,-149.7445867,7,24,2008,16,48,37,-5.149902,1.00E+25,1.00E+25,SM,0.0615,21.9441,70.0322,22.142316,10
70.58512,-149.74746,7,24,2008,16,48,47,-7.07251,1.00E+25,1.00E+25,SM,0.066,22.0101,70.0982,23.77464,10
70.58521333,-149.7503217,7,24,2008,16,48,57,-4.669312,1.00E+25,1.00E+25,SM,0.066,22.0762,70.1643,23.774222,10
70.58486,-149.7527467,7,24,2008,16,49,7,-4.669312,1.00E+25,1.00E+25,SM,0.0608,22.137,70.2251,21.891919,10
70.58412167,-149.7539783,7,24,2008,16,49,17,-4.669312,1.00E+25,1.00E+25,SM,0.0583,22.1953,70.2834,20.99966,10
70.58319333,-149.7542667,7,24,2008,16,49,27,-5.149902,1.00E+25,1.00E+25,SM,0.0645,22.2598,70.3479,23.213756,10
70.58229167,-149.754625,7,24,2008,16,49,37,-5.149902,1.00E+25,1.00E+25,SM,0.0628,22.3227,70.4107,22.622596,10
70.58133833,-149.7551433,7,24,2008,16,49,47,-4.188599,1.00E+25,1.00E+25,SM,0.0669,22.3896,70.4777,24.097129,10
70.58035833,-149.7557783,7,24,2008,16,49,57,-0.824097,1.00E+25,1.00E+25,SM,0.0693,22.4589,70.5469,24.935377,10
70.57941167,-149.7564767,7,24,2008,16,50,7,0.618042,1.00E+25,1.00E+25,SM,0.0673,22.5262,70.6143,24.244945,10
70.57853,-149.7573033,7,24,2008,16,50,17,0.137451,1.00E+25,1.00E+25,SM,0.0638,22.59,70.6781,22.971301,10
70.57773833,-149.7583817,7,24,2008,16,50,26,1.579346,1.00E+25,1.00E+25,SM,0.06,22.6501,70.7382,24.019181,9
70.57679833,-149.7599317,7,24,2008,16,50,37,-0.824097,1.00E+25,1.00E+25,SM,0.0741,22.7241,70.8122,24.241346,11
70.57595833,-149.7613833,7,24,2008,16,50,47,-3.707886,1.00E+25,1.00E+25,SM,0.0669,22.7911,70.8792,24.098525,10
70.575125,-149.7628233,7,24,2008,16,50,57,-7.553101,1.00E+25,1.00E+25,SM,0.0664,22.8575,70.9456,23.906913,10
70.57432,-149.7642517,7,24,2008,16,51,7,-7.07251,1.00E+25,1.00E+25,SM,0.0646,22.9221,71.0102,23.249568,10
70.5735,-149.7656083,7,24,2008,16,51,17,-7.553101,1.00E+25,1.00E+25,SM,0.0647,22.9867,71.0748,23.28035,10
70.57266167,-149.76697,7,24,2008,16,51,27,-7.07251,1.00E+25,1.00E+25,SM,0.0658,23.0526,71.1407,23.700747,10
70.57182,-149.76844,7,24,2008,16,51,37,-5.149902,1.00E+25,1.00E+25,SM,0.0673,23.1198,71.2079,24.211535,10
70.57098167,-149.7699133,7,24,2008,16,51,47,-5.149902,1.00E+25,1.00E+25,SM,0.0671,23.1869,71.275,24.15404,10
70.57014833,-149.7713933,7,24,2008,16,51,57,-5.149902,1.00E+25,1.00E+25,SM,0.0669,23.2538,71.3419,24.07502,10
70.56932833,-149.7728983,7,24,2008,16,52,7,-5.630493,1.00E+25,1.00E+25,SM,0.0664,23.3202,71.4083,23.897476,10
70.56853167,-149.7745317,7,24,2008,16,52,17,-8.514648,1.00E+25,1.00E+25,SM,0.0666,23.3868,71.4749,23.986253,10
70.56775833,-149.776245,7,24,2008,16,52,27,-8.995239,1.00E+25,1.00E+25,SM,0.0664,23.4532,71.5413,23.896092,10
70.56694333,-149.7777133,7,24,2008,16,52,37,-7.553101,1.00E+25,1.00E+25,SM,0.0657,23.5188,71.6069,23.634763,10
70.56602167,-149.778385,7,24,2008,16,52,47,-7.07251,1.00E+25,1.00E+25,SM,0.0655,23.5844,71.6724,23.589431,10
70.565075,-149.7789933,7,24,2008,16,52,57,-5.149902,1.00E+25,1.00E+25,SM,0.0669,23.6512,71.7393,24.079239,10
70.564145,-149.7797567,7,24,2008,16,53,7,-5.149902,1.00E+25,1.00E+25,SM,0.0666,23.7179,71.8059,23.97967,10
70.56324333,-149.78072,7,24,2008,16,53,17,-3.227295,1.00E+25,1.00E+25,SM,0.0661,23.784,71.8721,23.802886,10
70.56233833,-149.781645,7,24,2008,16,53,27,-3.227295,1.00E+25,1.00E+25,SM,0.066,23.85,71.9381,23.777081,10
70.56139333,-149.7811833,7,24,2008,16,53,37,0.137451,1.00E+25,1.00E+25,SM,0.0662,23.9162,72.0043,23.814184,10
70.56048,-149.779945,7,24,2008,16,53,47,3.982666,1.00E+25,1.00E+25,SM,0.0692,23.9854,72.0735,24.923588,10
70.559625,-149.7782133,7,24,2008,16,53,57,4.463257,1.00E+25,1.00E+25,SM,0.0712,24.0566,72.1447,25.647362,10
70.55884667,-149.77622,7,24,2008,16,54,7,5.905273,1.00E+25,1.00E+25,SM,0.0707,24.1273,72.2154,25.438814,10
70.55814333,-149.7740133,7,24,2008,16,54,17,4.943848,1.00E+25,1.00E+25,SM,0.0703,24.1976,72.2857,25.294558,10
70.557425,-149.7718417,7,24,2008,16,54,27,3.02124,1.00E+25,1.00E+25,SM,0.0704,24.268,72.3561,25.348126,10
70.556635,-149.7698483,7,24,2008,16,54,37,3.02124,1.00E+25,1.00E+25,SM,0.0713,24.3393,72.4274,25.66151,10
70.55574333,-149.76837,7,24,2008,16,54,47,-0.343384,1.00E+25,1.00E+25,SM,0.0704,24.4096,72.4977,25.332554,10
70.55478667,-149.7676383,7,24,2008,16,54,57,2.060059,1.00E+25,1.00E+25,SM,0.0682,24.4778,72.5659,24.554894,10
70.553795,-149.767325,7,24,2008,16,55,7,3.501953,1.00E+25,1.00E+25,SM,0.0689,24.5467,72.6348,24.802417,10
70.55284,-149.7677417,7,24,2008,16,55,17,2.540649,1.00E+25,1.00E+25,SM,0.0667,24.6134,72.7015,24.003592,10
70.552045,-149.7692933,7,24,2008,16,55,27,5.424561,1.00E+25,1.00E+25,SM,0.0655,24.6789,72.767,23.583003,10
70.55147667,-149.7718533,7,24,2008,16,55,37,5.905273,1.00E+25,1.00E+25,SM,0.0708,24.7497,72.8378,25.482149,10
70.55087667,-149.7742967,7,24,2008,16,55,47,5.424561,1.00E+25,1.00E+25,SM,0.0698,24.8195,72.9076,25.143929,10
70.55010167,-149.7761167,7,24,2008,16,55,57,1.579346,1.00E+25,1.00E+25,SM,0.068,24.8875,72.9756,24.47089,10
70.54922333,-149.7775683,7,24,2008,16,56,7,-6.591919,1.00E+25,1.00E+25,SM,0.0693,24.9568,73.0449,24.937394,10
70.548385,-149.77922,7,24,2008,16,56,17,-6.111206,1.00E+25,1.00E+25,SM,0.0693,25.0261,73.1142,24.939625,10
70.54774167,-149.7815383,7,24,2008,16,56,27,-4.188599,1.00E+25,1.00E+25,SM,0.0694,25.0955,73.1836,24.996761,10
70.547295,-149.7843533,7,24,2008,16,56,37,-5.149902,1.00E+25,1.00E+25,SM,0.0717,25.1673,73.2553,25.829686,10
70.546915,-149.7873017,7,24,2008,16,56,47,-4.669312,1.00E+25,1.00E+25,SM,0.0727,25.24,73.3281,26.188323,10
70.546685,-149.7903167,7,24,2008,16,56,57,0.137451,1.00E+25,1.00E+25,SM,0.0712,25.3112,73.3993,25.622578,10
70.54669167,-149.7933633,7,24,2008,16,57,7,1.098633,1.00E+25,1.00E+25,SM,0.0701,25.3813,73.4694,25.238743,10
70.54662167,-149.79643,7,24,2008,16,57,17,3.501953,1.00E+25,1.00E+25,SM,0.0707,25.452,73.5401,25.463513,10
70.546185,-149.79916,7,24,2008,16,57,27,3.02124,1.00E+25,1.00E+25,SM,0.0697,25.5217,73.6098,25.088304,10
70.54532333,-149.8002283,7,24,2008,16,57,37,4.463257,1.00E+25,1.00E+25,SM,0.0644,25.5861,73.6742,23.188182,10
70.54432667,-149.80014,7,24,2008,16,57,47,3.982666,1.00E+25,1.00E+25,SM,0.0689,25.655,73.7431,24.801496,10
70.54330167,-149.8002167,7,24,2008,16,57,57,2.540649,1.00E+25,1.00E+25,SM,0.0708,25.7259,73.8139,25.50336,10
70.54239167,-149.801365,7,24,2008,16,58,7,2.060059,1.00E+25,1.00E+25,SM,0.0682,25.7941,73.8821,24.553356,10
70.54195,-149.803995,7,24,2008,16,58,17,4.463257,1.00E+25,1.00E+25,SM,0.0678,25.8618,73.9499,24.404015,10
70.54163667,-149.80686,7,24,2008,16,58,27,6.866455,1.00E+25,1.00E+25,SM,0.0694,25.9312,74.0193,24.985676,10
70.54138333,-149.8098,7,24,2008,16,58,37,5.424561,1.00E+25,1.00E+25,SM,0.0699,26.0011,74.0892,25.16259,10
70.54098167,-149.8125517,7,24,2008,16,58,47,5.424561,1.00E+25,1.00E+25,SM,0.0691,26.0703,74.1584,24.893534,10
70.54038,-149.8149983,7,24,2008,16,58,57,3.982666,1.00E+25,1.00E+25,SM,0.07,26.1403,74.2284,25.199216,10
70.53961,-149.8169583,7,24,2008,16,59,7,6.385864,1.00E+25,1.00E+25,SM,0.0698,26.21,74.2981,25.112146,10
70.53879333,-149.8188083,7,24,2008,16,59,17,5.424561,1.00E+25,1.00E+25,SM,0.0707,26.2807,74.3688,25.449373,10
70.53801,-149.820795,7,24,2008,16,59,27,4.463257,1.00E+25,1.00E+25,SM,0.0709,26.3516,74.4397,25.508887,10
70.53727333,-149.82294,7,24,2008,16,59,37,2.540649,1.00E+25,1.00E+25,SM,0.0709,26.4225,74.5106,25.52977,10
70.53659333,-149.8252067,7,24,2008,16,59,47,-0.343384,1.00E+25,1.00E+25,SM,0.0702,26.4927,74.5808,25.278302,10
70.5359,-149.8274583,7,24,2008,16,59,57,1.098633,1.00E+25,1.00E+25,SM,0.0706,26.5633,74.6514,25.410427,10
70.53519333,-149.82964,7,24,2008,17,0,7,0.618042,1.00E+25,1.00E+25,SM,0.07,26.6334,74.7215,25.217922,10
70.53449,-149.8317933,7,24,2008,17,0,17,1.098633,1.00E+25,1.00E+25,SM,0.0694,26.7028,74.7909,24.9924,10
70.533795,-149.834,7,24,2008,17,0,27,1.098633,1.00E+25,1.00E+25,SM,0.0699,26.7727,74.8608,25.167625,10
70.533085,-149.8361717,7,24,2008,17,0,37,-2.265991,1.00E+25,1.00E+25,SM,0.07,26.8427,74.9308,25.21789,10
70.53236833,-149.8383283,7,24,2008,17,0,47,-1.785278,1.00E+25,1.00E+25,SM,0.0701,26.9129,75.001,25.246541,10
70.53166167,-149.8404717,7,24,2008,17,0,57,0.618042,1.00E+25,1.00E+25,SM,0.0694,26.9823,75.0704,24.993281,10
70.53095,-149.8426117,7,24,2008,17,1,7,-1.785278,1.00E+25,1.00E+25,SM,0.0696,27.0519,75.14,25.061774,10
70.53024667,-149.844695,7,24,2008,17,1,17,-1.785278,1.00E+25,1.00E+25,SM,0.0683,27.1202,75.2083,24.583939,10
70.52953833,-149.8468,7,24,2008,17,1,27,-2.265991,1.00E+25,1.00E+25,SM,0.0689,27.1891,75.2772,24.799102,10
70.52881333,-149.848865,7,24,2008,17,1,37,-4.669312,1.00E+25,1.00E+25,SM,0.0691,27.2582,75.3463,24.86626,10
70.52810667,-149.8509233,7,24,2008,17,1,47,-4.188599,1.00E+25,1.00E+25,SM,0.0681,27.3262,75.4143,24.499445,10
70.527415,-149.8530117,7,24,2008,17,1,57,-3.227295,1.00E+25,1.00E+25,SM,0.0678,27.394,75.4821,24.409391,10
70.52673,-149.8551167,7,24,2008,17,2,7,-0.343384,1.00E+25,1.00E+25,SM,0.0678,27.4618,75.5499,24.39192,10
70.52602833,-149.8572083,7,24,2008,17,2,17,-0.343384,1.00E+25,1.00E+25,SM,0.0683,27.5301,75.6182,24.605646,10
70.52532,-149.859245,7,24,2008,17,2,27,0.618042,1.00E+25,1.00E+25,SM,0.0678,27.5979,75.686,24.406164,10
70.52465333,-149.861405,7,24,2008,17,2,37,3.501953,1.00E+25,1.00E+25,SM,0.0678,27.6657,75.7538,24.409599,10
70.524015,-149.86361,7,24,2008,17,2,47,8.308594,1.00E+25,1.00E+25,SM,0.0673,27.733,75.8211,24.217387,10
70.523385,-149.8658683,7,24,2008,17,2,57,10.711792,1.00E+25,1.00E+25,SM,0.0678,27.8008,75.8889,24.419989,10
70.522725,-149.868045,7,24,2008,17,3,7,11.192505,1.00E+25,1.00E+25,SM,0.0678,27.8686,75.9567,24.400597,10
70.52199833,-149.8700533,7,24,2008,17,3,17,8.789185,1.00E+25,1.00E+25,SM,0.0683,27.9369,76.025,24.579409,10
70.52123333,-149.87191,7,24,2008,17,3,27,5.424561,1.00E+25,1.00E+25,SM,0.068,28.0049,76.093,24.47896,10
70.520475,-149.8738183,7,24,2008,17,3,37,3.501953,1.00E+25,1.00E+25,SM,0.0684,28.0733,76.1614,24.623911,10
70.51967667,-149.8755,7,24,2008,17,3,47,3.501953,1.00E+25,1.00E+25,SM,0.0674,28.1407,76.2288,24.267118,10
70.51891333,-149.877325,7,24,2008,17,3,57,2.540649,1.00E+25,1.00E+25,SM,0.0675,28.2081,76.2962,24.28324,10
70.51821333,-149.879405,7,24,2008,17,4,7,3.02124,1.00E+25,1.00E+25,SM,0.0681,28.2762,76.3643,24.512762,10
70.51745667,-149.8812667,7,24,2008,17,4,17,4.463257,1.00E+25,1.00E+25,SM,0.0676,28.3439,76.432,24.346293,10
70.51655833,-149.8825717,7,24,2008,17,4,27,1.579346,1.00E+25,1.00E+25,SM,0.069,28.4128,76.5009,24.829391,10
70.51557667,-149.8831067,7,24,2008,17,4,37,-0.343384,1.00E+25,1.00E+25,SM,0.0689,28.4818,76.5699,24.817731,10
70.51461,-149.8836767,7,24,2008,17,4,47,-0.824097,1.00E+25,1.00E+25,SM,0.0681,28.5498,76.6379,24.505154,10
70.51363833,-149.8846683,7,24,2008,17,4,57,-3.707886,1.00E+25,1.00E+25,SM,0.0709,28.6208,76.7089,25.531051,10
70.51265333,-149.8852933,7,24,2008,17,5,7,-5.630493,1.00E+25,1.00E+25,SM,0.0696,28.6903,76.7784,25.043349,10
70.511755,-149.886525,7,24,2008,17,5,17,-6.111206,1.00E+25,1.00E+25,SM,0.0683,28.7586,76.8467,24.57123,10
70.51086167,-149.88597,7,24,2008,17,5,27,-6.111206,1.00E+25,1.00E+25,SM,0.063,28.8216,76.9097,22.6927,10
70.510385,-149.883345,7,24,2008,17,5,37,-10.917847,1.00E+25,1.00E+25,SM,0.0689,28.8905,76.9786,24.801483,10
70.50995167,-149.8804767,7,24,2008,17,5,47,-13.801758,1.00E+25,1.00E+25,SM,0.0726,28.9631,77.0512,26.130393,10
70.509555,-149.8781633,7,24,2008,17,5,57,-10.437256,1.00E+25,1.00E+25,SM,0.06,29.0231,77.1111,21.58528,10
70.50941667,-149.8773483,7,24,2008,17,6,1,-11.398438,1.00E+25,1.00E+25,SM,0.0211,29.0441,77.1322,18.971685,4
