70.49476,-150.2546817,7,24,2008,21,7,22,-18.472747,1.00E+25,1.00E+25,SM,0.0315,0,97.2242,4.726391,24
70.49475167,-150.25475,7,24,2008,21,7,32,-18.472747,1.00E+25,1.00E+25,SM,0.0017,0.0017,97.2259,0.604186,10
70.494915,-150.2555533,7,24,2008,21,7,50,-18.472747,1.00E+25,1.00E+25,SM,0.0217,0.0234,97.2476,4.339662,18
70.495255,-150.2554033,7,24,2008,21,8,29,-13.742123,1.00E+25,1.00E+25,SM,0.0237,0.0471,97.2714,2.191868,39
70.49565333,-150.2554133,7,24,2008,21,8,49,-12.16498,1.00E+25,1.00E+25,SM,0.0275,0.0746,97.2989,4.954168,20
70.496005,-150.255435,7,24,2008,21,9,6,-12.16498,1.00E+25,1.00E+25,SM,0.0243,0.0989,97.3232,5.146511,17
70.497005,-150.2543033,7,24,2008,21,9,56,-9.011496,1.00E+25,1.00E+25,SM,0.0739,0.1728,97.3971,5.317953,50
70.49722,-150.2538317,7,24,2008,21,10,9,-7.434354,1.00E+25,1.00E+25,SM,0.0184,0.1912,97.4155,5.099051,13
70.49746833,-150.252815,7,24,2008,21,10,27,-4.280472,1.00E+25,1.00E+25,SM,0.0291,0.2203,97.4445,5.811598,18
70.49786667,-150.2514117,7,24,2008,21,10,53,-23.203772,1.00E+25,1.00E+25,SM,0.0425,0.2628,97.487,5.883045,26
70.49826167,-150.2501467,7,24,2008,21,11,17,-24.780515,1.00E+25,1.00E+25,SM,0.04,0.3027,97.527,5.992934,24
70.498565,-150.249575,7,24,2008,21,11,30,-15.319265,1.00E+25,1.00E+25,SM,0.0248,0.3275,97.5517,6.856953,13
70.49901667,-150.2494417,7,24,2008,21,11,44,-21.627031,1.00E+25,1.00E+25,SM,0.0314,0.3588,97.5831,8.063571,14
70.49954833,-150.2493183,7,24,2008,21,11,53,-24.780515,1.00E+25,1.00E+25,SM,0.0368,0.3957,97.6199,14.737845,9
70.500845,-150.2485967,7,24,2008,21,12,12,-29.51194,1.00E+25,1.00E+25,SM,0.0911,0.4868,97.7111,17.265604,19
70.50209167,-150.2484617,7,24,2008,21,12,30,-32.665823,1.00E+25,1.00E+25,SM,0.0862,0.573,97.7973,17.238527,18
70.50258333,-150.2484967,7,24,2008,21,12,40,-35.819707,1.00E+25,1.00E+25,SM,0.034,0.607,97.8312,12.232976,10
70.502945,-150.2481817,7,24,2008,21,12,57,-35.819707,1.00E+25,1.00E+25,SM,0.026,0.633,97.8573,5.51079,17
70.503395,-150.2479117,7,24,2008,21,13,17,-32.665823,1.00E+25,1.00E+25,SM,0.0317,0.6647,97.889,5.707673,20
70.50405,-150.2473617,7,24,2008,21,13,45,-32.665823,1.00E+25,1.00E+25,SM,0.047,0.7117,97.936,6.042819,28
70.504575,-150.2470533,7,24,2008,21,13,55,-32.665823,1.00E+25,1.00E+25,SM,0.037,0.7487,97.9729,13.30712,10
70.50555,-150.24689,7,24,2008,21,14,8,-32.665823,1.00E+25,1.00E+25,SM,0.0675,0.8162,98.0404,18.684337,13
70.50631833,-150.247545,7,24,2008,21,14,18,-27.935198,1.00E+25,1.00E+25,SM,0.0552,0.8713,98.0956,19.869532,10
70.50757167,-150.24898,7,24,2008,21,14,36,-26.358056,1.00E+25,1.00E+25,SM,0.0927,0.964,98.1883,18.540418,18
70.509295,-150.25028,7,24,2008,21,15,0,-24.780515,1.00E+25,1.00E+25,SM,0.1228,1.0868,98.3111,18.417721,24
70.51161667,-150.25164,7,24,2008,21,15,32,-21.627031,1.00E+25,1.00E+25,SM,0.1634,1.2503,98.4745,18.387743,32
70.51292667,-150.25234,7,24,2008,21,15,49,-20.049889,1.00E+25,1.00E+25,SM,0.0919,1.3422,98.5665,19.469472,17
70.514545,-150.2532033,7,24,2008,21,16,9,-20.049889,1.00E+25,1.00E+25,SM,0.1136,1.4558,98.68,20.443102,20
70.51662,-150.2534083,7,24,2008,21,16,35,-26.358056,1.00E+25,1.00E+25,SM,0.1434,1.5992,98.8235,19.861828,26
70.518205,-150.2538033,7,24,2008,21,16,55,-35.819707,1.00E+25,1.00E+25,SM,0.1099,1.7091,98.9334,19.780308,20
70.51981333,-150.2541133,7,24,2008,21,17,15,-29.51194,1.00E+25,1.00E+25,SM,0.1114,1.8205,99.0447,20.043808,20
70.52142333,-150.2543883,7,24,2008,21,17,35,-27.935198,1.00E+25,1.00E+25,SM,0.1114,1.9319,99.1562,20.055709,20
70.52294167,-150.2549867,7,24,2008,21,17,54,-23.203772,1.00E+25,1.00E+25,SM,0.1058,2.0377,99.262,20.047933,19
70.52438833,-150.2549033,7,24,2008,21,18,12,-27.935198,1.00E+25,1.00E+25,SM,0.1,2.1377,99.3619,19.994698,18
70.52560667,-150.255165,7,24,2008,21,18,27,-20.049889,1.00E+25,1.00E+25,SM,0.0844,2.2221,99.4463,20.254624,15
70.52681167,-150.2558233,7,24,2008,21,18,42,-7.434354,1.00E+25,1.00E+25,SM,0.0846,2.3067,99.531,20.310523,15
70.52865333,-150.2562333,7,24,2008,21,19,5,-1.126588,1.00E+25,1.00E+25,SM,0.1276,2.4343,99.6586,19.971681,23
70.52983167,-150.2557067,7,24,2008,21,19,20,-9.011496,1.00E+25,1.00E+25,SM,0.0823,2.5166,99.7409,19.755261,15
70.53126333,-150.2556033,7,24,2008,21,19,38,-13.742123,1.00E+25,1.00E+25,SM,0.0989,2.6156,99.8398,19.789455,18
70.53309167,-150.2550867,7,24,2008,21,20,1,-23.203772,1.00E+25,1.00E+25,SM,0.1269,2.7424,99.9667,19.860214,23
70.53455,-150.2550483,7,24,2008,21,20,19,-10.588238,1.00E+25,1.00E+25,SM,0.1008,2.8432,100.0675,20.153002,18
70.53580167,-150.2543283,7,24,2008,21,20,35,-12.16498,1.00E+25,1.00E+25,SM,0.0881,2.9313,100.1555,19.812669,16
70.53730333,-150.2536917,7,24,2008,21,20,54,-20.049889,1.00E+25,1.00E+25,SM,0.1048,3.0361,100.2603,19.854078,19
70.53897833,-150.2536283,7,24,2008,21,21,15,-21.627031,1.00E+25,1.00E+25,SM,0.1157,3.1518,100.376,19.841238,21
70.54049,-150.252995,7,24,2008,21,21,34,-23.203772,1.00E+25,1.00E+25,SM,0.1055,3.2573,100.4815,19.981638,19
70.54153333,-150.253075,7,24,2008,21,21,47,-29.51194,1.00E+25,1.00E+25,SM,0.0721,3.3294,100.5536,19.969177,13
70.54361833,-150.25309,7,24,2008,21,22,13,-21.627031,1.00E+25,1.00E+25,SM,0.1441,3.4734,100.6977,19.946778,26
70.54496333,-150.2524267,7,24,2008,21,22,30,-21.627031,1.00E+25,1.00E+25,SM,0.0942,3.5676,100.7918,19.943164,17
70.54664167,-150.2521283,7,24,2008,21,22,51,-31.088681,1.00E+25,1.00E+25,SM,0.1162,3.6838,100.908,19.913953,21
70.54848167,-150.2517317,7,24,2008,21,23,14,-38.973591,1.00E+25,1.00E+25,SM,0.1275,3.8112,101.0355,19.950103,23
70.55082833,-150.2517567,7,24,2008,21,23,43,-31.088681,1.00E+25,1.00E+25,SM,0.1621,3.9734,101.1976,20.127736,29
70.55218,-150.2513233,7,24,2008,21,24,0,-34.242965,1.00E+25,1.00E+25,SM,0.0939,4.0673,101.2915,19.889311,17
70.55364333,-150.2498717,7,24,2008,21,24,19,-23.203772,1.00E+25,1.00E+25,SM,0.1065,4.1738,101.398,20.174886,19
70.555065,-150.2488017,7,24,2008,21,24,37,-20.049889,1.00E+25,1.00E+25,SM,0.1013,4.275,101.4993,20.252847,18
70.556435,-150.2485167,7,24,2008,21,24,54,-27.935198,1.00E+25,1.00E+25,SM,0.0949,4.3699,101.5942,20.09321,17
70.55755167,-150.2478967,7,24,2008,21,25,8,-27.935198,1.00E+25,1.00E+25,SM,0.0785,4.4484,101.6726,20.175653,14
70.55907333,-150.2472483,7,24,2008,21,25,27,-27.935198,1.00E+25,1.00E+25,SM,0.1062,4.5546,101.7788,20.120028,19
70.56075167,-150.2465767,7,24,2008,21,25,48,-31.088681,1.00E+25,1.00E+25,SM,0.117,4.6715,101.8958,20.054706,21
70.56262167,-150.2459467,7,24,2008,21,26,11,-24.780515,1.00E+25,1.00E+25,SM,0.13,4.8016,102.0258,20.350034,23
70.563755,-150.2461517,7,24,2008,21,26,25,-29.51194,1.00E+25,1.00E+25,SM,0.0784,4.88,102.1043,20.172222,14
70.56403,-150.246195,7,24,2008,21,26,29,-26.358056,1.00E+25,1.00E+25,SM,0.019,4.899,102.1233,17.124098,4
70.56427833,-150.2459483,7,24,2008,21,26,34,-24.780515,1.00E+25,1.00E+25,SM,0.0181,4.9171,102.1414,13.011189,5
70.56455333,-150.24552,7,24,2008,21,26,43,-20.049889,1.00E+25,1.00E+25,SM,0.0214,4.9385,102.1628,8.560389,9
70.56512,-150.2448917,7,24,2008,21,27,3,-18.472747,1.00E+25,1.00E+25,SM,0.0417,4.9802,102.2045,7.511892,20
70.565495,-150.2445717,7,24,2008,21,27,15,-23.203772,1.00E+25,1.00E+25,SM,0.0269,5.0072,102.2314,8.080249,12
70.56593167,-150.2449333,7,24,2008,21,27,24,-26.358056,1.00E+25,1.00E+25,SM,0.0313,5.0385,102.2627,12.518175,9
70.566645,-150.2450733,7,24,2008,21,27,33,-29.51194,1.00E+25,1.00E+25,SM,0.0494,5.0879,102.3121,19.756625,9
70.567775,-150.24484,7,24,2008,21,27,47,-42.127474,1.00E+25,1.00E+25,SM,0.0783,5.1661,102.3904,20.123876,14
70.56867667,-150.2445417,7,24,2008,21,28,0,-34.242965,1.00E+25,1.00E+25,SM,0.0627,5.2288,102.453,17.356282,13
70.56976167,-150.2443983,7,24,2008,21,28,17,-34.242965,1.00E+25,1.00E+25,SM,0.075,5.3038,102.5281,15.890538,17
70.570775,-150.243635,7,24,2008,21,28,34,-29.51194,1.00E+25,1.00E+25,SM,0.0722,5.376,102.6003,15.285027,17
70.57131167,-150.2432717,7,24,2008,21,28,46,-27.935198,1.00E+25,1.00E+25,SM,0.038,5.414,102.6383,11.402625,12
70.57196,-150.2430283,7,24,2008,21,29,6,-26.358056,1.00E+25,1.00E+25,SM,0.0451,5.4592,102.6834,8.125787,20
70.57265833,-150.2430183,7,24,2008,21,29,27,-34.242965,1.00E+25,1.00E+25,SM,0.0483,5.5074,102.7317,8.271556,21
70.57338833,-150.2432583,7,24,2008,21,29,46,-37.396452,1.00E+25,1.00E+25,SM,0.0507,5.5582,102.7824,9.613669,19
70.57419833,-150.2429967,7,24,2008,21,30,6,-27.935198,1.00E+25,1.00E+25,SM,0.0563,5.6144,102.8387,10.13179,20
70.5748,-150.2430933,7,24,2008,21,30,21,-23.203772,1.00E+25,1.00E+25,SM,0.0416,5.6561,102.8803,9.991314,15
70.57525833,-150.2431017,7,24,2008,21,30,34,-23.203772,1.00E+25,1.00E+25,SM,0.0317,5.6877,102.912,8.769702,13
70.57557333,-150.242935,7,24,2008,21,30,47,-16.896004,1.00E+25,1.00E+25,SM,0.0221,5.7098,102.9341,6.119661,13
70.57587833,-150.2426817,7,24,2008,21,31,6,-27.935198,1.00E+25,1.00E+25,SM,0.0219,5.7317,102.956,4.142398,19
70.576135,-150.2426567,7,24,2008,21,31,19,-27.935198,1.00E+25,1.00E+25,SM,0.0177,5.7494,102.9737,4.913519,13
70.57662333,-150.2425183,7,24,2008,21,31,39,-26.358056,1.00E+25,1.00E+25,SM,0.0339,5.7833,103.0076,6.100195,20
70.57721833,-150.2423233,7,24,2008,21,32,3,-31.088681,1.00E+25,1.00E+25,SM,0.0414,5.8247,103.0489,6.203096,24
70.57776,-150.2422717,7,24,2008,21,32,22,-35.819707,1.00E+25,1.00E+25,SM,0.0374,5.8621,103.0864,7.094727,19
70.57835667,-150.2421467,7,24,2008,21,32,41,-31.088681,1.00E+25,1.00E+25,SM,0.0413,5.9035,103.1277,7.830116,19
70.57881833,-150.2421533,7,24,2008,21,32,57,-35.819707,1.00E+25,1.00E+25,SM,0.0319,5.9354,103.1596,7.177155,16
70.57927167,-150.2422617,7,24,2008,21,33,13,-34.242965,1.00E+25,1.00E+25,SM,0.0314,5.9668,103.191,7.069736,16
70.57964,-150.2421683,7,24,2008,21,33,29,-35.819707,1.00E+25,1.00E+25,SM,0.0255,5.9923,103.2166,5.7464,16
70.58003667,-150.2422933,7,24,2008,21,33,46,-46.8585,1.00E+25,1.00E+25,SM,0.0276,6.0199,103.2441,5.835613,17
70.580445,-150.2422983,7,24,2008,21,34,0,-31.088681,1.00E+25,1.00E+25,SM,0.0282,6.0481,103.2723,7.254863,14
70.58080667,-150.24255,7,24,2008,21,34,15,-43.704216,1.00E+25,1.00E+25,SM,0.0256,6.0737,103.298,6.155717,15
70.58117,-150.24253,7,24,2008,21,34,38,-32.665823,1.00E+25,1.00E+25,SM,0.0251,6.0988,103.3231,3.929967,23
70.58121333,-150.2422917,7,24,2008,21,35,0,-26.358056,1.00E+25,1.00E+25,SM,0.0062,6.1051,103.3293,1.021104,22
70.58121,-150.2422133,7,24,2008,21,35,14,-37.396452,1.00E+25,1.00E+25,SM,0.0018,6.1069,103.3312,0.466486,14
70.581155,-150.242065,7,24,2008,21,35,28,-29.51194,1.00E+25,1.00E+25,SM,0.0051,6.112,103.3363,1.312479,14
70.58112333,-150.24195,7,24,2008,21,35,32,-27.935198,1.00E+25,1.00E+25,SM,0.0034,6.1154,103.3397,3.087131,4
70.58098833,-150.2413667,7,24,2008,21,35,48,-21.627031,1.00E+25,1.00E+25,SM,0.0163,6.1318,103.356,3.673555,16
70.58074,-150.2408533,7,24,2008,21,36,5,-16.896004,1.00E+25,1.00E+25,SM,0.0208,6.1526,103.3768,4.408879,17
70.58067333,-150.2402133,7,24,2008,21,36,15,-13.742123,1.00E+25,1.00E+25,SM,0.0154,6.168,103.3922,5.546452,10
70.58075667,-150.2395267,7,24,2008,21,36,24,-13.742123,1.00E+25,1.00E+25,SM,0.0168,6.1848,103.409,6.716854,9
70.580805,-150.2383783,7,24,2008,21,36,33,-4.280472,1.00E+25,1.00E+25,SM,0.0266,6.2114,103.4356,10.636016,9
70.58086667,-150.2363917,7,24,2008,21,36,43,-10.588238,1.00E+25,1.00E+25,SM,0.0458,6.2572,103.4815,16.500967,10
70.58112167,-150.2322967,7,24,2008,21,37,2,-16.896004,1.00E+25,1.00E+25,SM,0.0957,6.3529,103.5772,18.133586,19
70.58128167,-150.22907,7,24,2008,21,37,17,-10.588238,1.00E+25,1.00E+25,SM,0.0749,6.4279,103.6521,17.985904,15
70.58124833,-150.2264633,7,24,2008,21,37,29,-2.70373,1.00E+25,1.00E+25,SM,0.0599,6.4878,103.712,17.976946,12
70.581425,-150.223395,7,24,2008,21,37,43,-1.126588,1.00E+25,1.00E+25,SM,0.0715,6.5593,103.7836,18.394183,14
70.58161,-150.2210667,7,24,2008,21,37,54,2.027697,1.00E+25,1.00E+25,SM,0.055,6.6143,103.8386,17.996957,11
70.58177667,-150.2180017,7,24,2008,21,38,8,-9.011496,1.00E+25,1.00E+25,SM,0.0713,6.6856,103.9099,18.344953,14
70.58196167,-150.214725,7,24,2008,21,38,22,-4.280472,1.00E+25,1.00E+25,SM,0.0763,6.762,103.9862,19.631609,14
70.582175,-150.2113883,7,24,2008,21,38,36,-9.011496,1.00E+25,1.00E+25,SM,0.078,6.84,104.0643,20.06986,14
70.58231333,-150.207475,7,24,2008,21,38,52,-16.896004,1.00E+25,1.00E+25,SM,0.0904,6.9304,104.1547,20.339379,16
70.58249167,-150.2045367,7,24,2008,21,39,4,-23.203772,1.00E+25,1.00E+25,SM,0.0686,6.999,104.2233,20.58283,12
70.582625,-150.2018567,7,24,2008,21,39,15,-29.51194,1.00E+25,1.00E+25,SM,0.0622,7.0613,104.2855,20.371097,11
70.58279667,-150.198485,7,24,2008,21,39,29,-32.665823,1.00E+25,1.00E+25,SM,0.0783,7.1396,104.3639,20.14701,14
70.58280667,-150.1947817,7,24,2008,21,39,44,-26.358056,1.00E+25,1.00E+25,SM,0.0851,7.2247,104.449,20.416133,15
70.582815,-150.19131,7,24,2008,21,39,58,-18.472747,1.00E+25,1.00E+25,SM,0.0797,7.3045,104.5287,20.505895,14
70.58313,-150.1879467,7,24,2008,21,40,12,-21.627031,1.00E+25,1.00E+25,SM,0.0803,7.3847,104.609,20.638626,14
70.58360667,-150.182945,7,24,2008,21,40,33,-29.51194,1.00E+25,1.00E+25,SM,0.1195,7.5042,104.7285,20.487615,21
70.58380667,-150.179015,7,24,2008,21,40,49,-27.935198,1.00E+25,1.00E+25,SM,0.0913,7.5955,104.8198,20.546648,16
70.583965,-150.1737817,7,24,2008,21,41,10,-27.935198,1.00E+25,1.00E+25,SM,0.1207,7.7162,104.9405,20.691151,21
70.58412167,-150.16935,7,24,2008,21,41,28,-23.203772,1.00E+25,1.00E+25,SM,0.1024,7.8186,105.0429,20.47234,18
70.58416833,-150.1666283,7,24,2008,21,41,39,-18.472747,1.00E+25,1.00E+25,SM,0.0626,7.8812,105.1054,20.485564,11
70.58422,-150.1629,7,24,2008,21,41,54,-12.16498,1.00E+25,1.00E+25,SM,0.0857,7.9669,105.1912,20.569711,15
70.584395,-150.1589067,7,24,2008,21,42,10,-18.472747,1.00E+25,1.00E+25,SM,0.0925,8.0594,105.2837,20.81528,16
70.58473167,-150.1540083,7,24,2008,21,42,30,-21.627031,1.00E+25,1.00E+25,SM,0.1149,8.1743,105.3985,20.67894,20
70.58478,-150.1500083,7,24,2008,21,42,46,-15.319265,1.00E+25,1.00E+25,SM,0.0919,8.2662,105.4905,20.684372,16
70.58501167,-150.145055,7,24,2008,21,43,6,-10.588238,1.00E+25,1.00E+25,SM,0.1149,8.3811,105.6054,20.679349,20
70.585135,-150.140855,7,24,2008,21,43,23,-9.011496,1.00E+25,1.00E+25,SM,0.0968,8.478,105.7022,20.506767,17
70.58527167,-150.13641,7,24,2008,21,43,41,-18.472747,1.00E+25,1.00E+25,SM,0.1025,8.5805,105.8047,20.504781,18
70.58553,-150.1318967,7,24,2008,21,43,59,-12.16498,1.00E+25,1.00E+25,SM,0.1052,8.6857,105.9099,21.036411,18
70.58569167,-150.1287217,7,24,2008,21,44,12,-13.742123,1.00E+25,1.00E+25,SM,0.0738,8.7594,105.9837,20.428396,13
70.58575667,-150.1243283,7,24,2008,21,44,30,-9.011496,1.00E+25,1.00E+25,SM,0.101,8.8604,106.0847,20.199759,18
70.58593833,-150.12015,7,24,2008,21,44,47,-9.011496,1.00E+25,1.00E+25,SM,0.0968,8.9572,106.1815,20.49416,17
70.58604667,-150.1157483,7,24,2008,21,45,5,-7.434354,1.00E+25,1.00E+25,SM,0.1014,9.0586,106.2828,20.273136,18
70.58616833,-150.1113483,7,24,2008,21,45,23,-10.588238,1.00E+25,1.00E+25,SM,0.1014,9.16,106.3842,20.279829,18
70.58622667,-150.1101,7,24,2008,21,45,31,-13.742123,1.00E+25,1.00E+25,SM,0.029,9.1889,106.4132,13.027919,8
70.58625667,-150.1088867,7,24,2008,21,45,44,-16.896004,1.00E+25,1.00E+25,SM,0.0279,9.2169,106.4411,7.737821,13
70.58621667,-150.1071867,7,24,2008,21,46,2,-15.319265,1.00E+25,1.00E+25,SM,0.0391,9.256,106.4803,7.827906,18
70.586235,-150.1054167,7,24,2008,21,46,21,-15.319265,1.00E+25,1.00E+25,SM,0.0407,9.2967,106.5209,7.705741,19
70.58630167,-150.1044933,7,24,2008,21,46,35,-21.627031,1.00E+25,1.00E+25,SM,0.0217,9.3184,106.5426,5.579887,14
70.58639833,-150.103555,7,24,2008,21,46,51,-24.780515,1.00E+25,1.00E+25,SM,0.0226,9.3409,106.5652,5.07617,16
70.5867,-150.10263,7,24,2008,21,47,7,-24.780515,1.00E+25,1.00E+25,SM,0.0298,9.3707,106.5949,6.696173,16
70.58702,-150.1020983,7,24,2008,21,47,19,-31.088681,1.00E+25,1.00E+25,SM,0.0253,9.396,106.6202,7.577152,12
70.58733,-150.1016483,7,24,2008,21,47,31,-31.088681,1.00E+25,1.00E+25,SM,0.0238,9.4197,106.644,7.134484,12
70.58751167,-150.1008183,7,24,2008,21,47,48,-24.780515,1.00E+25,1.00E+25,SM,0.0228,9.4426,106.6668,4.83294,17
70.58763,-150.0998933,7,24,2008,21,48,6,-21.627031,1.00E+25,1.00E+25,SM,0.0228,9.4653,106.6896,4.552221,18
70.587705,-150.09894,7,24,2008,21,48,20,-20.049889,1.00E+25,1.00E+25,SM,0.0225,9.4878,106.7121,5.785054,14
70.58763,-150.0978433,7,24,2008,21,48,32,-18.472747,1.00E+25,1.00E+25,SM,0.0257,9.5135,106.7378,7.71349,12
70.587565,-150.0961783,7,24,2008,21,48,44,-16.896004,1.00E+25,1.00E+25,SM,0.0385,9.552,106.7763,11.549491,12
70.587465,-150.0936733,7,24,2008,21,48,54,-16.896004,1.00E+25,1.00E+25,SM,0.0579,9.61,106.8342,20.858073,10
70.58747,-150.0907067,7,24,2008,21,49,6,-15.319265,1.00E+25,1.00E+25,SM,0.0681,9.6781,106.9023,20.438563,12
70.58770667,-150.08704,7,24,2008,21,49,21,-21.627031,1.00E+25,1.00E+25,SM,0.0858,9.7639,106.9881,20.586078,15
70.58800167,-150.08296,7,24,2008,21,49,38,-18.472747,1.00E+25,1.00E+25,SM,0.0959,9.8597,107.084,20.304917,17
70.58791833,-150.0800217,7,24,2008,21,49,50,-20.049889,1.00E+25,1.00E+25,SM,0.0677,9.9275,107.1517,20.316174,12
70.587915,-150.0768167,7,24,2008,21,50,3,-27.935198,1.00E+25,1.00E+25,SM,0.0736,10.0011,107.2253,20.381419,13
70.58810667,-150.0736767,7,24,2008,21,50,16,-16.896004,1.00E+25,1.00E+25,SM,0.0733,10.0744,107.2986,20.301845,13
70.5882,-150.0711967,7,24,2008,21,50,26,-13.742123,1.00E+25,1.00E+25,SM,0.0573,10.1317,107.3559,20.632925,10
70.58852,-150.06867,7,24,2008,21,50,37,-13.742123,1.00E+25,1.00E+25,SM,0.0621,10.1938,107.418,20.320597,11
70.588715,-150.0645233,7,24,2008,21,50,54,-9.011496,1.00E+25,1.00E+25,SM,0.0962,10.29,107.5142,20.365134,17
70.58885833,-150.06087,7,24,2008,21,51,9,-15.319265,1.00E+25,1.00E+25,SM,0.0845,10.3744,107.5987,20.273661,15
70.58898,-150.056705,7,24,2008,21,51,26,-12.16498,1.00E+25,1.00E+25,SM,0.096,10.4704,107.6947,20.331213,17
70.588975,-150.0527833,7,24,2008,21,51,42,-15.319265,1.00E+25,1.00E+25,SM,0.0901,10.5605,107.7847,20.26183,16
70.58895167,-150.0483267,7,24,2008,21,52,0,-16.896004,1.00E+25,1.00E+25,SM,0.1023,10.6628,107.8871,20.469942,18
70.58879833,-150.0441383,7,24,2008,21,52,17,-23.203772,1.00E+25,1.00E+25,SM,0.0968,10.7596,107.9838,20.489831,17
70.58881833,-150.0405133,7,24,2008,21,52,31,-15.319265,1.00E+25,1.00E+25,SM,0.0833,10.8428,108.0671,21.407613,14
70.58889,-150.0359283,7,24,2008,21,52,49,-13.742123,1.00E+25,1.00E+25,SM,0.1054,10.9482,108.1725,21.080168,18
70.58902833,-150.0321383,7,24,2008,21,53,4,-10.588238,1.00E+25,1.00E+25,SM,0.0876,11.0358,108.2601,21.012445,15
70.58918,-150.0282367,7,24,2008,21,53,20,-18.472747,1.00E+25,1.00E+25,SM,0.0902,11.126,108.3503,20.295645,16
70.58925333,-150.0240617,7,24,2008,21,53,37,-16.896004,1.00E+25,1.00E+25,SM,0.096,11.222,108.4463,20.329792,17
70.58934167,-150.0203483,7,24,2008,21,53,52,-16.896004,1.00E+25,1.00E+25,SM,0.0855,11.3075,108.5317,20.516359,15
70.58931167,-150.0176283,7,24,2008,21,54,3,-18.472747,1.00E+25,1.00E+25,SM,0.0625,11.37,108.5942,20.451847,11
70.58928,-150.013655,7,24,2008,21,54,19,-16.896004,1.00E+25,1.00E+25,SM,0.0913,11.4612,108.6855,20.534201,16
70.58920667,-150.00896,7,24,2008,21,54,38,-20.049889,1.00E+25,1.00E+25,SM,0.1079,11.5692,108.7934,20.449382,19
70.58895,-150.0050917,7,24,2008,21,54,54,-16.896004,1.00E+25,1.00E+25,SM,0.0906,11.6598,108.884,20.380447,16
70.58855833,-150.000495,7,24,2008,21,55,13,-15.319265,1.00E+25,1.00E+25,SM,0.109,11.7687,108.993,20.64632,19
70.58837167,-149.9963083,7,24,2008,21,55,30,-15.319265,1.00E+25,1.00E+25,SM,0.097,11.8657,109.09,20.541329,17
70.58812,-149.9931533,7,24,2008,21,55,43,-13.742123,1.00E+25,1.00E+25,SM,0.0745,11.9402,109.1645,20.632791,13
70.58771667,-149.9888517,7,24,2008,21,56,1,-10.588238,1.00E+25,1.00E+25,SM,0.1026,12.0429,109.2671,20.527708,18
70.58753667,-149.9856483,7,24,2008,21,56,14,-12.16498,1.00E+25,1.00E+25,SM,0.0746,12.1175,109.3417,20.660096,13
70.58766667,-149.982655,7,24,2008,21,56,26,-5.857211,1.00E+25,1.00E+25,SM,0.0693,12.1868,109.411,20.797186,12
70.587695,-149.9794583,7,24,2008,21,56,39,-9.011496,1.00E+25,1.00E+25,SM,0.0734,12.2602,109.4845,20.33579,13
70.58747167,-149.9754867,7,24,2008,21,56,55,-12.16498,1.00E+25,1.00E+25,SM,0.0925,12.3527,109.577,20.813058,16
70.58734,-149.9714983,7,24,2008,21,57,11,-12.16498,1.00E+25,1.00E+25,SM,0.092,12.4448,109.669,20.709131,16
70.58734,-149.9669883,7,24,2008,21,57,29,-15.319265,1.00E+25,1.00E+25,SM,0.1036,12.5483,109.7726,20.714004,18
70.58724,-149.9642967,7,24,2008,21,57,40,-16.896004,1.00E+25,1.00E+25,SM,0.0622,12.6105,109.8348,20.355697,11
70.586965,-149.9598383,7,24,2008,21,57,58,-16.896004,1.00E+25,1.00E+25,SM,0.1041,12.7147,109.9389,20.826576,18
70.58669167,-149.95645,7,24,2008,21,58,12,-12.16498,1.00E+25,1.00E+25,SM,0.0801,12.7947,110.019,20.590055,14
70.58646333,-149.9527317,7,24,2008,21,58,27,-10.588238,1.00E+25,1.00E+25,SM,0.0868,12.8816,110.1058,20.841143,15
70.58640333,-149.9487317,7,24,2008,21,58,43,-13.742123,1.00E+25,1.00E+25,SM,0.092,12.9735,110.1978,20.690039,16
70.58616167,-149.9455417,7,24,2008,21,58,56,-15.319265,1.00E+25,1.00E+25,SM,0.0751,13.0487,110.2729,20.807845,13
70.58598333,-149.9418067,7,24,2008,21,59,11,-16.896004,1.00E+25,1.00E+25,SM,0.0867,13.1353,110.3596,20.798005,15
70.58591667,-149.9385483,7,24,2008,21,59,24,-7.434354,1.00E+25,1.00E+25,SM,0.075,13.2103,110.4346,20.761718,13
70.58573833,-149.9343533,7,24,2008,21,59,41,-4.280472,1.00E+25,1.00E+25,SM,0.0971,13.3074,110.5317,20.568312,17
70.58546667,-149.931245,7,24,2008,21,59,54,-9.011496,1.00E+25,1.00E+25,SM,0.0738,13.3813,110.6055,20.440804,13
70.58516167,-149.9275867,7,24,2008,22,0,9,-10.588238,1.00E+25,1.00E+25,SM,0.0866,13.4679,110.6921,20.789467,15
70.58491167,-149.9231183,7,24,2008,22,0,27,-10.588238,1.00E+25,1.00E+25,SM,0.1041,13.5719,110.7962,20.81368,18
70.584815,-149.919385,7,24,2008,22,0,42,-7.434354,1.00E+25,1.00E+25,SM,0.086,13.6579,110.8822,20.641077,15
70.58471,-149.9159067,7,24,2008,22,0,56,-4.280472,1.00E+25,1.00E+25,SM,0.0802,13.7382,110.9624,20.627283,14
70.58460167,-149.9126917,7,24,2008,22,1,9,-7.434354,1.00E+25,1.00E+25,SM,0.0742,13.8124,111.0366,20.553003,13
70.58462833,-149.9094583,7,24,2008,22,1,22,-7.434354,1.00E+25,1.00E+25,SM,0.0743,13.8867,111.1109,20.571188,13
70.58446167,-149.9052433,7,24,2008,22,1,39,-4.280472,1.00E+25,1.00E+25,SM,0.0975,13.9842,111.2084,20.645232,17
70.584375,-149.9020283,7,24,2008,22,1,52,-1.126588,1.00E+25,1.00E+25,SM,0.0741,14.0582,111.2825,20.51558,13
70.58433833,-149.89881,7,24,2008,22,2,5,-4.280472,1.00E+25,1.00E+25,SM,0.074,14.1322,111.3565,20.481736,13
70.58430833,-149.8956,7,24,2008,22,2,18,-5.857211,1.00E+25,1.00E+25,SM,0.0738,14.206,111.4302,20.424815,13
70.58431667,-149.89211,7,24,2008,22,2,32,-4.280472,1.00E+25,1.00E+25,SM,0.0802,14.2861,111.5104,20.612645,14
70.58427667,-149.888635,7,24,2008,22,2,46,-5.857211,1.00E+25,1.00E+25,SM,0.0799,14.366,111.5902,20.535839,14
70.58422667,-149.8851683,7,24,2008,22,3,0,-7.434354,1.00E+25,1.00E+25,SM,0.0797,14.4457,111.6699,20.493629,14
70.58425167,-149.8814467,7,24,2008,22,3,15,-16.896004,1.00E+25,1.00E+25,SM,0.0855,14.5312,111.7554,20.519254,15
70.58429333,-149.8784667,7,24,2008,22,3,27,-20.049889,1.00E+25,1.00E+25,SM,0.0685,14.5997,111.8239,20.551562,12
70.58432167,-149.8757,7,24,2008,22,3,38,-15.319265,1.00E+25,1.00E+25,SM,0.0636,14.6633,111.8875,20.806325,11
70.58430667,-149.8725133,7,24,2008,22,3,51,-20.049889,1.00E+25,1.00E+25,SM,0.0732,14.7365,111.9607,20.270381,13
70.58433,-149.8697967,7,24,2008,22,4,2,-18.472747,1.00E+25,1.00E+25,SM,0.0624,14.7989,112.0231,20.427423,11
70.58433667,-149.8665733,7,24,2008,22,4,15,-16.896004,1.00E+25,1.00E+25,SM,0.074,14.8729,112.0972,20.501939,13
70.58439,-149.86355,7,24,2008,22,4,27,-16.896004,1.00E+25,1.00E+25,SM,0.0695,14.9424,112.1667,20.861209,12
70.58456333,-149.85905,7,24,2008,22,4,45,-15.319265,1.00E+25,1.00E+25,SM,0.104,15.0465,112.2707,20.809316,18
70.58447167,-149.8568483,7,24,2008,22,4,54,-13.742123,1.00E+25,1.00E+25,SM,0.051,15.0975,112.3217,20.384959,9
70.58411167,-149.8532733,7,24,2008,22,5,9,-16.896004,1.00E+25,1.00E+25,SM,0.0858,15.1833,112.4075,20.590886,15
70.58385167,-149.85015,7,24,2008,22,5,22,-15.319265,1.00E+25,1.00E+25,SM,0.074,15.2572,112.4815,20.479257,13
70.583635,-149.8461883,7,24,2008,22,5,38,-15.319265,1.00E+25,1.00E+25,SM,0.0922,15.3494,112.5737,20.748876,16
70.58356667,-149.8437183,7,24,2008,22,5,48,-13.742123,1.00E+25,1.00E+25,SM,0.0569,15.4064,112.6306,20.494442,10
70.583685,-149.8404483,7,24,2008,22,6,1,-13.742123,1.00E+25,1.00E+25,SM,0.0756,15.4819,112.7062,20.921959,13
70.58385833,-149.8362217,7,24,2008,22,6,18,-15.319265,1.00E+25,1.00E+25,SM,0.0978,15.5797,112.804,20.714077,17
70.58404,-149.833035,7,24,2008,22,6,31,-15.319265,1.00E+25,1.00E+25,SM,0.0743,15.654,112.8782,20.564603,13
70.58399167,-149.8307967,7,24,2008,22,6,40,-15.319265,1.00E+25,1.00E+25,SM,0.0515,15.7055,112.9297,20.607631,9
70.58402833,-149.82851,7,24,2008,22,6,49,-12.16498,1.00E+25,1.00E+25,SM,0.0526,15.7581,112.9823,21.032778,9
70.583995,-149.8252833,7,24,2008,22,7,2,-21.627031,1.00E+25,1.00E+25,SM,0.0741,15.8322,113.0565,20.532978,13
70.58397,-149.8227967,7,24,2008,22,7,12,-21.627031,1.00E+25,1.00E+25,SM,0.0571,15.8894,113.1136,20.570664,10
70.58395833,-149.820635,7,24,2008,22,7,21,-21.627031,1.00E+25,1.00E+25,SM,0.0497,15.939,113.1633,19.862598,9
70.58397667,-149.8171767,7,24,2008,22,7,35,-23.203772,1.00E+25,1.00E+25,SM,0.0794,16.0185,113.2427,20.428034,14
70.58409,-149.8145083,7,24,2008,22,7,46,-24.780515,1.00E+25,1.00E+25,SM,0.0618,16.0803,113.3045,20.220636,11
70.584065,-149.81403,7,24,2008,22,7,48,-24.780515,1.00E+25,1.00E+25,SM,0.0111,16.0914,113.3156,20.018581,2
70.583775,-149.8106783,7,24,2008,22,8,2,-24.780515,1.00E+25,1.00E+25,SM,0.0795,16.1709,113.3952,20.455041,14
70.58373833,-149.8082717,7,24,2008,22,8,12,-21.627031,1.00E+25,1.00E+25,SM,0.0553,16.2263,113.4505,19.920886,10
70.58369833,-149.8050917,7,24,2008,22,8,25,-24.780515,1.00E+25,1.00E+25,SM,0.0731,16.2994,113.5236,20.241018,13
70.58370167,-149.8020817,7,24,2008,22,8,37,-23.203772,1.00E+25,1.00E+25,SM,0.0691,16.3685,113.5927,20.740821,12
70.583675,-149.8001567,7,24,2008,22,8,45,-29.51194,1.00E+25,1.00E+25,SM,0.0443,16.4127,113.637,19.913887,8
70.583645,-149.79694,7,24,2008,22,8,58,-32.665823,1.00E+25,1.00E+25,SM,0.0739,16.4867,113.7109,20.467873,13
70.58361667,-149.7940167,7,24,2008,22,9,10,-31.088681,1.00E+25,1.00E+25,SM,0.0672,16.5538,113.7781,20.15215,12
70.58362333,-149.7900717,7,24,2008,22,9,26,-38.973591,1.00E+25,1.00E+25,SM,0.0906,16.6444,113.8687,20.387907,16
70.58353333,-149.7858883,7,24,2008,22,9,43,-29.51194,1.00E+25,1.00E+25,SM,0.0963,16.7407,113.965,20.390226,17
70.58342667,-149.7829533,7,24,2008,22,9,55,-34.242965,1.00E+25,1.00E+25,SM,0.0678,16.8085,114.0328,20.34463,12
70.583515,-149.77968,7,24,2008,22,10,8,-32.665823,1.00E+25,1.00E+25,SM,0.0754,16.884,114.1082,20.888936,13
70.58374167,-149.7768217,7,24,2008,22,10,20,-48.435241,1.00E+25,1.00E+25,SM,0.0675,16.9515,114.1757,20.248337,12
70.58395,-149.7734,7,24,2008,22,10,34,-32.665823,1.00E+25,1.00E+25,SM,0.0799,17.0314,114.2556,20.545176,14
70.584125,-149.7704533,7,24,2008,22,10,46,-34.242965,1.00E+25,1.00E+25,SM,0.0688,17.1001,114.3244,20.625444,12
70.58442833,-149.7668333,7,24,2008,22,11,1,-31.088681,1.00E+25,1.00E+25,SM,0.0857,17.1859,114.4101,20.578806,15
70.58459,-149.7638817,7,24,2008,22,11,13,-20.049889,1.00E+25,1.00E+25,SM,0.0687,17.2546,114.4788,20.612161,12
70.58478167,-149.7600133,7,24,2008,22,11,28,-13.742123,1.00E+25,1.00E+25,SM,0.0898,17.3444,114.5686,21.558638,15
70.58497833,-149.7563317,7,24,2008,22,11,43,-5.857211,1.00E+25,1.00E+25,SM,0.0856,17.43,114.6543,20.554294,15
70.58513833,-149.7529267,7,24,2008,22,11,57,-4.280472,1.00E+25,1.00E+25,SM,0.079,17.509,114.7333,20.309287,14
70.58532,-149.7497567,7,24,2008,22,12,11,-1.126588,1.00E+25,1.00E+25,SM,0.0739,17.5829,114.8071,18.997521,14
70.58547333,-149.74632,7,24,2008,22,12,27,-1.126588,1.00E+25,1.00E+25,SM,0.0796,17.6625,114.8868,17.918294,16
70.585635,-149.7443333,7,24,2008,22,12,38,-10.588238,1.00E+25,1.00E+25,SM,0.047,17.7095,114.9338,15.373406,11
70.58572667,-149.7436517,7,24,2008,22,12,47,-9.011496,1.00E+25,1.00E+25,SM,0.0169,17.7264,114.9506,6.755226,9
70.58575833,-149.7427367,7,24,2008,22,13,2,-21.627031,1.00E+25,1.00E+25,SM,0.0211,17.7475,114.9718,5.070672,15
70.585675,-149.7417167,7,24,2008,22,13,20,-16.896004,1.00E+25,1.00E+25,SM,0.0241,17.7716,114.9959,4.824585,18
70.585495,-149.7412133,7,24,2008,22,13,34,-13.742123,1.00E+25,1.00E+25,SM,0.017,17.7886,115.0129,4.366157,14
70.58548,-149.7411733,7,24,2008,22,13,35,-13.742123,1.00E+25,1.00E+25,SM,0.0014,17.79,115.0143,4.985801,1
70.58543,-149.7407467,7,24,2008,22,13,41,-16.896004,1.00E+25,1.00E+25,SM,0.0104,17.8004,115.0247,6.234151,6
70.58542167,-149.740605,7,24,2008,22,13,43,-16.896004,1.00E+25,1.00E+25,SM,0.0033,17.8037,115.028,5.947506,2
70.58541333,-149.7393583,7,24,2008,22,14,0,-16.896004,1.00E+25,1.00E+25,SM,0.0286,17.8323,115.0566,6.064438,17
70.58552333,-149.73843,7,24,2008,22,14,11,-24.780515,1.00E+25,1.00E+25,SM,0.0226,17.855,115.0792,7.407772,11
70.58563,-149.7375067,7,24,2008,22,14,20,-18.472747,1.00E+25,1.00E+25,SM,0.0224,17.8774,115.1017,8.979984,9
70.585675,-149.7362933,7,24,2008,22,14,30,-18.472747,1.00E+25,1.00E+25,SM,0.028,17.9055,115.1297,10.093995,10
70.58572667,-149.7343,7,24,2008,22,14,43,-13.742123,1.00E+25,1.00E+25,SM,0.0459,17.9514,115.1756,12.715933,13
70.58577333,-149.7322717,7,24,2008,22,14,52,-7.434354,1.00E+25,1.00E+25,SM,0.0467,17.9981,115.2223,18.677936,9
70.58583667,-149.72997,7,24,2008,22,15,1,-1.126588,1.00E+25,1.00E+25,SM,0.053,18.0511,115.2754,21.216608,9
70.58622333,-149.7274517,7,24,2008,22,15,12,-10.588238,1.00E+25,1.00E+25,SM,0.0637,18.1148,115.3391,20.850028,11
70.58668,-149.7253583,7,24,2008,22,15,23,-15.319265,1.00E+25,1.00E+25,SM,0.0575,18.1723,115.3966,18.819544,11
70.58714667,-149.7238617,7,24,2008,22,15,33,-26.358056,1.00E+25,1.00E+25,SM,0.0471,18.2195,115.4437,16.965938,10
70.58778333,-149.7228133,7,24,2008,22,15,44,-26.358056,1.00E+25,1.00E+25,SM,0.0501,18.2696,115.4939,16.411492,11
70.58863833,-149.7214417,7,24,2008,22,15,59,-27.935198,1.00E+25,1.00E+25,SM,0.0669,18.3366,115.5608,16.067419,15
70.58968,-149.7198567,7,24,2008,22,16,15,-29.51194,1.00E+25,1.00E+25,SM,0.0807,18.4172,115.6415,18.146549,16
70.59059,-149.71859,7,24,2008,22,16,29,-23.203772,1.00E+25,1.00E+25,SM,0.0693,18.4865,115.7107,17.813822,14
70.59153167,-149.71746,7,24,2008,22,16,44,-15.319265,1.00E+25,1.00E+25,SM,0.07,18.5565,115.7808,16.810852,15
70.59261,-149.716275,7,24,2008,22,17,3,-16.896004,1.00E+25,1.00E+25,SM,0.0793,18.6358,115.8601,15.028612,19
70.59341333,-149.7152117,7,24,2008,22,17,18,-15.319265,1.00E+25,1.00E+25,SM,0.0606,18.6965,115.9207,14.5527,15
70.59434,-149.7144717,7,24,2008,22,17,32,-23.203772,1.00E+25,1.00E+25,SM,0.0662,18.7627,115.987,17.033642,14
70.59533167,-149.7137517,7,24,2008,22,17,47,-18.472747,1.00E+25,1.00E+25,SM,0.0705,18.8332,116.0575,16.915904,15
70.59611333,-149.7127183,7,24,2008,22,18,1,-7.434354,1.00E+25,1.00E+25,SM,0.059,18.8922,116.1164,15.168175,14
70.59732333,-149.711225,7,24,2008,22,18,20,-13.742123,1.00E+25,1.00E+25,SM,0.0904,18.9826,116.2068,17.120308,19
70.59827667,-149.7102283,7,24,2008,22,18,34,-23.203772,1.00E+25,1.00E+25,SM,0.0697,19.0523,116.2765,17.930146,14
70.599485,-149.7091917,7,24,2008,22,18,52,-26.358056,1.00E+25,1.00E+25,SM,0.0868,19.1391,116.3633,17.362394,18
70.60052667,-149.7086667,7,24,2008,22,19,7,-34.242965,1.00E+25,1.00E+25,SM,0.073,19.2121,116.4363,17.513717,15
70.60117333,-149.7078,7,24,2008,22,19,17,-32.665823,1.00E+25,1.00E+25,SM,0.0489,19.261,116.4852,17.606609,10
70.601975,-149.7068483,7,24,2008,22,19,30,-37.396452,1.00E+25,1.00E+25,SM,0.0595,19.3205,116.5448,16.487935,13
70.60215667,-149.7067183,7,24,2008,22,19,37,-34.242965,1.00E+25,1.00E+25,SM,0.0129,19.3334,116.5577,6.635108,7
70.60248333,-149.7064583,7,24,2008,22,19,56,-29.51194,1.00E+25,1.00E+25,SM,0.0233,19.3568,116.581,4.423408,19
70.60272,-149.7060917,7,24,2008,22,20,15,-20.049889,1.00E+25,1.00E+25,SM,0.0184,19.3752,116.5994,3.484388,19
70.60294,-149.705455,7,24,2008,22,20,36,-21.627031,1.00E+25,1.00E+25,SM,0.0211,19.3962,116.6205,3.614236,21
70.60305833,-149.7048083,7,24,2008,22,20,51,-20.049889,1.00E+25,1.00E+25,SM,0.0169,19.4132,116.6374,4.066141,15
70.60305,-149.7039867,7,24,2008,22,21,8,-13.742123,1.00E+25,1.00E+25,SM,0.0189,19.432,116.6563,3.994579,17
70.6028,-149.7030083,7,24,2008,22,21,33,-13.742123,1.00E+25,1.00E+25,SM,0.0283,19.4604,116.6846,4.078922,25
70.60245667,-149.7026733,7,24,2008,22,21,54,-2.70373,1.00E+25,1.00E+25,SM,0.0249,19.4853,116.7096,4.274833,21
70.602165,-149.7026333,7,24,2008,22,22,11,-1.126588,1.00E+25,1.00E+25,SM,0.0202,19.5055,116.7297,4.271955,17
70.60187667,-149.7027583,7,24,2008,22,22,28,-13.742123,1.00E+25,1.00E+25,SM,0.0201,19.5256,116.7499,4.262266,17
70.601635,-149.70273,7,24,2008,22,22,43,-18.472747,1.00E+25,1.00E+25,SM,0.0167,19.5423,116.7666,4.010452,15
70.60154667,-149.7022733,7,24,2008,22,22,55,-20.049889,1.00E+25,1.00E+25,SM,0.0121,19.5544,116.7787,3.638227,12
70.60157667,-149.7021717,7,24,2008,22,22,58,-23.203772,1.00E+25,1.00E+25,SM,0.0031,19.5576,116.7818,3.745034,3
70.601645,-149.7022033,7,24,2008,22,23,2,-24.780515,1.00E+25,1.00E+25,SM,0.0048,19.5623,116.7866,4.299279,4
70.60167667,-149.7022717,7,24,2008,22,23,4,-24.780515,1.00E+25,1.00E+25,SM,0.0027,19.565,116.7893,4.845372,2
70.601715,-149.7032367,7,24,2008,22,23,18,-15.319265,1.00E+25,1.00E+25,SM,0.0223,19.5873,116.8116,5.735015,14
70.60165,-149.7045317,7,24,2008,22,23,33,-9.011496,1.00E+25,1.00E+25,SM,0.0301,19.6174,116.8416,7.21329,15
70.601405,-149.7058333,7,24,2008,22,23,47,-10.588238,1.00E+25,1.00E+25,SM,0.0343,19.6517,116.876,8.8288,14
70.60103667,-149.7070233,7,24,2008,22,23,55,-13.742123,1.00E+25,1.00E+25,SM,0.0373,19.6891,116.9133,16.798041,8
70.600445,-149.709155,7,24,2008,22,24,6,-13.742123,1.00E+25,1.00E+25,SM,0.0638,19.7528,116.9771,20.864457,11
70.60019167,-149.7102417,7,24,2008,22,24,13,-12.16498,1.00E+25,1.00E+25,SM,0.0305,19.7833,117.0075,15.669424,7
70.60014333,-149.7108217,7,24,2008,22,24,21,-12.16498,1.00E+25,1.00E+25,SM,0.0137,19.797,117.0212,6.175569,8
70.59988333,-149.711745,7,24,2008,22,24,33,-9.011496,1.00E+25,1.00E+25,SM,0.0278,19.8248,117.049,8.334153,12
70.59954333,-149.7126033,7,24,2008,22,24,40,-12.16498,1.00E+25,1.00E+25,SM,0.0307,19.8554,117.0797,15.767014,7
70.598505,-149.7140017,7,24,2008,22,24,52,-10.588238,1.00E+25,1.00E+25,SM,0.0786,19.934,117.1583,23.577971,12
70.59773167,-149.715605,7,24,2008,22,25,2,-9.011496,1.00E+25,1.00E+25,SM,0.0649,19.9989,117.2232,23.356343,10
70.59721,-149.71741,7,24,2008,22,25,11,-10.588238,1.00E+25,1.00E+25,SM,0.0549,20.0538,117.2781,21.965819,9
70.59658167,-149.7201217,7,24,2008,22,25,23,-9.011496,1.00E+25,1.00E+25,SM,0.0759,20.1297,117.354,22.766217,12
70.59579167,-149.7238767,7,24,2008,22,25,39,-5.857211,1.00E+25,1.00E+25,SM,0.102,20.2317,117.456,22.955287,16
70.59500167,-149.7273767,7,24,2008,22,25,54,-2.70373,1.00E+25,1.00E+25,SM,0.0971,20.3289,117.5531,23.311535,15
70.59436667,-149.7306017,7,24,2008,22,26,8,-7.434354,1.00E+25,1.00E+25,SM,0.0861,20.4149,117.6392,22.129135,14
70.59389667,-149.7332017,7,24,2008,22,26,19,-10.588238,1.00E+25,1.00E+25,SM,0.0679,20.4829,117.7071,22.23811,11
70.59346,-149.7358233,7,24,2008,22,26,29,-5.857211,1.00E+25,1.00E+25,SM,0.0673,20.5502,117.7744,24.237071,10
70.59338,-149.7363683,7,24,2008,22,26,31,-4.280472,1.00E+25,1.00E+25,SM,0.0137,20.5639,117.7881,24.621244,2
70.59286333,-149.7388817,7,24,2008,22,26,41,-4.280472,1.00E+25,1.00E+25,SM,0.0679,20.6317,117.856,24.426385,10
70.59207,-149.741735,7,24,2008,22,26,54,-5.857211,1.00E+25,1.00E+25,SM,0.0854,20.7171,117.9414,23.653812,13
70.59091833,-149.7453783,7,24,2008,22,27,12,-7.434354,1.00E+25,1.00E+25,SM,0.1155,20.8326,118.0568,23.090382,18
70.59002,-149.7480983,7,24,2008,22,27,26,-9.011496,1.00E+25,1.00E+25,SM,0.0881,20.9206,118.1449,22.641754,14
70.58899833,-149.75089,7,24,2008,22,27,41,-13.742123,1.00E+25,1.00E+25,SM,0.0954,21.016,118.2402,22.884628,15
70.588085,-149.7536867,7,24,2008,22,27,55,-10.588238,1.00E+25,1.00E+25,SM,0.09,21.106,118.3303,23.152173,14
70.58737833,-149.7562383,7,24,2008,22,28,7,-9.011496,1.00E+25,1.00E+25,SM,0.0763,21.1823,118.4066,22.881853,12
70.58668667,-149.75989,7,24,2008,22,28,22,-15.319265,1.00E+25,1.00E+25,SM,0.0965,21.2788,118.5031,23.165105,15
70.586015,-149.763985,7,24,2008,22,28,38,-16.896004,1.00E+25,1.00E+25,SM,0.1049,21.3837,118.608,23.596069,16
70.58545167,-149.7678017,7,24,2008,22,28,53,-16.896004,1.00E+25,1.00E+25,SM,0.0959,21.4796,118.7039,23.017931,15
70.58503167,-149.7715083,7,24,2008,22,29,7,-12.16498,1.00E+25,1.00E+25,SM,0.0899,21.5696,118.7938,23.127637,14
70.58458,-149.77475,7,24,2008,22,29,20,-5.857211,1.00E+25,1.00E+25,SM,0.0807,21.6503,118.8745,22.355583,13
70.58408833,-149.7783067,7,24,2008,22,29,34,-5.857211,1.00E+25,1.00E+25,SM,0.0885,21.7388,118.963,22.749759,14
70.58332,-149.7825567,7,24,2008,22,29,51,-7.434354,1.00E+25,1.00E+25,SM,0.1111,21.8499,119.0741,23.530902,17
70.58277333,-149.785125,7,24,2008,22,30,2,-5.857211,1.00E+25,1.00E+25,SM,0.07,21.9199,119.1442,22.925068,11
70.58200833,-149.78791,7,24,2008,22,30,15,-5.857211,1.00E+25,1.00E+25,SM,0.083,22.0029,119.2271,22.979949,13
70.580935,-149.7906933,7,24,2008,22,30,30,-2.70373,1.00E+25,1.00E+25,SM,0.0979,22.1008,119.3251,23.499926,15
70.57977167,-149.7939333,7,24,2008,22,30,47,-2.70373,1.00E+25,1.00E+25,SM,0.1095,22.2104,119.4346,23.198305,17
70.578885,-149.79598,7,24,2008,22,30,59,-7.434354,1.00E+25,1.00E+25,SM,0.0772,22.2876,119.5118,23.167984,12
70.57798333,-149.7978533,7,24,2008,22,31,11,-9.011496,1.00E+25,1.00E+25,SM,0.0757,22.3633,119.5876,22.716081,12
70.57692167,-149.8,7,24,2008,22,31,25,-10.588238,1.00E+25,1.00E+25,SM,0.0884,22.4517,119.676,22.729769,14
70.57588667,-149.80233,7,24,2008,22,31,39,-13.742123,1.00E+25,1.00E+25,SM,0.0893,22.541,119.7653,22.970862,14
70.57486333,-149.804735,7,24,2008,22,31,53,-12.16498,1.00E+25,1.00E+25,SM,0.0897,22.6308,119.855,23.075914,14
70.57388833,-149.8068483,7,24,2008,22,32,6,-13.742123,1.00E+25,1.00E+25,SM,0.083,22.7138,119.9381,22.997178,13
70.57315,-149.8089517,7,24,2008,22,32,17,-13.742123,1.00E+25,1.00E+25,SM,0.0703,22.7841,120.0083,22.999391,11
70.57229,-149.8118033,7,24,2008,22,32,31,-9.011496,1.00E+25,1.00E+25,SM,0.0885,22.8726,120.0968,22.747412,14
70.57143667,-149.8144817,7,24,2008,22,32,44,-7.434354,1.00E+25,1.00E+25,SM,0.0852,22.9578,120.182,23.603713,13
70.57051333,-149.81724,7,24,2008,22,32,58,-5.857211,1.00E+25,1.00E+25,SM,0.0899,23.0477,120.272,23.126996,14
70.569475,-149.82011,7,24,2008,22,33,13,-1.126588,1.00E+25,1.00E+25,SM,0.0975,23.1452,120.3694,23.390166,15
70.56868167,-149.822475,7,24,2008,22,33,25,-4.280472,1.00E+25,1.00E+25,SM,0.0772,23.2224,120.4466,23.159564,12
70.56788167,-149.8247733,7,24,2008,22,33,37,-7.434354,1.00E+25,1.00E+25,SM,0.0765,23.2989,120.5231,22.93832,12
70.56673667,-149.8272933,7,24,2008,22,33,52,-10.588238,1.00E+25,1.00E+25,SM,0.0981,23.3969,120.6212,23.532666,15
70.565545,-149.8300667,7,24,2008,22,34,8,-13.742123,1.00E+25,1.00E+25,SM,0.1041,23.501,120.7253,23.430245,16
70.56466,-149.8326233,7,24,2008,22,34,21,-9.011496,1.00E+25,1.00E+25,SM,0.0848,23.5859,120.8101,23.487587,13
70.563915,-149.834775,7,24,2008,22,34,32,-7.434354,1.00E+25,1.00E+25,SM,0.0714,23.6572,120.8815,23.364508,11
70.56358,-149.83609,7,24,2008,22,34,38,-5.857211,1.00E+25,1.00E+25,SM,0.0381,23.6953,120.9196,22.845923,6
70.56354667,-149.8378217,7,24,2008,22,34,45,-5.857211,1.00E+25,1.00E+25,SM,0.0399,23.7352,120.9595,20.509863,7
70.56361833,-149.8382833,7,24,2008,22,34,47,-5.857211,1.00E+25,1.00E+25,SM,0.0117,23.7469,120.9712,21.082709,2
70.564255,-149.8408667,7,24,2008,22,34,59,-1.126588,1.00E+25,1.00E+25,SM,0.0739,23.8208,121.0451,22.173009,12
70.56485667,-149.8431817,7,24,2008,22,35,11,0.450955,1.00E+25,1.00E+25,SM,0.0675,23.8884,121.1126,20.260188,12
70.565275,-149.844445,7,24,2008,22,35,19,3.604439,1.00E+25,1.00E+25,SM,0.041,23.9293,121.1536,18.438966,8
70.56583,-149.8462867,7,24,2008,22,35,30,0.450955,1.00E+25,1.00E+25,SM,0.0571,23.9865,121.2107,18.694803,11
70.56616667,-149.84741,7,24,2008,22,35,36,6.758724,1.00E+25,1.00E+25,SM,0.0348,24.0212,121.2455,20.853582,6
70.56677333,-149.84935,7,24,2008,22,35,47,8.335462,1.00E+25,1.00E+25,SM,0.0612,24.0824,121.3067,20.030367,11
70.567395,-149.8512533,7,24,2008,22,35,58,6.758724,1.00E+25,1.00E+25,SM,0.0613,24.1437,121.368,20.066084,11
70.56782,-149.8528283,7,24,2008,22,36,8,8.335462,1.00E+25,1.00E+25,SM,0.0466,24.1903,121.4146,16.781748,10
70.56788667,-149.8530467,7,24,2008,22,36,14,5.181581,1.00E+25,1.00E+25,SM,0.0068,24.1972,121.4214,4.087284,6
70.56794,-149.8531183,7,24,2008,22,36,17,5.181581,1.00E+25,1.00E+25,SM,0.004,24.2012,121.4254,4.843738,3
70.56819667,-149.8533617,7,24,2008,22,36,33,3.604439,1.00E+25,1.00E+25,SM,0.0186,24.2198,121.444,4.183906,16
70.56837167,-149.8531883,7,24,2008,22,36,46,-2.70373,1.00E+25,1.00E+25,SM,0.0127,24.2325,121.4568,3.52547,13
70.56839667,-149.8526983,7,24,2008,22,36,57,2.027697,1.00E+25,1.00E+25,SM,0.0114,24.2439,121.4682,3.729229,11
70.568255,-149.852355,7,24,2008,22,37,9,2.027697,1.00E+25,1.00E+25,SM,0.0126,24.2565,121.4807,3.772035,12
70.56804,-149.8525067,7,24,2008,22,37,23,-9.011496,1.00E+25,1.00E+25,SM,0.0153,24.2717,121.496,3.92366,14
70.56793167,-149.8531267,7,24,2008,22,37,38,-10.588238,1.00E+25,1.00E+25,SM,0.0161,24.2878,121.5121,3.863453,15
70.56795,-149.8536633,7,24,2008,22,37,49,-10.588238,1.00E+25,1.00E+25,SM,0.0124,24.3002,121.5245,4.058509,11
70.567985,-149.854285,7,24,2008,22,38,2,-10.588238,1.00E+25,1.00E+25,SM,0.0145,24.3147,121.539,4.013488,13
70.567965,-149.8552683,7,24,2008,22,38,20,-5.857211,1.00E+25,1.00E+25,SM,0.0226,24.3374,121.5616,4.529128,18
70.56807833,-149.85621,7,24,2008,22,38,29,-4.280472,1.00E+25,1.00E+25,SM,0.023,24.3604,121.5847,9.207395,9
70.568295,-149.857905,7,24,2008,22,38,42,-1.126588,1.00E+25,1.00E+25,SM,0.0417,24.4021,121.6264,11.558443,13
70.56859167,-149.85986,7,24,2008,22,38,51,-1.126588,1.00E+25,1.00E+25,SM,0.0494,24.4515,121.6758,19.756718,9
70.56894,-149.8634583,7,24,2008,22,39,5,-1.126588,1.00E+25,1.00E+25,SM,0.0861,24.5377,121.7619,22.150429,14
70.56913833,-149.8661617,7,24,2008,22,39,16,0.450955,1.00E+25,1.00E+25,SM,0.0636,24.6013,121.8256,20.824417,11
70.56921,-149.8700433,7,24,2008,22,39,32,-2.70373,1.00E+25,1.00E+25,SM,0.0894,24.6907,121.9149,20.105581,16
70.569305,-149.8747117,7,24,2008,22,39,51,-5.857211,1.00E+25,1.00E+25,SM,0.1075,24.7982,122.0224,20.368922,19
70.56918833,-149.878655,7,24,2008,22,40,6,-4.280472,1.00E+25,1.00E+25,SM,0.091,24.8892,122.1134,21.838961,15
70.56908333,-149.8831267,7,24,2008,22,40,23,-1.126588,1.00E+25,1.00E+25,SM,0.103,24.9922,122.2164,21.819813,17
70.569175,-149.8864917,7,24,2008,22,40,36,-1.126588,1.00E+25,1.00E+25,SM,0.0776,25.0698,122.2941,21.490397,13
70.56923,-149.891155,7,24,2008,22,40,54,-5.857211,1.00E+25,1.00E+25,SM,0.1073,25.1771,122.4013,21.450956,18
70.56926833,-149.8954283,7,24,2008,22,41,10,-7.434354,1.00E+25,1.00E+25,SM,0.0983,25.2753,122.4996,22.108208,16
70.56913,-149.9000417,7,24,2008,22,41,27,-12.16498,1.00E+25,1.00E+25,SM,0.1065,25.3818,122.606,22.546183,17
70.56911667,-149.9037733,7,24,2008,22,41,41,-7.434354,1.00E+25,1.00E+25,SM,0.0858,25.4676,122.6918,22.057256,14
70.56912,-149.9073,7,24,2008,22,41,54,-7.434354,1.00E+25,1.00E+25,SM,0.0811,25.5486,122.7729,22.44784,13
70.56906,-149.91024,7,24,2008,22,42,5,-10.588238,1.00E+25,1.00E+25,SM,0.0677,25.6163,122.8406,22.157598,11
70.56891167,-149.91453,7,24,2008,22,42,21,-10.588238,1.00E+25,1.00E+25,SM,0.0991,25.7155,122.9397,22.306174,16
70.56911833,-149.9181833,7,24,2008,22,42,35,-10.588238,1.00E+25,1.00E+25,SM,0.0852,25.8006,123.0249,21.903075,14
70.56925833,-149.9221133,7,24,2008,22,42,50,-9.011496,1.00E+25,1.00E+25,SM,0.0908,25.8915,123.1157,21.803558,15
70.56942333,-149.9260833,7,24,2008,22,43,5,-5.857211,1.00E+25,1.00E+25,SM,0.092,25.9835,123.2077,22.070361,15
70.569775,-149.930185,7,24,2008,22,43,21,-7.434354,1.00E+25,1.00E+25,SM,0.0974,26.0808,123.3051,21.905194,16
70.57004833,-149.934065,7,24,2008,22,43,36,-4.280472,1.00E+25,1.00E+25,SM,0.0912,26.172,123.3962,21.877689,15
70.57033833,-149.9376333,7,24,2008,22,43,50,-7.434354,1.00E+25,1.00E+25,SM,0.0844,26.2564,123.4806,21.709758,14
70.570425,-149.94051,7,24,2008,22,44,1,-9.011496,1.00E+25,1.00E+25,SM,0.0664,26.3228,123.547,21.72678,11
70.57051167,-149.9444383,7,24,2008,22,44,16,-9.011496,1.00E+25,1.00E+25,SM,0.0905,26.4133,123.6375,21.716652,15
70.57043,-149.9475367,7,24,2008,22,44,28,-12.16498,1.00E+25,1.00E+25,SM,0.0714,26.4847,123.709,21.430322,12
70.57034167,-149.95119,7,24,2008,22,44,42,-13.742123,1.00E+25,1.00E+25,SM,0.0842,26.5689,123.7931,21.648608,14
70.570275,-149.95439,7,24,2008,22,44,54,-13.742123,1.00E+25,1.00E+25,SM,0.0737,26.6426,123.8668,22.107771,12
70.57008833,-149.9586333,7,24,2008,22,45,10,-18.472747,1.00E+25,1.00E+25,SM,0.0984,26.741,123.9652,22.13506,16
70.57015167,-149.9618267,7,24,2008,22,45,22,-15.319265,1.00E+25,1.00E+25,SM,0.0735,26.8145,124.0387,22.057878,12
70.570305,-149.9663367,7,24,2008,22,45,39,-12.16498,1.00E+25,1.00E+25,SM,0.1042,26.9187,124.1429,22.065411,17
70.57052833,-149.9697367,7,24,2008,22,45,52,-12.16498,1.00E+25,1.00E+25,SM,0.0797,26.9983,124.2226,22.057972,13
70.57073333,-149.9730933,7,24,2008,22,46,5,-9.011496,1.00E+25,1.00E+25,SM,0.0784,27.0768,124.301,21.721159,13
70.57077333,-149.9776783,7,24,2008,22,46,22,-10.588238,1.00E+25,1.00E+25,SM,0.1054,27.1822,124.4064,22.323194,17
70.57087,-149.9813067,7,24,2008,22,46,35,-10.588238,1.00E+25,1.00E+25,SM,0.0837,27.2659,124.4901,23.166876,13
70.570875,-149.9849367,7,24,2008,22,46,48,-10.588238,1.00E+25,1.00E+25,SM,0.0834,27.3493,124.5735,23.103674,13
70.57086,-149.9886267,7,24,2008,22,47,1,-10.588238,1.00E+25,1.00E+25,SM,0.0848,27.4341,124.6583,23.487111,13
70.57091667,-149.9916483,7,24,2008,22,47,12,-7.434354,1.00E+25,1.00E+25,SM,0.0696,27.5037,124.7279,22.764424,11
70.57089667,-149.9949983,7,24,2008,22,47,24,-9.011496,1.00E+25,1.00E+25,SM,0.077,27.5807,124.8049,23.101853,12
70.570865,-149.9985717,7,24,2008,22,47,37,-10.588238,1.00E+25,1.00E+25,SM,0.0822,27.6628,124.8871,22.750875,13
70.5709,-150.0018833,7,24,2008,22,47,49,-9.011496,1.00E+25,1.00E+25,SM,0.0762,27.739,124.9632,22.845375,12
70.57100667,-150.0052567,7,24,2008,22,48,1,-5.857211,1.00E+25,1.00E+25,SM,0.0779,27.8168,125.0411,23.363813,12
70.57096167,-150.008015,7,24,2008,22,48,11,-5.857211,1.00E+25,1.00E+25,SM,0.0635,27.8803,125.1046,22.849678,10
70.57093833,-150.0111033,7,24,2008,22,48,22,-4.280472,1.00E+25,1.00E+25,SM,0.071,27.9513,125.1756,23.235705,11
70.57114667,-150.0141433,7,24,2008,22,48,33,0.450955,1.00E+25,1.00E+25,SM,0.0713,28.0227,125.2469,23.34629,11
70.571315,-150.0177333,7,24,2008,22,48,46,5.181581,1.00E+25,1.00E+25,SM,0.0833,28.106,125.3302,23.074379,13
70.57133833,-150.0213933,7,24,2008,22,48,59,3.604439,1.00E+25,1.00E+25,SM,0.0841,28.1901,125.4144,23.298168,13
70.57130833,-150.0255267,7,24,2008,22,49,14,5.181581,1.00E+25,1.00E+25,SM,0.095,28.2851,125.5094,22.804308,15
70.57137167,-150.0284,7,24,2008,22,49,24,3.604439,1.00E+25,1.00E+25,SM,0.0662,28.3513,125.5756,23.825467,10
70.57134333,-150.0320467,7,24,2008,22,49,37,3.604439,1.00E+25,1.00E+25,SM,0.0838,28.4351,125.6594,23.215326,13
70.571355,-150.03537,7,24,2008,22,49,49,3.604439,1.00E+25,1.00E+25,SM,0.0764,28.5115,125.7358,22.915041,12
70.57129833,-150.0386217,7,24,2008,22,50,1,3.604439,1.00E+25,1.00E+25,SM,0.0748,28.5864,125.8106,22.45041,12
70.57122,-150.042565,7,24,2008,22,50,15,2.027697,1.00E+25,1.00E+25,SM,0.0908,28.6771,125.9014,23.346095,14
70.57123333,-150.0460933,7,24,2008,22,50,28,2.027697,1.00E+25,1.00E+25,SM,0.0811,28.7582,125.9825,22.457464,13
70.57107167,-150.049465,7,24,2008,22,50,40,-2.70373,1.00E+25,1.00E+25,SM,0.0783,28.8365,126.0608,23.48752,12
70.57086333,-150.0527767,7,24,2008,22,50,52,-7.434354,1.00E+25,1.00E+25,SM,0.0775,28.914,126.1382,23.238513,12
70.570835,-150.0564017,7,24,2008,22,51,5,-7.434354,1.00E+25,1.00E+25,SM,0.0833,28.9973,126.2216,23.078048,13
70.570735,-150.0594633,7,24,2008,22,51,16,-7.434354,1.00E+25,1.00E+25,SM,0.0707,29.068,126.2923,23.14007,11
70.57057,-150.062895,7,24,2008,22,51,28,-10.588238,1.00E+25,1.00E+25,SM,0.0797,29.1477,126.372,23.90742,12
70.57052333,-150.0662,7,24,2008,22,51,40,-10.588238,1.00E+25,1.00E+25,SM,0.076,29.2238,126.448,22.808786,12
70.57032833,-150.0698667,7,24,2008,22,51,53,-12.16498,1.00E+25,1.00E+25,SM,0.0853,29.3091,126.5334,23.633727,13
70.570235,-150.0734967,7,24,2008,22,52,6,-12.16498,1.00E+25,1.00E+25,SM,0.0837,29.3928,126.617,23.173063,13
70.570025,-150.0771583,7,24,2008,22,52,19,-13.742123,1.00E+25,1.00E+25,SM,0.0854,29.4782,126.7024,23.649706,13
70.569935,-150.0796617,7,24,2008,22,52,28,-15.319265,1.00E+25,1.00E+25,SM,0.0579,29.5361,126.7603,23.148938,9
70.56970333,-150.0838667,7,24,2008,22,52,43,-15.319265,1.00E+25,1.00E+25,SM,0.098,29.634,126.8583,23.511871,15
70.56939167,-150.08857,7,24,2008,22,53,0,-12.16498,1.00E+25,1.00E+25,SM,0.1102,29.7443,126.9685,23.342588,17
70.56936833,-150.0922583,7,24,2008,22,53,13,-5.857211,1.00E+25,1.00E+25,SM,0.0848,29.829,127.0533,23.480722,13
70.56942,-150.09589,7,24,2008,22,53,26,-4.280472,1.00E+25,1.00E+25,SM,0.0835,29.9126,127.1368,23.136903,13
70.56935833,-150.0987483,7,24,2008,22,53,36,-5.857211,1.00E+25,1.00E+25,SM,0.0658,29.9784,127.2027,23.701192,10
70.56934333,-150.1018483,7,24,2008,22,53,47,-7.434354,1.00E+25,1.00E+25,SM,0.0713,30.0497,127.2739,23.32178,11
70.569325,-150.10576,7,24,2008,22,54,1,-2.70373,1.00E+25,1.00E+25,SM,0.0899,30.1396,127.3639,23.121926,14
70.56939167,-150.1094067,7,24,2008,22,54,14,-4.280472,1.00E+25,1.00E+25,SM,0.0839,30.2236,127.4478,23.246314,13
70.56936833,-150.113585,7,24,2008,22,54,29,-5.857211,1.00E+25,1.00E+25,SM,0.0961,30.3196,127.5439,23.052558,15
70.56919833,-150.1179967,7,24,2008,22,54,45,-9.011496,1.00E+25,1.00E+25,SM,0.1021,30.4217,127.6459,22.968102,16
70.56910833,-150.1211183,7,24,2008,22,54,56,-9.011496,1.00E+25,1.00E+25,SM,0.072,30.4937,127.718,23.570549,11
70.569045,-150.12417,7,24,2008,22,55,7,-9.011496,1.00E+25,1.00E+25,SM,0.0703,30.564,127.7882,23.000672,11
70.56897333,-150.127525,7,24,2008,22,55,19,-9.011496,1.00E+25,1.00E+25,SM,0.0773,30.6413,127.8655,23.182423,12
70.568835,-150.13004,7,24,2008,22,55,28,-12.16498,1.00E+25,1.00E+25,SM,0.0586,30.6999,127.9241,23.437332,9
70.56854833,-150.1332733,7,24,2008,22,55,40,-12.16498,1.00E+25,1.00E+25,SM,0.0769,30.7768,128.001,23.074371,12
70.56816667,-150.1365783,7,24,2008,22,55,53,-10.588238,1.00E+25,1.00E+25,SM,0.0804,30.8572,128.0814,22.269017,13
70.56789333,-150.139495,7,24,2008,22,56,4,-12.16498,1.00E+25,1.00E+25,SM,0.0697,30.9268,128.1511,22.795551,11
70.56746,-150.143135,7,24,2008,22,56,18,-10.588238,1.00E+25,1.00E+25,SM,0.0889,31.0157,128.24,22.851713,14
70.566975,-150.1454667,7,24,2008,22,56,28,-12.16498,1.00E+25,1.00E+25,SM,0.0632,31.0789,128.3032,22.756413,10
70.5662,-150.1478017,7,24,2008,22,56,40,-10.588238,1.00E+25,1.00E+25,SM,0.0758,31.1547,128.379,22.745796,12
70.56535,-150.1499317,7,24,2008,22,56,52,-4.280472,1.00E+25,1.00E+25,SM,0.0765,31.2312,128.4555,22.939454,12
70.56442833,-150.152285,7,24,2008,22,57,5,-4.280472,1.00E+25,1.00E+25,SM,0.0836,31.3148,128.539,23.139968,13
70.563425,-150.154775,7,24,2008,22,57,19,-5.857211,1.00E+25,1.00E+25,SM,0.0899,31.4047,128.6289,23.118704,14
70.56243,-150.1576867,7,24,2008,22,57,34,-7.434354,1.00E+25,1.00E+25,SM,0.096,31.5006,128.7249,23.030028,15
70.56134167,-150.1603283,7,24,2008,22,57,49,-9.011496,1.00E+25,1.00E+25,SM,0.0967,31.5973,128.8215,23.199461,15
70.56053167,-150.162125,7,24,2008,22,58,0,-16.896004,1.00E+25,1.00E+25,SM,0.0696,31.6669,128.8911,22.765953,11
70.56031333,-150.16302,7,24,2008,22,58,4,-16.896004,1.00E+25,1.00E+25,SM,0.0255,31.6924,128.9166,22.965558,4
70.56007667,-150.165125,7,24,2008,22,58,12,-16.896004,1.00E+25,1.00E+25,SM,0.0511,31.7435,128.9677,22.991721,8
70.55993167,-150.1693267,7,24,2008,22,58,27,-10.588238,1.00E+25,1.00E+25,SM,0.0971,31.8406,129.0649,23.313104,15
70.559825,-150.172695,7,24,2008,22,58,39,-10.588238,1.00E+25,1.00E+25,SM,0.0778,31.9184,129.1427,23.342163,12
70.55979667,-150.1756417,7,24,2008,22,58,49,-7.434354,1.00E+25,1.00E+25,SM,0.0678,31.9862,129.2105,24.40416,10
70.559815,-150.1792717,7,24,2008,22,59,2,-4.280472,1.00E+25,1.00E+25,SM,0.0835,32.0697,129.2939,23.118788,13
70.559685,-150.1826483,7,24,2008,22,59,14,-2.70373,1.00E+25,1.00E+25,SM,0.0782,32.1479,129.3721,23.450185,12
70.55957,-150.1861367,7,24,2008,22,59,27,-2.70373,1.00E+25,1.00E+25,SM,0.0806,32.2285,129.4527,22.322887,13
70.55960833,-150.188865,7,24,2008,22,59,37,-2.70373,1.00E+25,1.00E+25,SM,0.0628,32.2913,129.5155,22.606873,10
70.55971167,-150.1930183,7,24,2008,22,59,52,-2.70373,1.00E+25,1.00E+25,SM,0.0958,32.387,129.6113,22.986375,15
70.55978167,-150.1970167,7,24,2008,23,0,6,-4.280472,1.00E+25,1.00E+25,SM,0.0921,32.4791,129.7034,23.675766,14
70.55994167,-150.2009067,7,24,2008,23,0,20,-4.280472,1.00E+25,1.00E+25,SM,0.0901,32.5692,129.7935,23.177336,14
70.55989,-150.2039483,7,24,2008,23,0,31,-2.70373,1.00E+25,1.00E+25,SM,0.07,32.6393,129.8635,22.920984,11
70.55962333,-150.2069233,7,24,2008,23,0,42,-2.70373,1.00E+25,1.00E+25,SM,0.0709,32.7101,129.9344,23.187421,11
70.558965,-150.2108933,7,24,2008,23,0,58,-4.280472,1.00E+25,1.00E+25,SM,0.102,32.8121,130.0364,22.949934,16
70.55813167,-150.21452,7,24,2008,23,1,14,-5.857211,1.00E+25,1.00E+25,SM,0.1013,32.9135,130.1377,22.80321,16
70.55741667,-150.217105,7,24,2008,23,1,26,-4.280472,1.00E+25,1.00E+25,SM,0.0773,32.9908,130.215,23.189169,12
70.55672167,-150.2193817,7,24,2008,23,1,37,-2.70373,1.00E+25,1.00E+25,SM,0.071,33.0618,130.2861,23.25152,11
70.55606833,-150.2224983,7,24,2008,23,1,50,-4.280472,1.00E+25,1.00E+25,SM,0.0847,33.1465,130.3708,23.458644,13
70.55555167,-150.225105,7,24,2008,23,2,1,-5.857211,1.00E+25,1.00E+25,SM,0.0698,33.2163,130.4406,22.836242,11
70.55482,-150.2280933,7,24,2008,23,2,14,-5.857211,1.00E+25,1.00E+25,SM,0.0853,33.3016,130.5259,23.628093,13
70.55393667,-150.23213,7,24,2008,23,2,31,-4.280472,1.00E+25,1.00E+25,SM,0.1111,33.4128,130.637,23.530056,17
70.55325667,-150.233755,7,24,2008,23,2,40,-4.280472,1.00E+25,1.00E+25,SM,0.06,33.4728,130.697,24.015631,9
70.55228667,-150.2355833,7,24,2008,23,2,52,-4.280472,1.00E+25,1.00E+25,SM,0.0791,33.5519,130.7762,23.737353,12
70.55147333,-150.2364467,7,24,2008,23,3,1,-5.857211,1.00E+25,1.00E+25,SM,0.0596,33.6115,130.8358,23.840927,9
70.55016333,-150.23715,7,24,2008,23,3,15,-7.434354,1.00E+25,1.00E+25,SM,0.0919,33.7035,130.9277,23.643581,14
70.54942333,-150.2369883,7,24,2008,23,3,23,-4.280472,1.00E+25,1.00E+25,SM,0.0513,33.7547,130.979,23.068889,8
70.54876,-150.2359167,7,24,2008,23,3,31,-5.857211,1.00E+25,1.00E+25,SM,0.052,33.8068,131.031,23.419592,8
70.5478,-150.233645,7,24,2008,23,3,44,-13.742123,1.00E+25,1.00E+25,SM,0.0844,33.8912,131.1155,23.385873,13
70.54680167,-150.2310383,7,24,2008,23,3,58,-26.358056,1.00E+25,1.00E+25,SM,0.0914,33.9826,131.2069,23.505079,14
70.54661,-150.2304183,7,24,2008,23,4,1,-32.665823,1.00E+25,1.00E+25,SM,0.0195,34.0021,131.2263,23.358786,3
70.54628167,-150.2282,7,24,2008,23,4,10,-31.088681,1.00E+25,1.00E+25,SM,0.0559,34.058,131.2822,22.344027,9
70.54624,-150.227685,7,24,2008,23,4,15,-27.935198,1.00E+25,1.00E+25,SM,0.0122,34.0702,131.2944,8.780731,5
70.54616667,-150.2271733,7,24,2008,23,4,24,-31.088681,1.00E+25,1.00E+25,SM,0.0128,34.083,131.3072,5.127226,9
70.54599,-150.226435,7,24,2008,23,4,39,-35.819707,1.00E+25,1.00E+25,SM,0.0209,34.1039,131.3281,5.020893,15
70.54576833,-150.2255567,7,24,2008,23,4,55,-27.935198,1.00E+25,1.00E+25,SM,0.0254,34.1293,131.3535,5.705835,16
70.54545833,-150.2251783,7,24,2008,23,5,6,-16.896004,1.00E+25,1.00E+25,SM,0.0231,34.1524,131.3766,7.56679,11
70.544965,-150.2251517,7,24,2008,23,5,18,-12.16498,1.00E+25,1.00E+25,SM,0.0341,34.1865,131.4107,10.227474,12
70.54427667,-150.2256667,7,24,2008,23,5,28,-7.434354,1.00E+25,1.00E+25,SM,0.049,34.2355,131.4597,17.644949,10
70.54317333,-150.2265683,7,24,2008,23,5,40,-7.434354,1.00E+25,1.00E+25,SM,0.079,34.3145,131.5387,23.702046,12
70.54216667,-150.2280367,7,24,2008,23,5,52,-4.280472,1.00E+25,1.00E+25,SM,0.0773,34.3918,131.6161,23.198754,12
70.54091667,-150.22993,7,24,2008,23,6,7,-2.70373,1.00E+25,1.00E+25,SM,0.0967,34.4886,131.7128,23.217142,15
70.53951,-150.2313867,7,24,2008,23,6,23,-2.70373,1.00E+25,1.00E+25,SM,0.1028,34.5914,131.8156,23.132797,16
70.53790833,-150.23285,7,24,2008,23,6,41,-2.70373,1.00E+25,1.00E+25,SM,0.1157,34.707,131.9313,23.135568,18
70.53649833,-150.233675,7,24,2008,23,6,56,-4.280472,1.00E+25,1.00E+25,SM,0.0993,34.8063,132.0305,23.821375,15
70.53494333,-150.2347483,7,24,2008,23,7,13,-4.280472,1.00E+25,1.00E+25,SM,0.1102,34.9165,132.1408,23.34609,17
70.533505,-150.23582,7,24,2008,23,7,29,-5.857211,1.00E+25,1.00E+25,SM,0.1024,35.0189,132.2432,23.039274,16
70.53166,-150.2375733,7,24,2008,23,7,50,-2.70373,1.00E+25,1.00E+25,SM,0.1337,35.1527,132.3769,22.92307,21
70.5299,-150.239225,7,24,2008,23,8,10,-1.126588,1.00E+25,1.00E+25,SM,0.1274,35.2801,132.5043,22.934531,20
70.52840167,-150.240745,7,24,2008,23,8,27,-2.70373,1.00E+25,1.00E+25,SM,0.1093,35.3894,132.6136,23.142372,17
70.526985,-150.241975,7,24,2008,23,8,43,-5.857211,1.00E+25,1.00E+25,SM,0.1019,35.4913,132.7155,22.927393,16
70.52555667,-150.243135,7,24,2008,23,8,59,-5.857211,1.00E+25,1.00E+25,SM,0.1022,35.5935,132.8177,23.004329,16
70.52421,-150.2440317,7,24,2008,23,9,14,-5.857211,1.00E+25,1.00E+25,SM,0.0953,35.6888,132.9131,22.874586,15
70.52266667,-150.2449217,7,24,2008,23,9,31,-7.434354,1.00E+25,1.00E+25,SM,0.1086,35.7974,133.0216,22.99496,17
70.52132667,-150.2458233,7,24,2008,23,9,45,-2.70373,1.00E+25,1.00E+25,SM,0.0949,35.8923,133.1165,24.3995,14
70.52004667,-150.2465883,7,24,2008,23,9,58,-2.70373,1.00E+25,1.00E+25,SM,0.0902,35.9825,133.2067,24.972589,13
70.518235,-150.2476517,7,24,2008,23,10,17,-2.70373,1.00E+25,1.00E+25,SM,0.1275,36.11,133.3343,24.167279,19
70.51642167,-150.248655,7,24,2008,23,10,36,-2.70373,1.00E+25,1.00E+25,SM,0.1274,36.2374,133.4617,24.139858,19
70.51440333,-150.2497283,7,24,2008,23,10,57,-4.280472,1.00E+25,1.00E+25,SM,0.1416,36.379,133.6033,24.279483,21
70.51258667,-150.25054,7,24,2008,23,11,16,2.027697,1.00E+25,1.00E+25,SM,0.1269,36.5059,133.7302,24.045358,19
70.51126333,-150.251265,7,24,2008,23,11,30,-1.126588,1.00E+25,1.00E+25,SM,0.0929,36.5989,133.8231,23.900962,14
70.50958667,-150.2525217,7,24,2008,23,11,48,-1.126588,1.00E+25,1.00E+25,SM,0.1194,36.7183,133.9426,23.882715,18
70.507905,-150.2535283,7,24,2008,23,12,6,-1.126588,1.00E+25,1.00E+25,SM,0.1185,36.8368,134.061,23.697402,18
70.50656,-150.254215,7,24,2008,23,12,20,0.450955,1.00E+25,1.00E+25,SM,0.0943,36.9311,134.1553,24.240713,14
70.50496167,-150.2547933,7,24,2008,23,12,37,-1.126588,1.00E+25,1.00E+25,SM,0.1112,37.0423,134.2666,23.55594,17
70.50353,-150.2552383,7,24,2008,23,12,52,-4.280472,1.00E+25,1.00E+25,SM,0.0994,37.1418,134.366,23.867869,15
70.50160833,-150.256145,7,24,2008,23,13,12,3.604439,1.00E+25,1.00E+25,SM,0.1344,37.2762,134.5004,24.193908,20
70.49918333,-150.257375,7,24,2008,23,13,38,6.758724,1.00E+25,1.00E+25,SM,0.1699,37.4461,134.6703,23.529586,26
70.497605,-150.2581517,7,24,2008,23,13,58,6.758724,1.00E+25,1.00E+25,SM,0.1105,37.5566,134.7809,19.892515,20
70.49716667,-150.2582167,7,24,2008,23,14,6,3.604439,1.00E+25,1.00E+25,SM,0.0303,37.5869,134.8112,13.645356,8
70.49687,-150.2582917,7,24,2008,23,14,16,-1.126588,1.00E+25,1.00E+25,SM,0.0206,37.6075,134.8318,7.405407,10
70.496455,-150.2583517,7,24,2008,23,14,31,-4.280472,1.00E+25,1.00E+25,SM,0.0287,37.6362,134.8605,6.889711,15
70.496025,-150.258235,7,24,2008,23,14,47,-7.434354,1.00E+25,1.00E+25,SM,0.0298,37.666,134.8903,6.712152,16
70.49564833,-150.2578467,7,24,2008,23,15,2,-5.857211,1.00E+25,1.00E+25,SM,0.0275,37.6936,134.9178,6.605715,15
70.49527333,-150.2572183,7,24,2008,23,15,18,-2.70373,1.00E+25,1.00E+25,SM,0.0297,37.7233,134.9475,6.680015,16
70.49493167,-150.2563167,7,24,2008,23,15,35,5.181581,1.00E+25,1.00E+25,SM,0.0315,37.7547,134.979,6.662898,17
70.49464,-150.2552967,7,24,2008,23,15,53,5.181581,1.00E+25,1.00E+25,SM,0.031,37.7857,135.01,6.196217,18
70.49436667,-150.2538433,7,24,2008,23,16,18,8.335462,1.00E+25,1.00E+25,SM,0.0385,37.8242,135.0484,5.541334,25
70.49430333,-150.2529917,7,24,2008,23,16,35,6.758724,1.00E+25,1.00E+25,SM,0.0201,37.8443,135.0686,4.262734,17
70.494445,-150.25221,7,24,2008,23,16,56,3.604439,1.00E+25,1.00E+25,SM,0.0205,37.8648,135.0891,3.517449,21
70.49457833,-150.2518617,7,24,2008,23,17,14,8.335462,1.00E+25,1.00E+25,SM,0.0122,37.8771,135.1013,2.444976,18
70.49458667,-150.2518883,7,24,2008,23,18,10,-1.126588,1.00E+25,1.00E+25,SM,0.0008,37.8779,135.1022,0.054168,56
70.494595,-150.2518283,7,24,2008,23,18,22,3.604439,1.00E+25,1.00E+25,SM,0.0015,37.8794,135.1036,0.449753,12
70.49458,-150.25189,7,24,2008,23,18,35,3.604439,1.00E+25,1.00E+25,SM,0.0018,37.8812,135.1054,0.487421,13
70.49458167,-150.2519067,7,24,2008,23,18,57,14.643231,1.00E+25,1.00E+25,SM,0.0004,37.8816,135.1058,0.065679,22
70.49458333,-150.2519183,7,24,2008,23,19,18,20.950997,1.00E+25,1.00E+25,SM,0.0003,37.8819,135.1061,0.050186,21
70.49458833,-150.2518983,7,24,2008,23,20,3,-5.857211,1.00E+25,1.00E+25,SM,0.0006,37.8824,135.1067,0.046112,45
70.49457333,-150.2518583,7,24,2008,23,20,51,-12.16498,1.00E+25,1.00E+25,SM,0.0014,37.8838,135.1081,0.104077,48
70.49460333,-150.2517517,7,24,2008,23,21,51,-29.51194,1.00E+25,1.00E+25,SM,0.0032,37.887,135.1113,0.193047,60
70.49462167,-150.2518933,7,24,2008,23,22,19,-23.203772,1.00E+25,1.00E+25,SM,0.0035,37.8905,135.1148,0.45066,28
70.49462333,-150.2518983,7,24,2008,23,22,28,-18.472747,1.00E+25,1.00E+25,SM,0.0002,37.8907,135.115,0.065197,9
70.494585,-150.2519717,7,24,2008,23,22,46,-9.011496,1.00E+25,1.00E+25,SM,0.0031,37.8938,135.1181,0.628559,18
70.49455333,-150.2521167,7,24,2008,23,23,15,-2.70373,1.00E+25,1.00E+25,SM,0.004,37.8978,135.1221,0.496198,29
70.49454333,-150.25217,7,24,2008,23,23,39,-7.434354,1.00E+25,1.00E+25,SM,0.0014,37.8993,135.1235,0.211669,24
70.49454167,-150.2522867,7,24,2008,23,25,18,-18.472747,1.00E+25,1.00E+25,SM,0.0027,37.9019,135.1262,0.097962,99
70.494515,-150.25226,7,24,2008,23,26,15,-31.088681,1.00E+25,1.00E+25,SM,0.0019,37.9039,135.1281,0.122683,57
70.49450667,-150.2522583,7,24,2008,23,27,22,-31.088681,1.00E+25,1.00E+25,SM,0.0006,37.9045,135.1287,0.031006,67
70.49454333,-150.2522,7,24,2008,23,29,14,-20.049889,1.00E+25,1.00E+25,SM,0.0029,37.9073,135.1316,0.092207,112
70.49461333,-150.25214,7,24,2008,23,29,59,-15.319265,1.00E+25,1.00E+25,SM,0.005,37.9124,135.1366,0.402457,45
,,,,,,,,,,,,,,,,
,,,,,,,,,,,,,,,,
,,,,,,,,,,,,,,,,
,,,,,,,,,,,,,,,,
,,,,,,,,,,,,,,,,
,,,,,,,,,,,,,,,,
,,,,,,,,,,,,,,,,
,,,,,,,,,,,,,,,,
,,,,,,,,,,,,,,,,
,,,,,,,,,,,,,,,,
,,,,,,,,,,,,,,,,
,,,,,,,,,,,,,,,,
,,,,,,,,,,,,,,,,
,,,,,,,,,,,,,,,,
,,,,,,,,,,,,,,,,
,,,,,,,,,,,,,,,,
,,,,,,,,,,,,,,,,
,,,,,,,,,,,,,,,,
,,,,,,,,,,,,,,,,
,,,,,,,,,,,,,,,,
,,,,,,,,,,,,,,,,
,,,,,,,,,,,,,,,,
,,,,,,,,,,,,,,,,
,,,,,,,,,,,,,,,,
,,,,,,,,,,,,,,,,
,,,,,,,,,,,,,,,,
,,,,,,,,,,,,,,,,
,,,,,,,,,,,,,,,,
,,,,,,,,,,,,,,,,
,,,,,,,,,,,,,,,,
,,,,,,,,,,,,,,,,
,,,,,,,,,,,,,,,,
,,,,,,,,,,,,,,,,
,,,,,,,,,,,,,,,,
,,,,,,,,,,,,,,,,
,,,,,,,,,,,,,,,,
,,,,,,,,,,,,,,,,
,,,,,,,,,,,,,,,,
,,,,,,,,,,,,,,,,
,,,,,,,,,,,,,,,,
,,,,,,,,,,,,,,,,
,,,,,,,,,,,,,,,,
,,,,,,,,,,,,,,,,
,,,,,,,,,,,,,,,,
,,,,,,,,,,,,,,,,
,,,,,,,,,,,,,,,,
,,,,,,,,,,,,,,,,
,,,,,,,,,,,,,,,,
,,,,,,,,,,,,,,,,
,,,,,,,,,,,,,,,,
,,,,,,,,,,,,,,,,
,,,,,,,,,,,,,,,,
,,,,,,,,,,,,,,,,
,,,,,,,,,,,,,,,,
,,,,,,,,,,,,,,,,
,,,,,,,,,,,,,,,,
,,,,,,,,,,,,,,,,
,,,,,,,,,,,,,,,,
,,,,,,,,,,,,,,,,
,,,,,,,,,,,,,,,,
,,,,,,,,,,,,,,,,
,,,,,,,,,,,,,,,,
,,,,,,,,,,,,,,,,
,,,,,,,,,,,,,,,,
,,,,,,,,,,,,,,,,
,,,,,,,,,,,,,,,,
,,,,,,,,,,,,,,,,
,,,,,,,,,,,,,,,,
,,,,,,,,,,,,,,,,
,,,,,,,,,,,,,,,,
,,,,,,,,,,,,,,,,
,,,,,,,,,,,,,,,,
,,,,,,,,,,,,,,,,
,,,,,,,,,,,,,,,,
,,,,,,,,,,,,,,,,
,,,,,,,,,,,,,,,,
,,,,,,,,,,,,,,,,
,,,,,,,,,,,,,,,,
,,,,,,,,,,,,,,,,
,,,,,,,,,,,,,,,,
,,,,,,,,,,,,,,,,
,,,,,,,,,,,,,,,,
,,,,,,,,,,,,,,,,
,,,,,,,,,,,,,,,,
,,,,,,,,,,,,,,,,
,,,,,,,,,,,,,,,,
,,,,,,,,,,,,,,,,
,,,,,,,,,,,,,,,,
,,,,,,,,,,,,,,,,
,,,,,,,,,,,,,,,,
,,,,,,,,,,,,,,,,
,,,,,,,,,,,,,,,,
,,,,,,,,,,,,,,,,
,,,,,,,,,,,,,,,,
,,,,,,,,,,,,,,,,
,,,,,,,,,,,,,,,,
,,,,,,,,,,,,,,,,
,,,,,,,,,,,,,,,,
,,,,,,,,,,,,,,,,
,,,,,,,,,,,,,,,,
,,,,,,,,,,,,,,,,
,,,,,,,,,,,,,,,,
,,,,,,,,,,,,,,,,
,,,,,,,,,,,,,,,,
,,,,,,,,,,,,,,,,
,,,,,,,,,,,,,,,,
,,,,,,,,,,,,,,,,
,,,,,,,,,,,,,,,,
,,,,,,,,,,,,,,,,
,,,,,,,,,,,,,,,,
,,,,,,,,,,,,,,,,
,,,,,,,,,,,,,,,,
,,,,,,,,,,,,,,,,
,,,,,,,,,,,,,,,,
,,,,,,,,,,,,,,,,
,,,,,,,,,,,,,,,,
,,,,,,,,,,,,,,,,
,,,,,,,,,,,,,,,,
,,,,,,,,,,,,,,,,
,,,,,,,,,,,,,,,,
,,,,,,,,,,,,,,,,
,,,,,,,,,,,,,,,,
,,,,,,,,,,,,,,,,
,,,,,,,,,,,,,,,,
,,,,,,,,,,,,,,,,
,,,,,,,,,,,,,,,,
,,,,,,,,,,,,,,,,
,,,,,,,,,,,,,,,,
,,,,,,,,,,,,,,,,
,,,,,,,,,,,,,,,,
,,,,,,,,,,,,,,,,
,,,,,,,,,,,,,,,,
,,,,,,,,,,,,,,,,
,,,,,,,,,,,,,,,,
,,,,,,,,,,,,,,,,
,,,,,,,,,,,,,,,,
,,,,,,,,,,,,,,,,
,,,,,,,,,,,,,,,,
,,,,,,,,,,,,,,,,
,,,,,,,,,,,,,,,,
,,,,,,,,,,,,,,,,
,,,,,,,,,,,,,,,,
,,,,,,,,,,,,,,,,
,,,,,,,,,,,,,,,,
,,,,,,,,,,,,,,,,
,,,,,,,,,,,,,,,,
,,,,,,,,,,,,,,,,
,,,,,,,,,,,,,,,,
,,,,,,,,,,,,,,,,
,,,,,,,,,,,,,,,,
,,,,,,,,,,,,,,,,
,,,,,,,,,,,,,,,,
,,,,,,,,,,,,,,,,
,,,,,,,,,,,,,,,,
,,,,,,,,,,,,,,,,
,,,,,,,,,,,,,,,,
,,,,,,,,,,,,,,,,
,,,,,,,,,,,,,,,,
,,,,,,,,,,,,,,,,
,,,,,,,,,,,,,,,,
,,,,,,,,,,,,,,,,
,,,,,,,,,,,,,,,,
,,,,,,,,,,,,,,,,
,,,,,,,,,,,,,,,,
,,,,,,,,,,,,,,,,
,,,,,,,,,,,,,,,,
,,,,,,,,,,,,,,,,
,,,,,,,,,,,,,,,,
,,,,,,,,,,,,,,,,
,,,,,,,,,,,,,,,,
,,,,,,,,,,,,,,,,
,,,,,,,,,,,,,,,,
,,,,,,,,,,,,,,,,
,,,,,,,,,,,,,,,,
,,,,,,,,,,,,,,,,
,,,,,,,,,,,,,,,,
,,,,,,,,,,,,,,,,
,,,,,,,,,,,,,,,,
,,,,,,,,,,,,,,,,
,,,,,,,,,,,,,,,,
,,,,,,,,,,,,,,,,
,,,,,,,,,,,,,,,,
,,,,,,,,,,,,,,,,
,,,,,,,,,,,,,,,,
,,,,,,,,,,,,,,,,
,,,,,,,,,,,,,,,,
,,,,,,,,,,,,,,,,
,,,,,,,,,,,,,,,,
,,,,,,,,,,,,,,,,
,,,,,,,,,,,,,,,,
,,,,,,,,,,,,,,,,
,,,,,,,,,,,,,,,,
,,,,,,,,,,,,,,,,
,,,,,,,,,,,,,,,,
,,,,,,,,,,,,,,,,
,,,,,,,,,,,,,,,,
,,,,,,,,,,,,,,,,
,,,,,,,,,,,,,,,,
,,,,,,,,,,,,,,,,
,,,,,,,,,,,,,,,,
,,,,,,,,,,,,,,,,
,,,,,,,,,,,,,,,,
,,,,,,,,,,,,,,,,
,,,,,,,,,,,,,,,,
,,,,,,,,,,,,,,,,
,,,,,,,,,,,,,,,,
,,,,,,,,,,,,,,,,
,,,,,,,,,,,,,,,,
,,,,,,,,,,,,,,,,
,,,,,,,,,,,,,,,,
,,,,,,,,,,,,,,,,
,,,,,,,,,,,,,,,,
,,,,,,,,,,,,,,,,
,,,,,,,,,,,,,,,,
,,,,,,,,,,,,,,,,
,,,,,,,,,,,,,,,,
,,,,,,,,,,,,,,,,
,,,,,,,,,,,,,,,,
,,,,,,,,,,,,,,,,
,,,,,,,,,,,,,,,,
,,,,,,,,,,,,,,,,
,,,,,,,,,,,,,,,,
,,,,,,,,,,,,,,,,
,,,,,,,,,,,,,,,,
,,,,,,,,,,,,,,,,
,,,,,,,,,,,,,,,,
,,,,,,,,,,,,,,,,
,,,,,,,,,,,,,,,,
,,,,,,,,,,,,,,,,
,,,,,,,,,,,,,,,,
,,,,,,,,,,,,,,,,
,,,,,,,,,,,,,,,,
,,,,,,,,,,,,,,,,
,,,,,,,,,,,,,,,,
,,,,,,,,,,,,,,,,
,,,,,,,,,,,,,,,,
,,,,,,,,,,,,,,,,
,,,,,,,,,,,,,,,,
,,,,,,,,,,,,,,,,
,,,,,,,,,,,,,,,,
,,,,,,,,,,,,,,,,
,,,,,,,,,,,,,,,,
,,,,,,,,,,,,,,,,
,,,,,,,,,,,,,,,,
,,,,,,,,,,,,,,,,
,,,,,,,,,,,,,,,,
,,,,,,,,,,,,,,,,
,,,,,,,,,,,,,,,,
,,,,,,,,,,,,,,,,
,,,,,,,,,,,,,,,,
,,,,,,,,,,,,,,,,
,,,,,,,,,,,,,,,,
,,,,,,,,,,,,,,,,
,,,,,,,,,,,,,,,,
,,,,,,,,,,,,,,,,
,,,,,,,,,,,,,,,,
,,,,,,,,,,,,,,,,
,,,,,,,,,,,,,,,,
,,,,,,,,,,,,,,,,
,,,,,,,,,,,,,,,,
,,,,,,,,,,,,,,,,
,,,,,,,,,,,,,,,,
,,,,,,,,,,,,,,,,
,,,,,,,,,,,,,,,,
,,,,,,,,,,,,,,,,
,,,,,,,,,,,,,,,,
,,,,,,,,,,,,,,,,
,,,,,,,,,,,,,,,,
,,,,,,,,,,,,,,,,
,,,,,,,,,,,,,,,,
,,,,,,,,,,,,,,,,
,,,,,,,,,,,,,,,,
,,,,,,,,,,,,,,,,
,,,,,,,,,,,,,,,,
,,,,,,,,,,,,,,,,
,,,,,,,,,,,,,,,,
,,,,,,,,,,,,,,,,
,,,,,,,,,,,,,,,,
,,,,,,,,,,,,,,,,
,,,,,,,,,,,,,,,,
,,,,,,,,,,,,,,,,
,,,,,,,,,,,,,,,,
,,,,,,,,,,,,,,,,
,,,,,,,,,,,,,,,,
,,,,,,,,,,,,,,,,
,,,,,,,,,,,,,,,,
,,,,,,,,,,,,,,,,
,,,,,,,,,,,,,,,,
,,,,,,,,,,,,,,,,
,,,,,,,,,,,,,,,,
,,,,,,,,,,,,,,,,
,,,,,,,,,,,,,,,,
,,,,,,,,,,,,,,,,
,,,,,,,,,,,,,,,,
,,,,,,,,,,,,,,,,
,,,,,,,,,,,,,,,,
,,,,,,,,,,,,,,,,
,,,,,,,,,,,,,,,,
,,,,,,,,,,,,,,,,
,,,,,,,,,,,,,,,,
,,,,,,,,,,,,,,,,
,,,,,,,,,,,,,,,,
,,,,,,,,,,,,,,,,
,,,,,,,,,,,,,,,,
,,,,,,,,,,,,,,,,
,,,,,,,,,,,,,,,,
,,,,,,,,,,,,,,,,
,,,,,,,,,,,,,,,,
,,,,,,,,,,,,,,,,
,,,,,,,,,,,,,,,,
,,,,,,,,,,,,,,,,
,,,,,,,,,,,,,,,,
,,,,,,,,,,,,,,,,
,,,,,,,,,,,,,,,,
,,,,,,,,,,,,,,,,
,,,,,,,,,,,,,,,,
,,,,,,,,,,,,,,,,
,,,,,,,,,,,,,,,,
,,,,,,,,,,,,,,,,
,,,,,,,,,,,,,,,,
,,,,,,,,,,,,,,,,
,,,,,,,,,,,,,,,,
,,,,,,,,,,,,,,,,
,,,,,,,,,,,,,,,,
,,,,,,,,,,,,,,,,
,,,,,,,,,,,,,,,,
,,,,,,,,,,,,,,,,
,,,,,,,,,,,,,,,,
,,,,,,,,,,,,,,,,
,,,,,,,,,,,,,,,,
,,,,,,,,,,,,,,,,
,,,,,,,,,,,,,,,,
,,,,,,,,,,,,,,,,
,,,,,,,,,,,,,,,,
,,,,,,,,,,,,,,,,
,,,,,,,,,,,,,,,,
,,,,,,,,,,,,,,,,
,,,,,,,,,,,,,,,,
,,,,,,,,,,,,,,,,
,,,,,,,,,,,,,,,,
,,,,,,,,,,,,,,,,
,,,,,,,,,,,,,,,,
,,,,,,,,,,,,,,,,
,,,,,,,,,,,,,,,,
,,,,,,,,,,,,,,,,
,,,,,,,,,,,,,,,,
,,,,,,,,,,,,,,,,
,,,,,,,,,,,,,,,,
,,,,,,,,,,,,,,,,
,,,,,,,,,,,,,,,,
,,,,,,,,,,,,,,,,
,,,,,,,,,,,,,,,,
,,,,,,,,,,,,,,,,
,,,,,,,,,,,,,,,,
,,,,,,,,,,,,,,,,
,,,,,,,,,,,,,,,,
,,,,,,,,,,,,,,,,
,,,,,,,,,,,,,,,,
,,,,,,,,,,,,,,,,
,,,,,,,,,,,,,,,,
,,,,,,,,,,,,,,,,
,,,,,,,,,,,,,,,,
,,,,,,,,,,,,,,,,
,,,,,,,,,,,,,,,,
,,,,,,,,,,,,,,,,
,,,,,,,,,,,,,,,,
,,,,,,,,,,,,,,,,
,,,,,,,,,,,,,,,,
,,,,,,,,,,,,,,,,
,,,,,,,,,,,,,,,,
,,,,,,,,,,,,,,,,
,,,,,,,,,,,,,,,,
,,,,,,,,,,,,,,,,
,,,,,,,,,,,,,,,,
,,,,,,,,,,,,,,,,
,,,,,,,,,,,,,,,,
,,,,,,,,,,,,,,,,
,,,,,,,,,,,,,,,,
,,,,,,,,,,,,,,,,
,,,,,,,,,,,,,,,,
,,,,,,,,,,,,,,,,
,,,,,,,,,,,,,,,,
,,,,,,,,,,,,,,,,
,,,,,,,,,,,,,,,,
,,,,,,,,,,,,,,,,
,,,,,,,,,,,,,,,,
,,,,,,,,,,,,,,,,
,,,,,,,,,,,,,,,,
,,,,,,,,,,,,,,,,
,,,,,,,,,,,,,,,,
,,,,,,,,,,,,,,,,
,,,,,,,,,,,,,,,,
,,,,,,,,,,,,,,,,
,,,,,,,,,,,,,,,,
,,,,,,,,,,,,,,,,
,,,,,,,,,,,,,,,,
,,,,,,,,,,,,,,,,
,,,,,,,,,,,,,,,,
,,,,,,,,,,,,,,,,
,,,,,,,,,,,,,,,,
,,,,,,,,,,,,,,,,
,,,,,,,,,,,,,,,,
,,,,,,,,,,,,,,,,
,,,,,,,,,,,,,,,,
,,,,,,,,,,,,,,,,
,,,,,,,,,,,,,,,,
,,,,,,,,,,,,,,,,
,,,,,,,,,,,,,,,,
,,,,,,,,,,,,,,,,
,,,,,,,,,,,,,,,,
,,,,,,,,,,,,,,,,
,,,,,,,,,,,,,,,,
,,,,,,,,,,,,,,,,
,,,,,,,,,,,,,,,,
,,,,,,,,,,,,,,,,
,,,,,,,,,,,,,,,,
,,,,,,,,,,,,,,,,
,,,,,,,,,,,,,,,,
,,,,,,,,,,,,,,,,
,,,,,,,,,,,,,,,,
,,,,,,,,,,,,,,,,
,,,,,,,,,,,,,,,,
,,,,,,,,,,,,,,,,
,,,,,,,,,,,,,,,,
,,,,,,,,,,,,,,,,
,,,,,,,,,,,,,,,,
,,,,,,,,,,,,,,,,
,,,,,,,,,,,,,,,,
,,,,,,,,,,,,,,,,
,,,,,,,,,,,,,,,,
,,,,,,,,,,,,,,,,
,,,,,,,,,,,,,,,,
,,,,,,,,,,,,,,,,
,,,,,,,,,,,,,,,,
,,,,,,,,,,,,,,,,
,,,,,,,,,,,,,,,,
,,,,,,,,,,,,,,,,
,,,,,,,,,,,,,,,,
,,,,,,,,,,,,,,,,
,,,,,,,,,,,,,,,,
,,,,,,,,,,,,,,,,
,,,,,,,,,,,,,,,,
,,,,,,,,,,,,,,,,
,,,,,,,,,,,,,,,,
,,,,,,,,,,,,,,,,
,,,,,,,,,,,,,,,,
,,,,,,,,,,,,,,,,
,,,,,,,,,,,,,,,,
,,,,,,,,,,,,,,,,
,,,,,,,,,,,,,,,,
,,,,,,,,,,,,,,,,
,,,,,,,,,,,,,,,,
,,,,,,,,,,,,,,,,
,,,,,,,,,,,,,,,,
,,,,,,,,,,,,,,,,
,,,,,,,,,,,,,,,,
,,,,,,,,,,,,,,,,
,,,,,,,,,,,,,,,,
,,,,,,,,,,,,,,,,
,,,,,,,,,,,,,,,,
,,,,,,,,,,,,,,,,
,,,,,,,,,,,,,,,,
,,,,,,,,,,,,,,,,
,,,,,,,,,,,,,,,,
,,,,,,,,,,,,,,,,
,,,,,,,,,,,,,,,,
,,,,,,,,,,,,,,,,
,,,,,,,,,,,,,,,,
,,,,,,,,,,,,,,,,
,,,,,,,,,,,,,,,,
,,,,,,,,,,,,,,,,
,,,,,,,,,,,,,,,,
,,,,,,,,,,,,,,,,
,,,,,,,,,,,,,,,,
,,,,,,,,,,,,,,,,
,,,,,,,,,,,,,,,,
,,,,,,,,,,,,,,,,
,,,,,,,,,,,,,,,,
,,,,,,,,,,,,,,,,
,,,,,,,,,,,,,,,,
,,,,,,,,,,,,,,,,
,,,,,,,,,,,,,,,,
,,,,,,,,,,,,,,,,
,,,,,,,,,,,,,,,,
,,,,,,,,,,,,,,,,
,,,,,,,,,,,,,,,,
,,,,,,,,,,,,,,,,
,,,,,,,,,,,,,,,,
,,,,,,,,,,,,,,,,
,,,,,,,,,,,,,,,,
,,,,,,,,,,,,,,,,
,,,,,,,,,,,,,,,,
,,,,,,,,,,,,,,,,
,,,,,,,,,,,,,,,,
,,,,,,,,,,,,,,,,
,,,,,,,,,,,,,,,,
,,,,,,,,,,,,,,,,
,,,,,,,,,,,,,,,,
,,,,,,,,,,,,,,,,
,,,,,,,,,,,,,,,,
,,,,,,,,,,,,,,,,
,,,,,,,,,,,,,,,,
,,,,,,,,,,,,,,,,
,,,,,,,,,,,,,,,,
,,,,,,,,,,,,,,,,
,,,,,,,,,,,,,,,,
,,,,,,,,,,,,,,,,
,,,,,,,,,,,,,,,,
,,,,,,,,,,,,,,,,
,,,,,,,,,,,,,,,,
,,,,,,,,,,,,,,,,
,,,,,,,,,,,,,,,,
,,,,,,,,,,,,,,,,
,,,,,,,,,,,,,,,,
,,,,,,,,,,,,,,,,
,,,,,,,,,,,,,,,,
,,,,,,,,,,,,,,,,
,,,,,,,,,,,,,,,,
,,,,,,,,,,,,,,,,
,,,,,,,,,,,,,,,,
,,,,,,,,,,,,,,,,
,,,,,,,,,,,,,,,,
,,,,,,,,,,,,,,,,
,,,,,,,,,,,,,,,,
,,,,,,,,,,,,,,,,
,,,,,,,,,,,,,,,,
,,,,,,,,,,,,,,,,
,,,,,,,,,,,,,,,,
,,,,,,,,,,,,,,,,
,,,,,,,,,,,,,,,,
,,,,,,,,,,,,,,,,
,,,,,,,,,,,,,,,,
,,,,,,,,,,,,,,,,
,,,,,,,,,,,,,,,,
,,,,,,,,,,,,,,,,
,,,,,,,,,,,,,,,,
,,,,,,,,,,,,,,,,
,,,,,,,,,,,,,,,,
,,,,,,,,,,,,,,,,
,,,,,,,,,,,,,,,,
,,,,,,,,,,,,,,,,
,,,,,,,,,,,,,,,,
,,,,,,,,,,,,,,,,
,,,,,,,,,,,,,,,,
,,,,,,,,,,,,,,,,
,,,,,,,,,,,,,,,,
,,,,,,,,,,,,,,,,
,,,,,,,,,,,,,,,,
,,,,,,,,,,,,,,,,
,,,,,,,,,,,,,,,,
,,,,,,,,,,,,,,,,
,,,,,,,,,,,,,,,,
,,,,,,,,,,,,,,,,
,,,,,,,,,,,,,,,,
,,,,,,,,,,,,,,,,
,,,,,,,,,,,,,,,,
,,,,,,,,,,,,,,,,
,,,,,,,,,,,,,,,,
,,,,,,,,,,,,,,,,
,,,,,,,,,,,,,,,,
,,,,,,,,,,,,,,,,
,,,,,,,,,,,,,,,,
,,,,,,,,,,,,,,,,
,,,,,,,,,,,,,,,,
,,,,,,,,,,,,,,,,
,,,,,,,,,,,,,,,,
,,,,,,,,,,,,,,,,
,,,,,,,,,,,,,,,,
,,,,,,,,,,,,,,,,
,,,,,,,,,,,,,,,,
,,,,,,,,,,,,,,,,
,,,,,,,,,,,,,,,,
,,,,,,,,,,,,,,,,
,,,,,,,,,,,,,,,,
,,,,,,,,,,,,,,,,
,,,,,,,,,,,,,,,,
,,,,,,,,,,,,,,,,
,,,,,,,,,,,,,,,,
,,,,,,,,,,,,,,,,
,,,,,,,,,,,,,,,,
,,,,,,,,,,,,,,,,
,,,,,,,,,,,,,,,,
,,,,,,,,,,,,,,,,
,,,,,,,,,,,,,,,,
,,,,,,,,,,,,,,,,
,,,,,,,,,,,,,,,,
,,,,,,,,,,,,,,,,
,,,,,,,,,,,,,,,,
,,,,,,,,,,,,,,,,
,,,,,,,,,,,,,,,,
,,,,,,,,,,,,,,,,
,,,,,,,,,,,,,,,,
,,,,,,,,,,,,,,,,
,,,,,,,,,,,,,,,,
,,,,,,,,,,,,,,,,
,,,,,,,,,,,,,,,,
,,,,,,,,,,,,,,,,
,,,,,,,,,,,,,,,,
,,,,,,,,,,,,,,,,
,,,,,,,,,,,,,,,,
,,,,,,,,,,,,,,,,
,,,,,,,,,,,,,,,,
,,,,,,,,,,,,,,,,
,,,,,,,,,,,,,,,,
,,,,,,,,,,,,,,,,
,,,,,,,,,,,,,,,,
,,,,,,,,,,,,,,,,
,,,,,,,,,,,,,,,,
,,,,,,,,,,,,,,,,
,,,,,,,,,,,,,,,,
,,,,,,,,,,,,,,,,
,,,,,,,,,,,,,,,,
,,,,,,,,,,,,,,,,
,,,,,,,,,,,,,,,,
,,,,,,,,,,,,,,,,
,,,,,,,,,,,,,,,,
,,,,,,,,,,,,,,,,
,,,,,,,,,,,,,,,,
,,,,,,,,,,,,,,,,
,,,,,,,,,,,,,,,,
,,,,,,,,,,,,,,,,
,,,,,,,,,,,,,,,,
,,,,,,,,,,,,,,,,
,,,,,,,,,,,,,,,,
,,,,,,,,,,,,,,,,
,,,,,,,,,,,,,,,,
,,,,,,,,,,,,,,,,
,,,,,,,,,,,,,,,,
,,,,,,,,,,,,,,,,
,,,,,,,,,,,,,,,,
,,,,,,,,,,,,,,,,
,,,,,,,,,,,,,,,,
,,,,,,,,,,,,,,,,
,,,,,,,,,,,,,,,,
,,,,,,,,,,,,,,,,
,,,,,,,,,,,,,,,,
,,,,,,,,,,,,,,,,
,,,,,,,,,,,,,,,,
,,,,,,,,,,,,,,,,
,,,,,,,,,,,,,,,,
,,,,,,,,,,,,,,,,
,,,,,,,,,,,,,,,,
,,,,,,,,,,,,,,,,
,,,,,,,,,,,,,,,,
,,,,,,,,,,,,,,,,
,,,,,,,,,,,,,,,,
,,,,,,,,,,,,,,,,
,,,,,,,,,,,,,,,,
,,,,,,,,,,,,,,,,
,,,,,,,,,,,,,,,,
,,,,,,,,,,,,,,,,
,,,,,,,,,,,,,,,,
,,,,,,,,,,,,,,,,
,,,,,,,,,,,,,,,,
,,,,,,,,,,,,,,,,
,,,,,,,,,,,,,,,,
,,,,,,,,,,,,,,,,
,,,,,,,,,,,,,,,,
,,,,,,,,,,,,,,,,
,,,,,,,,,,,,,,,,
,,,,,,,,,,,,,,,,
,,,,,,,,,,,,,,,,
,,,,,,,,,,,,,,,,
,,,,,,,,,,,,,,,,
,,,,,,,,,,,,,,,,
,,,,,,,,,,,,,,,,
,,,,,,,,,,,,,,,,
,,,,,,,,,,,,,,,,
,,,,,,,,,,,,,,,,
,,,,,,,,,,,,,,,,
,,,,,,,,,,,,,,,,
,,,,,,,,,,,,,,,,
,,,,,,,,,,,,,,,,
,,,,,,,,,,,,,,,,
,,,,,,,,,,,,,,,,
,,,,,,,,,,,,,,,,
,,,,,,,,,,,,,,,,
,,,,,,,,,,,,,,,,
,,,,,,,,,,,,,,,,
,,,,,,,,,,,,,,,,
,,,,,,,,,,,,,,,,
,,,,,,,,,,,,,,,,
,,,,,,,,,,,,,,,,
,,,,,,,,,,,,,,,,
,,,,,,,,,,,,,,,,
,,,,,,,,,,,,,,,,
,,,,,,,,,,,,,,,,
,,,,,,,,,,,,,,,,
,,,,,,,,,,,,,,,,
,,,,,,,,,,,,,,,,
,,,,,,,,,,,,,,,,
,,,,,,,,,,,,,,,,
,,,,,,,,,,,,,,,,
,,,,,,,,,,,,,,,,
,,,,,,,,,,,,,,,,
,,,,,,,,,,,,,,,,
,,,,,,,,,,,,,,,,
,,,,,,,,,,,,,,,,
,,,,,,,,,,,,,,,,
,,,,,,,,,,,,,,,,
,,,,,,,,,,,,,,,,
,,,,,,,,,,,,,,,,
,,,,,,,,,,,,,,,,
,,,,,,,,,,,,,,,,
,,,,,,,,,,,,,,,,
,,,,,,,,,,,,,,,,
,,,,,,,,,,,,,,,,
,,,,,,,,,,,,,,,,
,,,,,,,,,,,,,,,,
,,,,,,,,,,,,,,,,
,,,,,,,,,,,,,,,,
,,,,,,,,,,,,,,,,
,,,,,,,,,,,,,,,,
,,,,,,,,,,,,,,,,
,,,,,,,,,,,,,,,,
,,,,,,,,,,,,,,,,
,,,,,,,,,,,,,,,,
,,,,,,,,,,,,,,,,
,,,,,,,,,,,,,,,,
,,,,,,,,,,,,,,,,
,,,,,,,,,,,,,,,,
,,,,,,,,,,,,,,,,
,,,,,,,,,,,,,,,,
,,,,,,,,,,,,,,,,
,,,,,,,,,,,,,,,,
,,,,,,,,,,,,,,,,
,,,,,,,,,,,,,,,,
,,,,,,,,,,,,,,,,
,,,,,,,,,,,,,,,,
,,,,,,,,,,,,,,,,
,,,,,,,,,,,,,,,,
,,,,,,,,,,,,,,,,
,,,,,,,,,,,,,,,,
,,,,,,,,,,,,,,,,
,,,,,,,,,,,,,,,,
,,,,,,,,,,,,,,,,
,,,,,,,,,,,,,,,,
,,,,,,,,,,,,,,,,
,,,,,,,,,,,,,,,,
,,,,,,,,,,,,,,,,
,,,,,,,,,,,,,,,,
,,,,,,,,,,,,,,,,
,,,,,,,,,,,,,,,,
,,,,,,,,,,,,,,,,
,,,,,,,,,,,,,,,,
,,,,,,,,,,,,,,,,
,,,,,,,,,,,,,,,,
,,,,,,,,,,,,,,,,
,,,,,,,,,,,,,,,,
,,,,,,,,,,,,,,,,
,,,,,,,,,,,,,,,,
,,,,,,,,,,,,,,,,
,,,,,,,,,,,,,,,,
,,,,,,,,,,,,,,,,
,,,,,,,,,,,,,,,,
,,,,,,,,,,,,,,,,
,,,,,,,,,,,,,,,,
,,,,,,,,,,,,,,,,
,,,,,,,,,,,,,,,,
,,,,,,,,,,,,,,,,
,,,,,,,,,,,,,,,,
,,,,,,,,,,,,,,,,
,,,,,,,,,,,,,,,,
,,,,,,,,,,,,,,,,
,,,,,,,,,,,,,,,,
,,,,,,,,,,,,,,,,
,,,,,,,,,,,,,,,,
,,,,,,,,,,,,,,,,
,,,,,,,,,,,,,,,,
,,,,,,,,,,,,,,,,
,,,,,,,,,,,,,,,,
,,,,,,,,,,,,,,,,
,,,,,,,,,,,,,,,,
,,,,,,,,,,,,,,,,
,,,,,,,,,,,,,,,,
,,,,,,,,,,,,,,,,
,,,,,,,,,,,,,,,,
,,,,,,,,,,,,,,,,
,,,,,,,,,,,,,,,,
,,,,,,,,,,,,,,,,
,,,,,,,,,,,,,,,,
,,,,,,,,,,,,,,,,
,,,,,,,,,,,,,,,,
,,,,,,,,,,,,,,,,
,,,,,,,,,,,,,,,,
,,,,,,,,,,,,,,,,
,,,,,,,,,,,,,,,,
,,,,,,,,,,,,,,,,
,,,,,,,,,,,,,,,,
,,,,,,,,,,,,,,,,
,,,,,,,,,,,,,,,,
,,,,,,,,,,,,,,,,
,,,,,,,,,,,,,,,,
,,,,,,,,,,,,,,,,
,,,,,,,,,,,,,,,,
,,,,,,,,,,,,,,,,
,,,,,,,,,,,,,,,,
,,,,,,,,,,,,,,,,
,,,,,,,,,,,,,,,,
,,,,,,,,,,,,,,,,
,,,,,,,,,,,,,,,,
,,,,,,,,,,,,,,,,
,,,,,,,,,,,,,,,,
,,,,,,,,,,,,,,,,
,,,,,,,,,,,,,,,,
,,,,,,,,,,,,,,,,
,,,,,,,,,,,,,,,,
,,,,,,,,,,,,,,,,
,,,,,,,,,,,,,,,,
,,,,,,,,,,,,,,,,
,,,,,,,,,,,,,,,,
,,,,,,,,,,,,,,,,
,,,,,,,,,,,,,,,,
,,,,,,,,,,,,,,,,
,,,,,,,,,,,,,,,,
,,,,,,,,,,,,,,,,
,,,,,,,,,,,,,,,,
,,,,,,,,,,,,,,,,
,,,,,,,,,,,,,,,,
,,,,,,,,,,,,,,,,
,,,,,,,,,,,,,,,,
,,,,,,,,,,,,,,,,
,,,,,,,,,,,,,,,,
,,,,,,,,,,,,,,,,
,,,,,,,,,,,,,,,,
,,,,,,,,,,,,,,,,
,,,,,,,,,,,,,,,,
,,,,,,,,,,,,,,,,
,,,,,,,,,,,,,,,,
,,,,,,,,,,,,,,,,
,,,,,,,,,,,,,,,,
,,,,,,,,,,,,,,,,
,,,,,,,,,,,,,,,,
,,,,,,,,,,,,,,,,
,,,,,,,,,,,,,,,,
,,,,,,,,,,,,,,,,
,,,,,,,,,,,,,,,,
,,,,,,,,,,,,,,,,
,,,,,,,,,,,,,,,,
,,,,,,,,,,,,,,,,
,,,,,,,,,,,,,,,,
,,,,,,,,,,,,,,,,
,,,,,,,,,,,,,,,,
,,,,,,,,,,,,,,,,
,,,,,,,,,,,,,,,,
,,,,,,,,,,,,,,,,
,,,,,,,,,,,,,,,,
,,,,,,,,,,,,,,,,
,,,,,,,,,,,,,,,,
,,,,,,,,,,,,,,,,
,,,,,,,,,,,,,,,,
,,,,,,,,,,,,,,,,
,,,,,,,,,,,,,,,,
,,,,,,,,,,,,,,,,
,,,,,,,,,,,,,,,,
,,,,,,,,,,,,,,,,
,,,,,,,,,,,,,,,,
,,,,,,,,,,,,,,,,
,,,,,,,,,,,,,,,,
,,,,,,,,,,,,,,,,
,,,,,,,,,,,,,,,,
,,,,,,,,,,,,,,,,
,,,,,,,,,,,,,,,,
,,,,,,,,,,,,,,,,
,,,,,,,,,,,,,,,,
,,,,,,,,,,,,,,,,
,,,,,,,,,,,,,,,,
,,,,,,,,,,,,,,,,
,,,,,,,,,,,,,,,,
,,,,,,,,,,,,,,,,
,,,,,,,,,,,,,,,,
,,,,,,,,,,,,,,,,
,,,,,,,,,,,,,,,,
,,,,,,,,,,,,,,,,
,,,,,,,,,,,,,,,,
,,,,,,,,,,,,,,,,
,,,,,,,,,,,,,,,,
,,,,,,,,,,,,,,,,
,,,,,,,,,,,,,,,,
,,,,,,,,,,,,,,,,
,,,,,,,,,,,,,,,,
,,,,,,,,,,,,,,,,
,,,,,,,,,,,,,,,,
,,,,,,,,,,,,,,,,
,,,,,,,,,,,,,,,,
,,,,,,,,,,,,,,,,
,,,,,,,,,,,,,,,,
,,,,,,,,,,,,,,,,
,,,,,,,,,,,,,,,,
,,,,,,,,,,,,,,,,
,,,,,,,,,,,,,,,,
,,,,,,,,,,,,,,,,
,,,,,,,,,,,,,,,,
,,,,,,,,,,,,,,,,
,,,,,,,,,,,,,,,,
,,,,,,,,,,,,,,,,
,,,,,,,,,,,,,,,,
,,,,,,,,,,,,,,,,
,,,,,,,,,,,,,,,,
,,,,,,,,,,,,,,,,
,,,,,,,,,,,,,,,,
,,,,,,,,,,,,,,,,
,,,,,,,,,,,,,,,,
,,,,,,,,,,,,,,,,
,,,,,,,,,,,,,,,,
,,,,,,,,,,,,,,,,
,,,,,,,,,,,,,,,,
,,,,,,,,,,,,,,,,
,,,,,,,,,,,,,,,,
,,,,,,,,,,,,,,,,
,,,,,,,,,,,,,,,,
,,,,,,,,,,,,,,,,
,,,,,,,,,,,,,,,,
,,,,,,,,,,,,,,,,
,,,,,,,,,,,,,,,,
,,,,,,,,,,,,,,,,
,,,,,,,,,,,,,,,,
,,,,,,,,,,,,,,,,
,,,,,,,,,,,,,,,,
,,,,,,,,,,,,,,,,
,,,,,,,,,,,,,,,,
,,,,,,,,,,,,,,,,
,,,,,,,,,,,,,,,,
,,,,,,,,,,,,,,,,
,,,,,,,,,,,,,,,,
,,,,,,,,,,,,,,,,
,,,,,,,,,,,,,,,,
,,,,,,,,,,,,,,,,
,,,,,,,,,,,,,,,,
,,,,,,,,,,,,,,,,
,,,,,,,,,,,,,,,,
,,,,,,,,,,,,,,,,
,,,,,,,,,,,,,,,,
,,,,,,,,,,,,,,,,
,,,,,,,,,,,,,,,,
,,,,,,,,,,,,,,,,
,,,,,,,,,,,,,,,,
,,,,,,,,,,,,,,,,
,,,,,,,,,,,,,,,,
,,,,,,,,,,,,,,,,
,,,,,,,,,,,,,,,,
,,,,,,,,,,,,,,,,
,,,,,,,,,,,,,,,,
,,,,,,,,,,,,,,,,
,,,,,,,,,,,,,,,,
,,,,,,,,,,,,,,,,
,,,,,,,,,,,,,,,,
,,,,,,,,,,,,,,,,
,,,,,,,,,,,,,,,,
,,,,,,,,,,,,,,,,
,,,,,,,,,,,,,,,,
,,,,,,,,,,,,,,,,
,,,,,,,,,,,,,,,,
,,,,,,,,,,,,,,,,
,,,,,,,,,,,,,,,,
,,,,,,,,,,,,,,,,
,,,,,,,,,,,,,,,,
,,,,,,,,,,,,,,,,
,,,,,,,,,,,,,,,,
,,,,,,,,,,,,,,,,
,,,,,,,,,,,,,,,,
,,,,,,,,,,,,,,,,
,,,,,,,,,,,,,,,,
,,,,,,,,,,,,,,,,
,,,,,,,,,,,,,,,,
,,,,,,,,,,,,,,,,
,,,,,,,,,,,,,,,,
,,,,,,,,,,,,,,,,
,,,,,,,,,,,,,,,,
,,,,,,,,,,,,,,,,
,,,,,,,,,,,,,,,,
,,,,,,,,,,,,,,,,
,,,,,,,,,,,,,,,,
,,,,,,,,,,,,,,,,
,,,,,,,,,,,,,,,,
,,,,,,,,,,,,,,,,
,,,,,,,,,,,,,,,,
,,,,,,,,,,,,,,,,
,,,,,,,,,,,,,,,,
,,,,,,,,,,,,,,,,
,,,,,,,,,,,,,,,,
,,,,,,,,,,,,,,,,
,,,,,,,,,,,,,,,,
,,,,,,,,,,,,,,,,
,,,,,,,,,,,,,,,,
,,,,,,,,,,,,,,,,
,,,,,,,,,,,,,,,,
,,,,,,,,,,,,,,,,
,,,,,,,,,,,,,,,,
,,,,,,,,,,,,,,,,
,,,,,,,,,,,,,,,,
,,,,,,,,,,,,,,,,
,,,,,,,,,,,,,,,,
,,,,,,,,,,,,,,,,
,,,,,,,,,,,,,,,,
,,,,,,,,,,,,,,,,
,,,,,,,,,,,,,,,,
,,,,,,,,,,,,,,,,
,,,,,,,,,,,,,,,,
,,,,,,,,,,,,,,,,
,,,,,,,,,,,,,,,,
,,,,,,,,,,,,,,,,
,,,,,,,,,,,,,,,,
,,,,,,,,,,,,,,,,
,,,,,,,,,,,,,,,,
,,,,,,,,,,,,,,,,
,,,,,,,,,,,,,,,,
,,,,,,,,,,,,,,,,
,,,,,,,,,,,,,,,,
,,,,,,,,,,,,,,,,
,,,,,,,,,,,,,,,,
,,,,,,,,,,,,,,,,
,,,,,,,,,,,,,,,,
,,,,,,,,,,,,,,,,
,,,,,,,,,,,,,,,,
,,,,,,,,,,,,,,,,
,,,,,,,,,,,,,,,,
,,,,,,,,,,,,,,,,
,,,,,,,,,,,,,,,,
,,,,,,,,,,,,,,,,
,,,,,,,,,,,,,,,,
,,,,,,,,,,,,,,,,
,,,,,,,,,,,,,,,,
,,,,,,,,,,,,,,,,
,,,,,,,,,,,,,,,,
,,,,,,,,,,,,,,,,
,,,,,,,,,,,,,,,,
,,,,,,,,,,,,,,,,
,,,,,,,,,,,,,,,,
,,,,,,,,,,,,,,,,
,,,,,,,,,,,,,,,,
,,,,,,,,,,,,,,,,
,,,,,,,,,,,,,,,,
,,,,,,,,,,,,,,,,
,,,,,,,,,,,,,,,,
,,,,,,,,,,,,,,,,
,,,,,,,,,,,,,,,,
,,,,,,,,,,,,,,,,
,,,,,,,,,,,,,,,,
,,,,,,,,,,,,,,,,
,,,,,,,,,,,,,,,,
,,,,,,,,,,,,,,,,
,,,,,,,,,,,,,,,,
,,,,,,,,,,,,,,,,
,,,,,,,,,,,,,,,,
,,,,,,,,,,,,,,,,
,,,,,,,,,,,,,,,,
,,,,,,,,,,,,,,,,
,,,,,,,,,,,,,,,,
,,,,,,,,,,,,,,,,
,,,,,,,,,,,,,,,,
,,,,,,,,,,,,,,,,
,,,,,,,,,,,,,,,,
,,,,,,,,,,,,,,,,
,,,,,,,,,,,,,,,,
,,,,,,,,,,,,,,,,
,,,,,,,,,,,,,,,,
,,,,,,,,,,,,,,,,
,,,,,,,,,,,,,,,,
,,,,,,,,,,,,,,,,
,,,,,,,,,,,,,,,,
,,,,,,,,,,,,,,,,
,,,,,,,,,,,,,,,,
,,,,,,,,,,,,,,,,
,,,,,,,,,,,,,,,,
,,,,,,,,,,,,,,,,
,,,,,,,,,,,,,,,,
,,,,,,,,,,,,,,,,
,,,,,,,,,,,,,,,,
,,,,,,,,,,,,,,,,
,,,,,,,,,,,,,,,,
,,,,,,,,,,,,,,,,
,,,,,,,,,,,,,,,,
,,,,,,,,,,,,,,,,
,,,,,,,,,,,,,,,,
,,,,,,,,,,,,,,,,
,,,,,,,,,,,,,,,,
,,,,,,,,,,,,,,,,
,,,,,,,,,,,,,,,,
,,,,,,,,,,,,,,,,
,,,,,,,,,,,,,,,,
,,,,,,,,,,,,,,,,
,,,,,,,,,,,,,,,,
,,,,,,,,,,,,,,,,
,,,,,,,,,,,,,,,,
,,,,,,,,,,,,,,,,
,,,,,,,,,,,,,,,,
,,,,,,,,,,,,,,,,
,,,,,,,,,,,,,,,,
,,,,,,,,,,,,,,,,
,,,,,,,,,,,,,,,,
,,,,,,,,,,,,,,,,
,,,,,,,,,,,,,,,,
,,,,,,,,,,,,,,,,
,,,,,,,,,,,,,,,,
,,,,,,,,,,,,,,,,
,,,,,,,,,,,,,,,,
,,,,,,,,,,,,,,,,
,,,,,,,,,,,,,,,,
,,,,,,,,,,,,,,,,
,,,,,,,,,,,,,,,,
,,,,,,,,,,,,,,,,
,,,,,,,,,,,,,,,,
,,,,,,,,,,,,,,,,
,,,,,,,,,,,,,,,,
,,,,,,,,,,,,,,,,
,,,,,,,,,,,,,,,,
,,,,,,,,,,,,,,,,
,,,,,,,,,,,,,,,,
,,,,,,,,,,,,,,,,
,,,,,,,,,,,,,,,,
,,,,,,,,,,,,,,,,
,,,,,,,,,,,,,,,,
,,,,,,,,,,,,,,,,
,,,,,,,,,,,,,,,,
,,,,,,,,,,,,,,,,
,,,,,,,,,,,,,,,,
,,,,,,,,,,,,,,,,
,,,,,,,,,,,,,,,,
,,,,,,,,,,,,,,,,
,,,,,,,,,,,,,,,,
,,,,,,,,,,,,,,,,
,,,,,,,,,,,,,,,,
,,,,,,,,,,,,,,,,
,,,,,,,,,,,,,,,,
,,,,,,,,,,,,,,,,
,,,,,,,,,,,,,,,,
,,,,,,,,,,,,,,,,
,,,,,,,,,,,,,,,,
,,,,,,,,,,,,,,,,
,,,,,,,,,,,,,,,,
,,,,,,,,,,,,,,,,
,,,,,,,,,,,,,,,,
,,,,,,,,,,,,,,,,
,,,,,,,,,,,,,,,,
,,,,,,,,,,,,,,,,
,,,,,,,,,,,,,,,,
,,,,,,,,,,,,,,,,
,,,,,,,,,,,,,,,,
,,,,,,,,,,,,,,,,
,,,,,,,,,,,,,,,,
,,,,,,,,,,,,,,,,
,,,,,,,,,,,,,,,,
,,,,,,,,,,,,,,,,
,,,,,,,,,,,,,,,,
,,,,,,,,,,,,,,,,
,,,,,,,,,,,,,,,,
,,,,,,,,,,,,,,,,
,,,,,,,,,,,,,,,,
,,,,,,,,,,,,,,,,
,,,,,,,,,,,,,,,,
,,,,,,,,,,,,,,,,
,,,,,,,,,,,,,,,,
,,,,,,,,,,,,,,,,
,,,,,,,,,,,,,,,,
,,,,,,,,,,,,,,,,
,,,,,,,,,,,,,,,,
,,,,,,,,,,,,,,,,
,,,,,,,,,,,,,,,,
,,,,,,,,,,,,,,,,
,,,,,,,,,,,,,,,,
,,,,,,,,,,,,,,,,
,,,,,,,,,,,,,,,,
,,,,,,,,,,,,,,,,
,,,,,,,,,,,,,,,,
,,,,,,,,,,,,,,,,
,,,,,,,,,,,,,,,,
,,,,,,,,,,,,,,,,
,,,,,,,,,,,,,,,,
,,,,,,,,,,,,,,,,
,,,,,,,,,,,,,,,,
,,,,,,,,,,,,,,,,
,,,,,,,,,,,,,,,,
,,,,,,,,,,,,,,,,
,,,,,,,,,,,,,,,,
,,,,,,,,,,,,,,,,
,,,,,,,,,,,,,,,,
,,,,,,,,,,,,,,,,
,,,,,,,,,,,,,,,,
,,,,,,,,,,,,,,,,
,,,,,,,,,,,,,,,,
,,,,,,,,,,,,,,,,
,,,,,,,,,,,,,,,,
,,,,,,,,,,,,,,,,
,,,,,,,,,,,,,,,,
,,,,,,,,,,,,,,,,
,,,,,,,,,,,,,,,,
,,,,,,,,,,,,,,,,
,,,,,,,,,,,,,,,,
,,,,,,,,,,,,,,,,
,,,,,,,,,,,,,,,,
,,,,,,,,,,,,,,,,
,,,,,,,,,,,,,,,,
,,,,,,,,,,,,,,,,
,,,,,,,,,,,,,,,,
,,,,,,,,,,,,,,,,
,,,,,,,,,,,,,,,,
,,,,,,,,,,,,,,,,
,,,,,,,,,,,,,,,,
,,,,,,,,,,,,,,,,
,,,,,,,,,,,,,,,,
,,,,,,,,,,,,,,,,
,,,,,,,,,,,,,,,,
,,,,,,,,,,,,,,,,
,,,,,,,,,,,,,,,,
,,,,,,,,,,,,,,,,
,,,,,,,,,,,,,,,,
,,,,,,,,,,,,,,,,
,,,,,,,,,,,,,,,,
,,,,,,,,,,,,,,,,
,,,,,,,,,,,,,,,,
,,,,,,,,,,,,,,,,
,,,,,,,,,,,,,,,,
,,,,,,,,,,,,,,,,
,,,,,,,,,,,,,,,,
,,,,,,,,,,,,,,,,
,,,,,,,,,,,,,,,,
,,,,,,,,,,,,,,,,
,,,,,,,,,,,,,,,,
,,,,,,,,,,,,,,,,
,,,,,,,,,,,,,,,,
,,,,,,,,,,,,,,,,
,,,,,,,,,,,,,,,,
,,,,,,,,,,,,,,,,
,,,,,,,,,,,,,,,,
,,,,,,,,,,,,,,,,
,,,,,,,,,,,,,,,,
,,,,,,,,,,,,,,,,
,,,,,,,,,,,,,,,,
,,,,,,,,,,,,,,,,
,,,,,,,,,,,,,,,,
,,,,,,,,,,,,,,,,
,,,,,,,,,,,,,,,,
,,,,,,,,,,,,,,,,
,,,,,,,,,,,,,,,,
,,,,,,,,,,,,,,,,
,,,,,,,,,,,,,,,,
,,,,,,,,,,,,,,,,
,,,,,,,,,,,,,,,,
,,,,,,,,,,,,,,,,
,,,,,,,,,,,,,,,,
,,,,,,,,,,,,,,,,
,,,,,,,,,,,,,,,,
,,,,,,,,,,,,,,,,
,,,,,,,,,,,,,,,,
,,,,,,,,,,,,,,,,
,,,,,,,,,,,,,,,,
,,,,,,,,,,,,,,,,
,,,,,,,,,,,,,,,,
,,,,,,,,,,,,,,,,
,,,,,,,,,,,,,,,,
,,,,,,,,,,,,,,,,
,,,,,,,,,,,,,,,,
,,,,,,,,,,,,,,,,
,,,,,,,,,,,,,,,,
,,,,,,,,,,,,,,,,
,,,,,,,,,,,,,,,,
,,,,,,,,,,,,,,,,
,,,,,,,,,,,,,,,,
,,,,,,,,,,,,,,,,
,,,,,,,,,,,,,,,,
,,,,,,,,,,,,,,,,
,,,,,,,,,,,,,,,,
,,,,,,,,,,,,,,,,
,,,,,,,,,,,,,,,,
,,,,,,,,,,,,,,,,
,,,,,,,,,,,,,,,,
,,,,,,,,,,,,,,,,
,,,,,,,,,,,,,,,,
,,,,,,,,,,,,,,,,
,,,,,,,,,,,,,,,,
,,,,,,,,,,,,,,,,
,,,,,,,,,,,,,,,,
,,,,,,,,,,,,,,,,
,,,,,,,,,,,,,,,,
,,,,,,,,,,,,,,,,
,,,,,,,,,,,,,,,,
,,,,,,,,,,,,,,,,
,,,,,,,,,,,,,,,,
,,,,,,,,,,,,,,,,
,,,,,,,,,,,,,,,,
,,,,,,,,,,,,,,,,
,,,,,,,,,,,,,,,,
,,,,,,,,,,,,,,,,
,,,,,,,,,,,,,,,,
,,,,,,,,,,,,,,,,
,,,,,,,,,,,,,,,,
,,,,,,,,,,,,,,,,
,,,,,,,,,,,,,,,,
,,,,,,,,,,,,,,,,
,,,,,,,,,,,,,,,,
,,,,,,,,,,,,,,,,
,,,,,,,,,,,,,,,,
,,,,,,,,,,,,,,,,
,,,,,,,,,,,,,,,,
,,,,,,,,,,,,,,,,
,,,,,,,,,,,,,,,,
,,,,,,,,,,,,,,,,
,,,,,,,,,,,,,,,,
,,,,,,,,,,,,,,,,
,,,,,,,,,,,,,,,,
,,,,,,,,,,,,,,,,
,,,,,,,,,,,,,,,,
,,,,,,,,,,,,,,,,
,,,,,,,,,,,,,,,,
,,,,,,,,,,,,,,,,
,,,,,,,,,,,,,,,,
,,,,,,,,,,,,,,,,
,,,,,,,,,,,,,,,,
,,,,,,,,,,,,,,,,
,,,,,,,,,,,,,,,,
,,,,,,,,,,,,,,,,
,,,,,,,,,,,,,,,,
,,,,,,,,,,,,,,,,
,,,,,,,,,,,,,,,,
,,,,,,,,,,,,,,,,
,,,,,,,,,,,,,,,,
,,,,,,,,,,,,,,,,
,,,,,,,,,,,,,,,,
,,,,,,,,,,,,,,,,
,,,,,,,,,,,,,,,,
,,,,,,,,,,,,,,,,
,,,,,,,,,,,,,,,,
,,,,,,,,,,,,,,,,
,,,,,,,,,,,,,,,,
,,,,,,,,,,,,,,,,
,,,,,,,,,,,,,,,,
,,,,,,,,,,,,,,,,
,,,,,,,,,,,,,,,,
,,,,,,,,,,,,,,,,
,,,,,,,,,,,,,,,,
,,,,,,,,,,,,,,,,
,,,,,,,,,,,,,,,,
,,,,,,,,,,,,,,,,
,,,,,,,,,,,,,,,,
,,,,,,,,,,,,,,,,
,,,,,,,,,,,,,,,,
,,,,,,,,,,,,,,,,
,,,,,,,,,,,,,,,,
,,,,,,,,,,,,,,,,
,,,,,,,,,,,,,,,,
,,,,,,,,,,,,,,,,
,,,,,,,,,,,,,,,,
,,,,,,,,,,,,,,,,
,,,,,,,,,,,,,,,,
,,,,,,,,,,,,,,,,
,,,,,,,,,,,,,,,,
,,,,,,,,,,,,,,,,
,,,,,,,,,,,,,,,,
,,,,,,,,,,,,,,,,
,,,,,,,,,,,,,,,,
,,,,,,,,,,,,,,,,
,,,,,,,,,,,,,,,,
,,,,,,,,,,,,,,,,
,,,,,,,,,,,,,,,,
,,,,,,,,,,,,,,,,
,,,,,,,,,,,,,,,,
,,,,,,,,,,,,,,,,
,,,,,,,,,,,,,,,,
,,,,,,,,,,,,,,,,
,,,,,,,,,,,,,,,,
,,,,,,,,,,,,,,,,
,,,,,,,,,,,,,,,,
,,,,,,,,,,,,,,,,
,,,,,,,,,,,,,,,,
,,,,,,,,,,,,,,,,
,,,,,,,,,,,,,,,,
,,,,,,,,,,,,,,,,
,,,,,,,,,,,,,,,,
,,,,,,,,,,,,,,,,
,,,,,,,,,,,,,,,,
,,,,,,,,,,,,,,,,
,,,,,,,,,,,,,,,,
,,,,,,,,,,,,,,,,
,,,,,,,,,,,,,,,,
,,,,,,,,,,,,,,,,
,,,,,,,,,,,,,,,,
,,,,,,,,,,,,,,,,
,,,,,,,,,,,,,,,,
,,,,,,,,,,,,,,,,
,,,,,,,,,,,,,,,,
,,,,,,,,,,,,,,,,
,,,,,,,,,,,,,,,,
,,,,,,,,,,,,,,,,
,,,,,,,,,,,,,,,,
,,,,,,,,,,,,,,,,
,,,,,,,,,,,,,,,,
,,,,,,,,,,,,,,,,
,,,,,,,,,,,,,,,,
,,,,,,,,,,,,,,,,
,,,,,,,,,,,,,,,,
,,,,,,,,,,,,,,,,
,,,,,,,,,,,,,,,,
,,,,,,,,,,,,,,,,
,,,,,,,,,,,,,,,,
,,,,,,,,,,,,,,,,
,,,,,,,,,,,,,,,,
,,,,,,,,,,,,,,,,
,,,,,,,,,,,,,,,,
,,,,,,,,,,,,,,,,
,,,,,,,,,,,,,,,,
,,,,,,,,,,,,,,,,
,,,,,,,,,,,,,,,,
,,,,,,,,,,,,,,,,
,,,,,,,,,,,,,,,,
,,,,,,,,,,,,,,,,
,,,,,,,,,,,,,,,,
,,,,,,,,,,,,,,,,
,,,,,,,,,,,,,,,,
,,,,,,,,,,,,,,,,
,,,,,,,,,,,,,,,,
,,,,,,,,,,,,,,,,
,,,,,,,,,,,,,,,,
,,,,,,,,,,,,,,,,
,,,,,,,,,,,,,,,,
,,,,,,,,,,,,,,,,
,,,,,,,,,,,,,,,,
,,,,,,,,,,,,,,,,
,,,,,,,,,,,,,,,,
,,,,,,,,,,,,,,,,
,,,,,,,,,,,,,,,,
,,,,,,,,,,,,,,,,
,,,,,,,,,,,,,,,,
,,,,,,,,,,,,,,,,
,,,,,,,,,,,,,,,,
,,,,,,,,,,,,,,,,
,,,,,,,,,,,,,,,,
,,,,,,,,,,,,,,,,
,,,,,,,,,,,,,,,,
,,,,,,,,,,,,,,,,
,,,,,,,,,,,,,,,,
,,,,,,,,,,,,,,,,
,,,,,,,,,,,,,,,,
,,,,,,,,,,,,,,,,
,,,,,,,,,,,,,,,,
,,,,,,,,,,,,,,,,
,,,,,,,,,,,,,,,,
,,,,,,,,,,,,,,,,
,,,,,,,,,,,,,,,,
,,,,,,,,,,,,,,,,
,,,,,,,,,,,,,,,,
,,,,,,,,,,,,,,,,
,,,,,,,,,,,,,,,,
,,,,,,,,,,,,,,,,
,,,,,,,,,,,,,,,,
,,,,,,,,,,,,,,,,
,,,,,,,,,,,,,,,,
,,,,,,,,,,,,,,,,
,,,,,,,,,,,,,,,,
,,,,,,,,,,,,,,,,
,,,,,,,,,,,,,,,,
,,,,,,,,,,,,,,,,
,,,,,,,,,,,,,,,,
,,,,,,,,,,,,,,,,
,,,,,,,,,,,,,,,,
,,,,,,,,,,,,,,,,
,,,,,,,,,,,,,,,,
,,,,,,,,,,,,,,,,
,,,,,,,,,,,,,,,,
,,,,,,,,,,,,,,,,
,,,,,,,,,,,,,,,,
,,,,,,,,,,,,,,,,
,,,,,,,,,,,,,,,,
,,,,,,,,,,,,,,,,
,,,,,,,,,,,,,,,,
,,,,,,,,,,,,,,,,
,,,,,,,,,,,,,,,,
,,,,,,,,,,,,,,,,
,,,,,,,,,,,,,,,,
,,,,,,,,,,,,,,,,
,,,,,,,,,,,,,,,,
,,,,,,,,,,,,,,,,
,,,,,,,,,,,,,,,,
,,,,,,,,,,,,,,,,
,,,,,,,,,,,,,,,,
,,,,,,,,,,,,,,,,
,,,,,,,,,,,,,,,,
,,,,,,,,,,,,,,,,
,,,,,,,,,,,,,,,,
,,,,,,,,,,,,,,,,
,,,,,,,,,,,,,,,,
,,,,,,,,,,,,,,,,
,,,,,,,,,,,,,,,,
,,,,,,,,,,,,,,,,
,,,,,,,,,,,,,,,,
,,,,,,,,,,,,,,,,
,,,,,,,,,,,,,,,,
,,,,,,,,,,,,,,,,
,,,,,,,,,,,,,,,,
,,,,,,,,,,,,,,,,
,,,,,,,,,,,,,,,,
,,,,,,,,,,,,,,,,
,,,,,,,,,,,,,,,,
,,,,,,,,,,,,,,,,
,,,,,,,,,,,,,,,,
,,,,,,,,,,,,,,,,
,,,,,,,,,,,,,,,,
,,,,,,,,,,,,,,,,
,,,,,,,,,,,,,,,,
,,,,,,,,,,,,,,,,
,,,,,,,,,,,,,,,,
,,,,,,,,,,,,,,,,
,,,,,,,,,,,,,,,,
,,,,,,,,,,,,,,,,
,,,,,,,,,,,,,,,,
,,,,,,,,,,,,,,,,
,,,,,,,,,,,,,,,,
,,,,,,,,,,,,,,,,
,,,,,,,,,,,,,,,,
,,,,,,,,,,,,,,,,
,,,,,,,,,,,,,,,,
,,,,,,,,,,,,,,,,
,,,,,,,,,,,,,,,,
,,,,,,,,,,,,,,,,
,,,,,,,,,,,,,,,,
,,,,,,,,,,,,,,,,
,,,,,,,,,,,,,,,,
,,,,,,,,,,,,,,,,
,,,,,,,,,,,,,,,,
,,,,,,,,,,,,,,,,
,,,,,,,,,,,,,,,,
,,,,,,,,,,,,,,,,
,,,,,,,,,,,,,,,,
,,,,,,,,,,,,,,,,
,,,,,,,,,,,,,,,,
,,,,,,,,,,,,,,,,
,,,,,,,,,,,,,,,,
,,,,,,,,,,,,,,,,
,,,,,,,,,,,,,,,,
,,,,,,,,,,,,,,,,
,,,,,,,,,,,,,,,,
,,,,,,,,,,,,,,,,
,,,,,,,,,,,,,,,,
,,,,,,,,,,,,,,,,
,,,,,,,,,,,,,,,,
,,,,,,,,,,,,,,,,
,,,,,,,,,,,,,,,,
,,,,,,,,,,,,,,,,
,,,,,,,,,,,,,,,,
,,,,,,,,,,,,,,,,
,,,,,,,,,,,,,,,,
,,,,,,,,,,,,,,,,
,,,,,,,,,,,,,,,,
,,,,,,,,,,,,,,,,
,,,,,,,,,,,,,,,,
,,,,,,,,,,,,,,,,
,,,,,,,,,,,,,,,,
,,,,,,,,,,,,,,,,
,,,,,,,,,,,,,,,,
,,,,,,,,,,,,,,,,
,,,,,,,,,,,,,,,,
,,,,,,,,,,,,,,,,
,,,,,,,,,,,,,,,,
,,,,,,,,,,,,,,,,
,,,,,,,,,,,,,,,,
,,,,,,,,,,,,,,,,
,,,,,,,,,,,,,,,,
,,,,,,,,,,,,,,,,
,,,,,,,,,,,,,,,,
,,,,,,,,,,,,,,,,
,,,,,,,,,,,,,,,,
,,,,,,,,,,,,,,,,
,,,,,,,,,,,,,,,,
,,,,,,,,,,,,,,,,
,,,,,,,,,,,,,,,,
,,,,,,,,,,,,,,,,
,,,,,,,,,,,,,,,,
,,,,,,,,,,,,,,,,
,,,,,,,,,,,,,,,,
,,,,,,,,,,,,,,,,
,,,,,,,,,,,,,,,,
,,,,,,,,,,,,,,,,
,,,,,,,,,,,,,,,,
,,,,,,,,,,,,,,,,
,,,,,,,,,,,,,,,,
,,,,,,,,,,,,,,,,
,,,,,,,,,,,,,,,,
,,,,,,,,,,,,,,,,
,,,,,,,,,,,,,,,,
,,,,,,,,,,,,,,,,
,,,,,,,,,,,,,,,,
,,,,,,,,,,,,,,,,
,,,,,,,,,,,,,,,,
,,,,,,,,,,,,,,,,
,,,,,,,,,,,,,,,,
,,,,,,,,,,,,,,,,
,,,,,,,,,,,,,,,,
,,,,,,,,,,,,,,,,
,,,,,,,,,,,,,,,,
,,,,,,,,,,,,,,,,
,,,,,,,,,,,,,,,,
,,,,,,,,,,,,,,,,
,,,,,,,,,,,,,,,,
,,,,,,,,,,,,,,,,
,,,,,,,,,,,,,,,,
,,,,,,,,,,,,,,,,
,,,,,,,,,,,,,,,,
,,,,,,,,,,,,,,,,
,,,,,,,,,,,,,,,,
,,,,,,,,,,,,,,,,
,,,,,,,,,,,,,,,,
,,,,,,,,,,,,,,,,
,,,,,,,,,,,,,,,,
,,,,,,,,,,,,,,,,
,,,,,,,,,,,,,,,,
,,,,,,,,,,,,,,,,
,,,,,,,,,,,,,,,,
,,,,,,,,,,,,,,,,
,,,,,,,,,,,,,,,,
,,,,,,,,,,,,,,,,
,,,,,,,,,,,,,,,,
,,,,,,,,,,,,,,,,
,,,,,,,,,,,,,,,,
,,,,,,,,,,,,,,,,
,,,,,,,,,,,,,,,,
,,,,,,,,,,,,,,,,
,,,,,,,,,,,,,,,,
,,,,,,,,,,,,,,,,
,,,,,,,,,,,,,,,,
,,,,,,,,,,,,,,,,
,,,,,,,,,,,,,,,,
,,,,,,,,,,,,,,,,
,,,,,,,,,,,,,,,,
,,,,,,,,,,,,,,,,
,,,,,,,,,,,,,,,,
,,,,,,,,,,,,,,,,
,,,,,,,,,,,,,,,,
,,,,,,,,,,,,,,,,
,,,,,,,,,,,,,,,,
,,,,,,,,,,,,,,,,
,,,,,,,,,,,,,,,,
,,,,,,,,,,,,,,,,
,,,,,,,,,,,,,,,,
,,,,,,,,,,,,,,,,
,,,,,,,,,,,,,,,,
,,,,,,,,,,,,,,,,
,,,,,,,,,,,,,,,,
,,,,,,,,,,,,,,,,
,,,,,,,,,,,,,,,,
,,,,,,,,,,,,,,,,
,,,,,,,,,,,,,,,,
,,,,,,,,,,,,,,,,
,,,,,,,,,,,,,,,,
,,,,,,,,,,,,,,,,
,,,,,,,,,,,,,,,,
,,,,,,,,,,,,,,,,
,,,,,,,,,,,,,,,,
,,,,,,,,,,,,,,,,
,,,,,,,,,,,,,,,,
,,,,,,,,,,,,,,,,
,,,,,,,,,,,,,,,,
,,,,,,,,,,,,,,,,
,,,,,,,,,,,,,,,,
,,,,,,,,,,,,,,,,
,,,,,,,,,,,,,,,,
,,,,,,,,,,,,,,,,
,,,,,,,,,,,,,,,,
,,,,,,,,,,,,,,,,
,,,,,,,,,,,,,,,,
,,,,,,,,,,,,,,,,
,,,,,,,,,,,,,,,,
,,,,,,,,,,,,,,,,
,,,,,,,,,,,,,,,,
,,,,,,,,,,,,,,,,
,,,,,,,,,,,,,,,,
,,,,,,,,,,,,,,,,
,,,,,,,,,,,,,,,,
,,,,,,,,,,,,,,,,
,,,,,,,,,,,,,,,,
,,,,,,,,,,,,,,,,
,,,,,,,,,,,,,,,,
,,,,,,,,,,,,,,,,
,,,,,,,,,,,,,,,,
,,,,,,,,,,,,,,,,
,,,,,,,,,,,,,,,,
,,,,,,,,,,,,,,,,
,,,,,,,,,,,,,,,,
,,,,,,,,,,,,,,,,
,,,,,,,,,,,,,,,,
,,,,,,,,,,,,,,,,
,,,,,,,,,,,,,,,,
,,,,,,,,,,,,,,,,
,,,,,,,,,,,,,,,,
,,,,,,,,,,,,,,,,
,,,,,,,,,,,,,,,,
,,,,,,,,,,,,,,,,
,,,,,,,,,,,,,,,,
,,,,,,,,,,,,,,,,
,,,,,,,,,,,,,,,,
,,,,,,,,,,,,,,,,
,,,,,,,,,,,,,,,,
,,,,,,,,,,,,,,,,
,,,,,,,,,,,,,,,,
,,,,,,,,,,,,,,,,
,,,,,,,,,,,,,,,,
,,,,,,,,,,,,,,,,
,,,,,,,,,,,,,,,,
,,,,,,,,,,,,,,,,
,,,,,,,,,,,,,,,,
,,,,,,,,,,,,,,,,
,,,,,,,,,,,,,,,,
,,,,,,,,,,,,,,,,
,,,,,,,,,,,,,,,,
,,,,,,,,,,,,,,,,
,,,,,,,,,,,,,,,,
,,,,,,,,,,,,,,,,
,,,,,,,,,,,,,,,,
,,,,,,,,,,,,,,,,
,,,,,,,,,,,,,,,,
,,,,,,,,,,,,,,,,
,,,,,,,,,,,,,,,,
,,,,,,,,,,,,,,,,
,,,,,,,,,,,,,,,,
,,,,,,,,,,,,,,,,
,,,,,,,,,,,,,,,,
,,,,,,,,,,,,,,,,
,,,,,,,,,,,,,,,,
,,,,,,,,,,,,,,,,
,,,,,,,,,,,,,,,,
,,,,,,,,,,,,,,,,
,,,,,,,,,,,,,,,,
,,,,,,,,,,,,,,,,
,,,,,,,,,,,,,,,,
,,,,,,,,,,,,,,,,
,,,,,,,,,,,,,,,,
,,,,,,,,,,,,,,,,
,,,,,,,,,,,,,,,,
,,,,,,,,,,,,,,,,
,,,,,,,,,,,,,,,,
,,,,,,,,,,,,,,,,
,,,,,,,,,,,,,,,,
,,,,,,,,,,,,,,,,
,,,,,,,,,,,,,,,,
,,,,,,,,,,,,,,,,
,,,,,,,,,,,,,,,,
,,,,,,,,,,,,,,,,
,,,,,,,,,,,,,,,,
,,,,,,,,,,,,,,,,
,,,,,,,,,,,,,,,,
,,,,,,,,,,,,,,,,
,,,,,,,,,,,,,,,,
,,,,,,,,,,,,,,,,
,,,,,,,,,,,,,,,,
,,,,,,,,,,,,,,,,
,,,,,,,,,,,,,,,,
,,,,,,,,,,,,,,,,
,,,,,,,,,,,,,,,,
,,,,,,,,,,,,,,,,
,,,,,,,,,,,,,,,,
,,,,,,,,,,,,,,,,
,,,,,,,,,,,,,,,,
,,,,,,,,,,,,,,,,
,,,,,,,,,,,,,,,,
,,,,,,,,,,,,,,,,
,,,,,,,,,,,,,,,,
